tiktok,0.01912529846026605
tariffs,0.016227525966286342
tech,0.010431980978326936
crypto,0.008693317481939113
prices,0.008693317481939113
cut,0.006954653985551291
silicon,0.006954653985551291
ban,0.006954653985551291
dow,0.00695465398555129
economist,0.00695465398555129
raise,0.00695465398555129
bitcoin,0.00695465398555129
tesla,0.005795544987959408
apple,0.005795544987959408
trade,0.005795544987959408
economy,0.005740639440704082
-,0.005740639440704082
industrial,0.005215990489163468
nobel,0.005215990489163468
sec,0.005215990489163468
cryptocurrencies,0.005215990489163468
points,0.005215990489163468
benefit,0.005215990489163468
loves,0.005215990489163468
soon,0.005215990489163468
ev,0.005215990489163468
users,0.005215990489163468
drill,0.005215990489163468
home,0.005215990489163468
firms,0.005215990489163468
stock,0.0049205480920320715
elon,0.004636435990367527
valley,0.004636435990367527
musk,0.004636435990367527
media,0.0043227758542668
daily,0.004100456743360059
discover,0.0034773269927756453
jones,0.0034773269927756453
trillion,0.0034773269927756453
tax,0.0034773269927756453
app,0.0034773269927756453
appeal,0.0034773269927756453
page,0.0034773269927756453
butler,0.003477326992775645
incentive,0.003477326992775645
neuron,0.003477326992775645
milei,0.003477326992775645
finishes,0.003477326992775645
sharply,0.003477326992775645
expansion,0.003477326992775645
jpmorgan,0.003477326992775645
cars,0.003477326992775645
newsletters,0.003477326992775645
slap,0.003477326992775645
tj,0.003477326992775645
renegotiated,0.003477326992775645
bracing,0.003477326992775645
impoundment,0.003477326992775645
industry-leading,0.003477326992775645
queens,0.003477326992775645
spike,0.003477326992775645
average,0.003477326992775645
1300,0.003477326992775645
price,0.003477326992775645
deals,0.003477326992775645
05,0.003477326992775645
able,0.003477326992775645
noems,0.003477326992775645
starlink,0.003477326992775645
pointless,0.003477326992775645
administrations,0.003477326992775645
favor,0.003477326992775645
congestion,0.003477326992775645
cruz,0.003477326992775645
suppliers,0.003477326992775645
passport,0.003477326992775645
vehicles,0.003477326992775645
retailers,0.003477326992775645
maxx,0.003477326992775645
touting,0.003477326992775645
valleys,0.003477326992775645
developers,0.003477326992775645
weekly,0.003477326992775645
shares,0.003477326992775645
jamie,0.003477326992775645
trillions,0.003477326992775645
housing,0.003477326992775645
hates,0.003477326992775645
pricing,0.003477326992775645
consumer,0.003477326992775645
chaotic,0.003477326992775645
officially,0.003477326992775645
regulation,0.003477326992775645
conference,0.003477326992775645
dimon,0.003477326992775645
extend,0.003477326992775645
hi,0.003477326992775645
mergers,0.003477326992775645
pencils,0.003477326992775645
surge,0.003477326992775645
exclusive,0.003477326992775645
stocks,0.003477326992775645
enthusiasm,0.003477326992775645
region,0.003477326992775645
savior,0.003477326992775645
possible,0.0032803653946880474
high,0.0032803653946880474
biggest,0.0032803653946880474
through,0.002897772493979704
business,0.002897772493979704
social,0.002897772493979704
newsletter,0.002897772493979704
he,0.0028864421985128515
,0.0027912080398102544
ai,0.0026459053486367805
very,0.0024602740460160357
force,0.0024602740460160357
market,0.0024602740460160357
experts,0.0024602740460160357
platform,0.0024602740460160357
save,0.0024602740460160357
remains,0.0024602740460160357
impact,0.0024602740460160357
trumps,0.002405368498760709
our,0.002405368498760709
their,0.0023578777386909816
billionaires,0.0023182179951837635
black,0.0023182179951837635
actually,0.0023182179951837635
reshape,0.0023182179951837635
baby,0.0023182179951837635
financial,0.0023182179951837635
content,0.0023182179951837635
hopes,0.0023182179951837635
betting,0.0023182179951837635
big,0.0023182179951837635
victory,0.0023182179951837635
xi,0.0023182179951837635
step,0.0023182179951837635
air,0.0023182179951837635
avoid,0.0023182179951837635
unleash,0.0023182179951837635
pointed,0.0023182179951837635
$2,0.0023182179951837635
(reuters),0.0023182179951837635
presidents,0.0023182179951837635
coming,0.0023182179951837635
street,0.0023182179951837635
deal,0.0023182179951837635
discontent,0.0023182179951837635
electric,0.0023182179951837635
cost,0.0023182179951837635
tank,0.0023182179951837635
understand,0.0023182179951837635
affect,0.0023182179951837635
dhs,0.0023182179951837635
paul,0.0023182179951837635
are,0.0022329664318482033
more,0.0021648316488846386
new,0.0021213181102557933
plans,0.0019648981155758177
said,0.0019648981155758177
presidential,0.0019242947990085674
wants,0.0017386634963878227
back,0.0017386634963878227
leaders,0.0017386634963878227
making,0.0017386634963878227
because,0.0017386634963878227
latest,0.0017386634963878227
united,0.0017386634963878227
ahead,0.0017386634963878227
way,0.0017386634963878227
policy,0.0017386634963878227
rally,0.0017386634963878227
call,0.0017386634963878227
wins,0.0017386634963878227
they,0.0017386634963878227
candidate,0.0017386634963878227
political,0.0017386634963878227
economic,0.0017386634963878227
promised,0.0017386634963878227
spending,0.0017386634963878227
major,0.0017386634963878227
internets,0.0017386634963878224
large-scale,0.0017386634963878224
duly,0.0017386634963878224
hochul,0.0017386634963878224
broader,0.0017386634963878224
rises,0.0017386634963878224
alexandria,0.0017386634963878224
advancements,0.0017386634963878224
pilot,0.0017386634963878224
gerdau,0.0017386634963878224
benefited,0.0017386634963878224
merge-all-the-things,0.0017386634963878224
javier,0.0017386634963878224
techmeme,0.0017386634963878224
decker,0.0017386634963878224
congressional,0.0017386634963878224
rallyanna,0.0017386634963878224
extends,0.0017386634963878224
newsletteryou,0.0017386634963878224
companies),0.0017386634963878224
eo,0.0017386634963878224
wasted,0.0017386634963878224
slice,0.0017386634963878224
passes,0.0017386634963878224
spendi,0.0017386634963878224
epoch,0.0017386634963878224
2026,0.0017386634963878224
outlook,0.0017386634963878224
pockets,0.0017386634963878224
rebecca,0.0017386634963878224
corporate,0.0017386634963878224
extended,0.0017386634963878224
easterly,0.0017386634963878224
march,0.0017386634963878224
develop,0.0017386634963878224
60th,0.0017386634963878224
beddoes,0.0017386634963878224
retribution,0.0017386634963878224
putting,0.0017386634963878224
worlds,0.0017386634963878224
trends,0.0017386634963878224
gain,0.0017386634963878224
ea,0.0017386634963878224
overdrive,0.0017386634963878224
baertlein,0.0017386634963878224
minton,0.0017386634963878224
rents,0.0017386634963878224
shorter,0.0017386634963878224
considerable,0.0017386634963878224
vinod,0.0017386634963878224
thanksgiv,0.0017386634963878224
lease,0.0017386634963878224
owns,0.0017386634963878224
fly,0.0017386634963878224
combined,0.0017386634963878224
afp,0.0017386634963878224
slam,0.0017386634963878224
fairgrounds,0.0017386634963878224
8,0.0017386634963878224
spurred,0.0017386634963878224
ink,0.0017386634963878224
akin,0.0017386634963878224
cohen/getty,0.0017386634963878224
trump-spurred,0.0017386634963878224
gensler,0.0017386634963878224
exactly,0.0017386634963878224
at&ampt&gttime,0.0017386634963878224
cisa,0.0017386634963878224
korea,0.0017386634963878224
administrat,0.0017386634963878224
ceokevin,0.0017386634963878224
imports,0.0017386634963878224
delivering,0.0017386634963878224
latino,0.0017386634963878224
sees,0.0017386634963878224
boeing,0.0017386634963878224
plastics,0.0017386634963878224
farm,0.0017386634963878224
spilled,0.0017386634963878224
beyond,0.0017386634963878224
conc,0.0017386634963878224
marking,0.0017386634963878224
rising,0.0017386634963878224
alberto,0.0017386634963878224
trump-whim,0.0017386634963878224
travel,0.0017386634963878224
wong/getty,0.0017386634963878224
opposed,0.0017386634963878224
filings,0.0017386634963878224
markets,0.0017386634963878224
leverages,0.0017386634963878224
buses,0.0017386634963878224
sounding,0.0017386634963878224
twin,0.0017386634963878224
jumps,0.0017386634963878224
drummond,0.0017386634963878224
quietly,0.0017386634963878224
brazilian,0.0017386634963878224
feeds,0.0017386634963878224
though,0.0017386634963878224
cooperation,0.0017386634963878224
corner,0.0017386634963878224
petition,0.0017386634963878224
middle,0.0017386634963878224
grocery,0.0017386634963878224
established,0.0017386634963878224
bankers,0.0017386634963878224
cut-price,0.0017386634963878224
sounds,0.0017386634963878224
reversal,0.0017386634963878224
lower,0.0017386634963878224
sullivan/getty,0.0017386634963878224
khoslakelly,0.0017386634963878224
ocasio-cortez,0.0017386634963878224
credits,0.0017386634963878224
slowly,0.0017386634963878224
prompts,0.0017386634963878224
zanny,0.0017386634963878224
earn,0.0017386634963878224
iphone,0.0017386634963878224
leveraged,0.0017386634963878224
novemberbill,0.0017386634963878224
industr,0.0017386634963878224
wilson,0.0017386634963878224
goods,0.0017386634963878224
rest,0.0017386634963878224
risen,0.0017386634963878224
chose,0.0017386634963878224
lea,0.0017386634963878224
rever,0.0017386634963878224
regulator,0.0017386634963878224
cryptocurrency,0.0017386634963878224
rose,0.0017386634963878224
solar,0.0017386634963878224
(apec),0.0017386634963878224
report,0.0017386634963878224
nashville,0.0017386634963878224
letter,0.0017386634963878224
autonomous,0.0017386634963878224
video-sharing,0.0017386634963878224
inaugurationanalysis,0.0017386634963878224
railed,0.0017386634963878224
$7500,0.0017386634963878224
megabits,0.0017386634963878224
elite,0.0017386634963878224
chase,0.0017386634963878224
emblematic,0.0017386634963878224
venture,0.0017386634963878224
kiss,0.0017386634963878224
notoriously,0.0017386634963878224
tokyo,0.0017386634963878224
surrounding,0.0017386634963878224
revoking,0.0017386634963878224
rocketed,0.0017386634963878224
lisa,0.0017386634963878224
lawrence,0.0017386634963878224
must,0.0017386634963878224
face-to-face,0.0017386634963878224
stamp,0.0017386634963878224
hundred,0.0017386634963878224
bona,0.0017386634963878224
maintain,0.0017386634963878224
catching,0.0017386634963878224
lean,0.0017386634963878224
faithful,0.0017386634963878224
krugman,0.0017386634963878224
sportswear,0.0017386634963878224
/,0.0017386634963878224
kathy,0.0017386634963878224
shocks,0.0017386634963878224
bounce,0.0017386634963878224
consolidation,0.0017386634963878224
gleeful,0.0017386634963878224
dial,0.0017386634963878224
suv,0.0017386634963878224
36%,0.0017386634963878224
shopping,0.0017386634963878224
authored,0.0017386634963878224
citadels,0.0017386634963878224
s&p,0.0017386634963878224
executives,0.0017386634963878224
creators,0.0017386634963878224
zuckerberg,0.0017386634963878224
added,0.0017386634963878224
deficits,0.0017386634963878224
deficit,0.0017386634963878224
roadways,0.0017386634963878224
immigrant,0.0017386634963878224
evacuation,0.0017386634963878224
ce,0.0017386634963878224
others,0.0017386634963878224
plants,0.0017386634963878224
capitalists,0.0017386634963878224
cheering,0.0017386634963878224
yesterdays,0.0017386634963878224
gary,0.0017386634963878224
first-do-no-harm,0.0017386634963878224
bear,0.0017386634963878224
upangela,0.0017386634963878224
bloomb,0.0017386634963878224
15,0.0017386634963878224
shee,0.0017386634963878224
bitcoiners,0.0017386634963878224
working-class,0.0017386634963878224
waterstom,0.0017386634963878224
component,0.0017386634963878224
certain,0.0017386634963878224
lifeline,0.0017386634963878224
laurene,0.0017386634963878224
solidly,0.0017386634963878224
$64b,0.0017386634963878224
weiss,0.0017386634963878224
ferdman/getty,0.0017386634963878224
economists,0.0017386634963878224
campa,0.0017386634963878224
sidelines,0.0017386634963878224
hereov,0.0017386634963878224
asia,0.0017386634963878224
150,0.0017386634963878224
interior,0.0017386634963878224
dietsch/getty,0.0017386634963878224
weiss/afp,0.0017386634963878224
previous,0.0017386634963878224
taxes,0.0017386634963878224
substantia,0.0017386634963878224
fides,0.0017386634963878224
planned,0.0017386634963878224
fate,0.0017386634963878224
admin,0.0017386634963878224
cuts,0.0017386634963878224
congressmember,0.0017386634963878224
contenttype,0.0017386634963878224
increases,0.0017386634963878224
startups,0.0017386634963878224
doge,0.0017386634963878224
production,0.0017386634963878224
isolation,0.0017386634963878224
asia-pacific,0.0017386634963878224
insiders,0.0017386634963878224
imported,0.0017386634963878224
frustrate,0.0017386634963878224
tri,0.0017386634963878224
hype,0.0017386634963878224
presidencyalex,0.0017386634963878224
left-leaning,0.0017386634963878224
reenter,0.0017386634963878224
breaks,0.0017386634963878224
particular,0.0017386634963878224
tagline,0.0017386634963878224
question,0.0017386634963878224
thrive,0.0017386634963878224
$16,0.0017386634963878224
warner&gtdiscovery,0.0017386634963878224
grieving,0.0017386634963878224
zisser/bi,0.0017386634963878224
applying,0.0017386634963878224
artificial,0.0017386634963878224
peru,0.0017386634963878224
design,0.0017386634963878224
bros,0.0017386634963878224
opponents,0.0017386634963878224
messy,0.0017386634963878224
reviving,0.0017386634963878224
insider,0.0017386634963878224
steelmaker,0.0017386634963878224
drilling,0.0017386634963878224
administra,0.0017386634963878224
weather,0.0017386634963878224
sales,0.0017386634963878224
lowers,0.0017386634963878224
istock,0.0017386634963878224
moved,0.0017386634963878224
aoc,0.0017386634963878224
(emphasis,0.0017386634963878224
becomes,0.0017386634963878224
electronics,0.0017386634963878224
brazils,0.0017386634963878224
landscape,0.0017386634963878224
deployment,0.0017386634963878224
ventura,0.0017386634963878224
braskem,0.0017386634963878224
tarif,0.0017386634963878224
domainmeanwhile,0.0017386634963878224
driverless,0.0017386634963878224
focus,0.0017386634963878224
threat,0.0017386634963878224
bro,0.0017386634963878224
etc,0.0017386634963878224
digital,0.0017386634963878224
selling,0.0017386634963878224
easier,0.0017386634963878224
chainsaw,0.0017386634963878224
$100000,0.0017386634963878224
defend,0.0017386634963878224
importers,0.0017386634963878224
1035,0.0017386634963878224
1-day,0.0017386634963878224
sold,0.0017386634963878224
microsoft,0.0017386634963878224
wars,0.0017386634963878224
hurtling,0.0017386634963878224
expert,0.0017386634963878224
unless,0.0017386634963878224
gabriel,0.0017386634963878224
boxy,0.0017386634963878224
cnbc,0.0017386634963878224
revealed,0.0017386634963878224
kirton,0.0017386634963878224
prior,0.0017386634963878224
investors,0.0017386634963878224
intends,0.0017386634963878224
enter,0.0017386634963878224
warner,0.0017386634963878224
musk-inspired,0.0017386634963878224
leaning,0.0017386634963878224
producer,0.0017386634963878224
changer,0.0017386634963878224
af,0.0017386634963878224
hymn,0.0017386634963878224
shock,0.0017386634963878224
products,0.0017386634963878224
3,0.0017386634963878224
removal,0.0017386634963878224
(alexandra,0.0017386634963878224
dating,0.0017386634963878224
tout,0.0017386634963878224
500,0.0017386634963878224
assorted,0.0017386634963878224
3%,0.0017386634963878224
lands,0.0017386634963878224
herehappy,0.0017386634963878224
sao,0.0017386634963878224
hed,0.0017386634963878224
stanley,0.0017386634963878224
airport,0.0017386634963878224
readies,0.0017386634963878224
buy,0.0017386634963878224
araujo,0.0017386634963878224
u,0.0017386634963878224
books,0.0017386634963878224
originally,0.0017386634963878224
boeings,0.0017386634963878224
raging,0.0017386634963878224
dumped,0.0017386634963878224
homegoods,0.0017386634963878224
overflowing,0.0017386634963878224
completely,0.0017386634963878224
links,0.0017386634963878224
post-trump,0.0017386634963878224
available,0.0017386634963878224
cares,0.0017386634963878224
archive,0.0017386634963878224
administ,0.0017386634963878224
re-elected,0.0017386634963878224
considers,0.0017386634963878224
competition,0.0017386634963878224
autozone,0.0017386634963878224
articles,0.0017386634963878224
met,0.0017386634963878224
momentum,0.0017386634963878224
marshalls,0.0017386634963878224
nat,0.0017386634963878224
whilst,0.0017386634963878224
discussed,0.0017386634963878224
embraces,0.0017386634963878224
groceries,0.0017386634963878224
admitted,0.0017386634963878224
y,0.0017386634963878224
broadband,0.0017386634963878224
communica,0.0017386634963878224
linkedin,0.0017386634963878224
exist,0.0017386634963878224
dancing,0.0017386634963878224
else,0.0017386634963878224
permit,0.0017386634963878224
lima,0.0017386634963878224
zaslav,0.0017386634963878224
chicago,0.0017386634963878224
activating,0.0017386634963878224
storm,0.0017386634963878224
feiger,0.0017386634963878224
confident,0.0017386634963878224
influencers,0.0017386634963878224
nears,0.0017386634963878224
supports,0.0017386634963878224
editor-in-chief,0.0017386634963878224
potentially,0.0017386634963878224
commanding,0.0017386634963878224
fantastic,0.0017386634963878224
survivethe,0.0017386634963878224
core,0.0017386634963878224
columbia,0.0017386634963878224
rear,0.0017386634963878224
sang,0.0017386634963878224
jen,0.0017386634963878224
covered,0.0017386634963878224
business-friendly,0.0017386634963878224
revis,0.0017386634963878224
inter,0.0017386634963878224
laguardia,0.0017386634963878224
traveling,0.0017386634963878224
finds,0.0017386634963878224
inflations,0.0017386634963878224
ours)president-elect,0.0017386634963878224
ted,0.0017386634963878224
meeti,0.0017386634963878224
pursued,0.0017386634963878224
advocates,0.0017386634963878224
function,0.0017386634963878224
escalation,0.0017386634963878224
driving,0.0017386634963878224
speculating,0.0017386634963878224
off-road,0.0017386634963878224
polic,0.0017386634963878224
exercises,0.0017386634963878224
steven,0.0017386634963878224
strikingly,0.0017386634963878224
alerigi,0.0017386634963878224
odds,0.0017386634963878224
banks,0.0017386634963878224
attitude,0.0017386634963878224
paulo/washington,0.0017386634963878224
katie,0.0017386634963878224
imposes,0.0017386634963878224
cfo,0.0017386634963878224
reid,0.0017386634963878224
giants,0.0017386634963878224
burgum,0.0017386634963878224
alarm,0.0017386634963878224
magic,0.0017386634963878224
tribune/tnsthis,0.0017386634963878224
efficiencyangela,0.0017386634963878224
honda,0.0017386634963878224
argentina,0.0017386634963878224
leah,0.0017386634963878224
1980s,0.0017386634963878224
cash,0.0017386634963878224
(ev),0.0017386634963878224
happen,0.0017386634963878224
hoffman,0.0017386634963878224
indices,0.0017386634963878224
pugliano/getty,0.0017386634963878224
images,0.0016837579491324965
use,0.0016837579491324965
when,0.0016837579491324965
by,0.0016837579491324965
we,0.0016837579491324965
gov,0.0016401826973440237
getting,0.0016401826973440237
ever,0.0016401826973440237
see,0.0016401826973440237
n,0.0016401826973440237
dept,0.0016401826973440237
while,0.0016401826973440237
popular,0.0016401826973440237
oil,0.0016401826973440237
youre,0.0016401826973440237
sign,0.0016401826973440237
hawk,0.0016401826973440237
win,0.0016401826973440237
shift,0.0016401826973440237
musks,0.0016401826973440237
fox,0.0016401826973440237
businesses,0.0016401826973440237
october,0.0016401826973440237
coverage,0.0016401826973440237
stories,0.0016401826973440237
staff,0.0016401826973440237
million,0.0016401826973440237
department,0.0016401826973440237
expect,0.0016401826973440237
proposed,0.0016401826973440237
industry,0.0016401826973440237
v,0.0016401826973440237
learn,0.0016401826973440237
try,0.0016401826973440237
taps,0.0016401826973440237
just,0.0015719184924606543
even,0.0015719184924606543
news,0.0015719184924606543
toward,0.0015719184924606543
than,0.0015719184924606543
most,0.0015719184924606543
all,0.0014432210992564257
says,0.0014432210992564257
&amp,0.0014432210992564257
down,0.0014432210992564257
this,0.0014432210992564257
after,0.0012281315375165121
part,0.0012026842493803546
words,0.0012026842493803546
information,0.0012026842493803546
store,0.0012026842493803546
(in,0.0012026842493803546
consent,0.0012026842493803546
york,0.0012026842493803546
framework,0.0012026842493803546
transparency,0.0012026842493803546
iab,0.0012026842493803546
partners,0.0012026842493803546
and/or,0.0012026842493803546
237,0.0012026842493803546
one,0.0012026842493803546
2024,0.0012026842493803546
device,0.0012026842493803546
click,0.0012026842493803546
accept,0.0012026842493803546
during,0.0012026842493803546
about,0.0012026842493803546
made,0.0011789388693454908
now,0.0011789388693454908
top,0.0011789388693454908
or,0.0011789388693454908
head,0.0011789388693454908
per,0.0011591089975918818
ch,0.0011591089975918818
game,0.0011591089975918818
food,0.0011591089975918818
pledge,0.0011591089975918818
google,0.0011591089975918818
roundup,0.0011591089975918818
related,0.0011591089975918818
alongside,0.0011591089975918818
elected,0.0011591089975918818
culture,0.0011591089975918818
groups,0.0011591089975918818
august,0.0011591089975918818
various,0.0011591089975918818
angeles,0.0011591089975918818
purchase,0.0011591089975918818
critics,0.0011591089975918818
dressed,0.0011591089975918818
anything,0.0011591089975918818
takes,0.0011591089975918818
tennessee,0.0011591089975918818
whos,0.0011591089975918818
vehicle,0.0011591089975918818
powell,0.0011591089975918818
philadelphia,0.0011591089975918818
although,0.0011591089975918818
weeks,0.0011591089975918818
rogan,0.0011591089975918818
let,0.0011591089975918818
safety,0.0011591089975918818
doesnt,0.0011591089975918818
better,0.0011591089975918818
california,0.0011591089975918818
welcome,0.0011591089975918818
friend,0.0011591089975918818
manufacturing,0.0011591089975918818
griffin,0.0011591089975918818
wind,0.0011591089975918818
congratulate,0.0011591089975918818
doug,0.0011591089975918818
ceos,0.0011591089975918818
capable,0.0011591089975918818
together,0.0011591089975918818
guides,0.0011591089975918818
picked,0.0011591089975918818
dakota,0.0011591089975918818
billions,0.0011591089975918818
talks,0.0011591089975918818
20,0.0011591089975918818
longer,0.0011591089975918818
enough,0.0011591089975918818
devices,0.0011591089975918818
break,0.0011591089975918818
headlines,0.0011591089975918818
uncertainty,0.0011591089975918818
claiming,0.0011591089975918818
search,0.0011591089975918818
lap,0.0011591089975918818
sta,0.0011591089975918818
optimistic,0.0011591089975918818
keeps,0.0011591089975918818
stands,0.0011591089975918818
these,0.0011591089975918818
january,0.0011591089975918818
dollars,0.0011591089975918818
commission,0.0011591089975918818
atlantic,0.0011591089975918818
jinping,0.0011591089975918818
clock,0.0011591089975918818
boosted,0.0011591089975918818
jersey,0.0011591089975918818
seeking,0.0011591089975918818
guy,0.0011591089975918818
wall,0.0011591089975918818
technologies,0.0011591089975918818
handing,0.0011591089975918818
india,0.0011591089975918818
michigan,0.0011591089975918818
opportunity,0.0011591089975918818
urging,0.0011591089975918818
still,0.0011591089975918818
fcc,0.0011591089975918818
paving,0.0011591089975918818
apart,0.0011591089975918818
industrys,0.0011591089975918818
moneymaker/getty,0.0011591089975918818
chinese,0.0011591089975918818
intelligence,0.0011591089975918818
updates,0.0011591089975918818
hits,0.0011591089975918818
work,0.0011591089975918818
come,0.0011591089975918818
gas,0.0011591089975918818
destroys,0.0011591089975918818
backed,0.0011591089975918818
saw,0.0011591089975918818
turning,0.0011591089975918818
long-term,0.0011591089975918818
confirmed,0.0011591089975918818
hit,0.0011591089975918818
company,0.0011591089975918818
energy,0.0011591089975918818
interviews,0.0011591089975918818
prepare,0.0011591089975918818
laying,0.0011591089975918818
dumbest,0.0011591089975918818
reverse,0.0011591089975918818
immediately,0.0011591089975918818
threatening,0.0011591089975918818
democracy,0.0011591089975918818
era,0.0011591089975918818
looming,0.0011591089975918818
data,0.0011591089975918818
ideas,0.0011591089975918818
asian,0.0011591089975918818
comes,0.0011591089975918818
end,0.0011591089975918818
thinking,0.0011591089975918818
deportation,0.0011591089975918818
david,0.0011591089975918818
incoming,0.0011591089975918818
give,0.0011591089975918818
north,0.0011591089975918818
minority,0.0011591089975918818
editorial,0.0011591089975918818
los,0.0011591089975918818
mak,0.0011591089975918818
want,0.0011591089975918818
edition,0.0011591089975918818
gave,0.0011591089975918818
throughout,0.0011591089975918818
long,0.0011591089975918818
human,0.0011591089975918818
democrat,0.0011591089975918818
times,0.0011591089975918818
gop,0.0011591089975918818
due,0.0011591089975918818
trigger,0.0011591089975918818
fundamental,0.0011591089975918818
doing,0.0011591089975918818
site,0.0011591089975918818
considering,0.0011591089975918818
below,0.0011591089975918818
unveiled,0.0011591089975918818
spreading,0.0011591089975918818
ramping,0.0011591089975918818
(bloomberg),0.0011591089975918818
47th,0.0011591089975918818
skip,0.0011591089975918818
drawn,0.0011591089975918818
scrutiny,0.0011591089975918818
table,0.0011591089975918818
version,0.0011591089975918818
according,0.0011591089975918818
record,0.0011591089975918818
independence,0.0011591089975918818
execs,0.0011591089975918818
tell,0.0011591089975918818
manhattan,0.0011591089975918818
join,0.0011591089975918818
40,0.0011591089975918818
automotive,0.0011591089975918818
changes,0.0011591089975918818
leads,0.0011591089975918818
days,0.0011591089975918818
budget,0.0011591089975918818
advice,0.0011591089975918818
ceo,0.0011591089975918818
upend,0.0011591089975918818
technology,0.0011591089975918818
friends,0.0011591089975918818
saying,0.0011591089975918818
[+],0.0011591089975918818
orders,0.0011591089975918818
groundwork,0.0011591089975918818
car,0.0011591089975918818
fellow,0.0011591089975918818
ra,0.0011591089975918818
weve,0.0011591089975918818
indian,0.0011591089975918818
brief,0.0011591089975918818
damage,0.0011591089975918818
overturned,0.0011591089975918818
outside,0.0011591089975918818
people,0.0011591089975918818
apparently,0.0011591089975918818
williams/cq,0.0011591089975918818
journalists,0.0011591089975918818
you,0.0011164832159241017
second,0.0010048348943316916
former,0.0010048348943316916
what,0.0010048348943316916
it,0.0010048348943316916
heres,0.0009621473995042837
plan,0.0009621473995042837
next,0.0009621473995042837
term,0.0009621473995042837
at,0.0008931865727392814
some,0.0008931865727392814
administration,0.0008931865727392814
spacexs,0.0008200913486720118
jobs,0.0008200913486720118
helped,0.0008200913486720118
thousands,0.0008200913486720118
rid,0.0008200913486720118
sen,0.0008200913486720118
ways,0.0008200913486720118
place,0.0008200913486720118
south,0.0008200913486720118
(and,0.0008200913486720118
series,0.0008200913486720118
care,0.0008200913486720118
r,0.0008200913486720118
currently,0.0008200913486720118
afternoon,0.0008200913486720118
electoral,0.0008200913486720118
swing,0.0008200913486720118
july,0.0008200913486720118
rhetoric,0.0008200913486720118
piece,0.0008200913486720118
described,0.0008200913486720118
few,0.0008200913486720118
best,0.0008200913486720118
address,0.0008200913486720118
move,0.0008200913486720118
far,0.0008200913486720118
campaigning,0.0008200913486720118
taking,0.0008200913486720118
stand,0.0008200913486720118
running,0.0008200913486720118
am,0.0008200913486720118
show,0.0008200913486720118
too,0.0008200913486720118
team,0.0008200913486720118
roll,0.0008200913486720118
dont,0.0008200913486720118
citys,0.0008200913486720118
early,0.0008200913486720118
hours,0.0008200913486720118
target,0.0008200913486720118
suddenly,0.0008200913486720118
results,0.0008200913486720118
projected,0.0008200913486720118
prepares,0.0008200913486720118
2nd,0.0008200913486720118
service,0.0008200913486720118
act,0.0008200913486720118
failed,0.0008200913486720118
efforts,0.0008200913486720118
similar,0.0008200913486720118
millions,0.0008200913486720118
criticized,0.0008200913486720118
companies,0.0008200913486720118
clean,0.0008200913486720118
trump-musk,0.0008200913486720118
small,0.0008200913486720118
reelection,0.0008200913486720118
until,0.0008200913486720118
play,0.0008200913486720118
recommends,0.0008200913486720118
michael,0.0008200913486720118
double,0.0008200913486720118
talking,0.0008200913486720118
known,0.0008200913486720118
youd,0.0008200913486720118
internet,0.0008200913486720118
chair,0.0008200913486720118
calling,0.0008200913486720118
looking,0.0008200913486720118
agenda,0.0008200913486720118
speech,0.0008200913486720118
fossil,0.0008200913486720118
going,0.0008200913486720118
range,0.0008200913486720118
poised,0.0008200913486720118
development,0.0008200913486720118
much,0.0008200913486720118
role,0.0008200913486720118
surprise,0.0008200913486720118
statement,0.0008200913486720118
fuel,0.0008200913486720118
reportedly,0.0008200913486720118
recently,0.0008200913486720118
looks,0.0008200913486720118
todays,0.0008200913486720118
direct,0.0008200913486720118
union,0.0008200913486720118
voters,0.0007859592462303272
government,0.0007859592462303272
appeared,0.0007859592462303272
friday,0.0007859592462303272
future,0.0007859592462303272
why,0.0007859592462303272
do,0.0007859592462303272
three,0.0007859592462303272
well,0.0007859592462303272
border,0.0007859592462303272
him,0.0007859592462303272
both,0.0007859592462303272
public,0.0007859592462303272
had,0.0007859592462303272
once,0.0007859592462303272
campaign,0.0007815382511468712
won,0.0007216105496282129
which,0.0007216105496282129
your,0.0007216105496282129
states,0.0007216105496282129
potential,0.0007216105496282129
two,0.0007216105496282129
been,0.0007216105496282129
would,0.0007216105496282129
other,0.0006698899295544611
--,0.0006698899295544611
can,0.0006698899295544611
access,0.0006698899295544611
but,0.0006698899295544611
including,0.0006698899295544611
good,0.0005795544987959409
picks,0.0005795544987959409
rep,0.0005795544987959409
online,0.0005795544987959409
hand,0.0005795544987959409
young,0.0005795544987959409
different,0.0005795544987959409
comments,0.0005795544987959409
think,0.0005795544987959409
watch,0.0005795544987959409
expected,0.0005795544987959409
again,0.0005795544987959409
secretary,0.0005795544987959409
order,0.0005795544987959409
trail,0.0005795544987959409
ken,0.0005795544987959409
defense,0.0005795544987959409
against,0.0005795544987959409
video,0.0005795544987959409
american,0.0005795544987959409
men,0.0005795544987959409
himself,0.0005795544987959409
returns,0.0005795544987959409
list,0.0005795544987959409
members,0.0005795544987959409
left,0.0005795544987959409
10,0.0005795544987959409
sent,0.0005795544987959409
chief,0.0005795544987959409
today,0.0005795544987959409
1,0.0005795544987959409
billionaire,0.0005795544987959409
f,0.0005795544987959409
texas,0.0005795544987959409
2020,0.0005795544987959409
et,0.0005795544987959409
saturday,0.0005795544987959409
mean,0.0005795544987959409
regulations,0.0005795544987959409
shows,0.0005795544987959409
2025,0.0005795544987959409
controversial,0.0005795544987959409
whether,0.0005795544987959409
clear,0.0005795544987959409
previously,0.0005795544987959409
lead,0.0005795544987959409
case,0.0005795544987959409
off,0.0005795544987959409
powerful,0.0005795544987959409
americas,0.0005795544987959409
went,0.0005795544987959409
since,0.0005795544987959409
open,0.0005795544987959409
mark,0.0005795544987959409
fire,0.0005795544987959409
announced,0.0005795544987959409
stop,0.0005795544987959409
only,0.0005795544987959409
real,0.0005795544987959409
may,0.0005582416079620508
out,0.0005582416079620508
also,0.0005582416079620508
under,0.0005582416079620508
around,0.00048107369975214186
claims,0.00048107369975214186
house,0.00048107369975214186
say,0.00048107369975214186
means,0.00048107369975214186
november,0.00048107369975214186
time,0.00048107369975214186
white,0.00048107369975214186
ready,0.00048107369975214186
world,0.00048107369975214186
might,0.00048107369975214186
federal,0.00048107369975214186
make,0.00048107369975214186
day,0.00048107369975214186
like,0.00048107369975214186
first,0.00048107369975214186
republican,0.0004465932863696407
an,0.0004465932863696407
over,0.0004465932863696407
presidency,0.0004465932863696407
its,0.0004465932863696407
any,0.0003929796231151636
promise,0.0003929796231151636
winning,0.0003929796231151636
nearly,0.0003929796231151636
protect,0.0003929796231151636
votes,0.0003929796231151636
policies,0.0003929796231151636
those,0.0003929796231151636
across,0.0003929796231151636
nominee,0.0003929796231151636
county,0.0003929796231151636
history,0.0003929796231151636
become,0.0003929796231151636
transition,0.0003929796231151636
via,0.0003929796231151636
kamala,0.0003929796231151636
democratic,0.0003929796231151636
she,0.0003929796231151636
take,0.0003929796231151636
important,0.0003929796231151636
speaking,0.0003929796231151636
already,0.0003929796231151636
court,0.0003929796231151636
state,0.0003929796231151636
told,0.0003929796231151636
post,0.0003929796231151636
4,0.0003929796231151636
office,0.0003929796231151636
several,0.0003929796231151636
so,0.0003929796231151636
where,0.0003929796231151636
current,0.0003929796231151636
help,0.0003929796231151636
get,0.0003929796231151636
her,0.0003929796231151636
republicans,0.00024053684987607093
pennsylvania,0.00024053684987607093
last,0.00024053684987607093
cabinet,0.00024053684987607093
i,0.00024053684987607093
night,0.00024053684987607093
hes,0.00024053684987607093
country,0.00024053684987607093
reporting,0.00024053684987607093
whats,0.00024053684987607093
sunday,0.00024053684987607093
always,0.00024053684987607093
return,0.00024053684987607093
were,0.00024053684987607093
before,0.00024053684987607093
here,0.00024053684987607093
year,0.00024053684987607093
helps,0.00024053684987607093
bidens,0.00024053684987607093
support,0.00024053684987607093
recent,0.00022329664318482034
harris,0.00022329664318482034
no,0.00022329664318482034
into,0.00022329664318482034
wednesday,0.00022329664318482034
morning,0.00022329664318482034
years,0.00011164832159241017
another,0.00011164832159241017
likely,0.00011164832159241017
key,0.00011164832159241017
