rally,0.00805985093674355
politics,0.006770274786864582
race,0.006770274786864582
carolina,0.006770274786864582
victory,0.006770274786864582
win,0.00638679513589031
this,0.005887447064129468
endorsed,0.005803092674455355
historic,0.005803092674455355
vice,0.005465158479601577
supporters,0.0051583045995158726
kamala,0.005027945801233451
grover,0.00483591056204613
declared,0.00483591056204613
,0.004658071835739159
results,0.004561996525635935
abc,0.004561996525635935
puerto,0.004561996525635935
madison,0.004513516524576388
square,0.004513516524576388
rogan,0.004513516524576388
snl,0.004513516524576388
harris,0.004347533713356549
elon,0.004191122487106646
garden,0.004191122487106646
her,0.0041535204444971986
he,0.004147974067909398
democrats,0.004105796873072343
trumps,0.003880362837721695
2024,0.003880362837721695
st,0.003868728449636904
polls,0.003868728449636904
michigan,0.003868728449636904
my,0.003868728449636904
critical,0.0038687284496369038
editor,0.0038687284496369038
gay,0.0038687284496369038
homes,0.0038687284496369038
fired,0.0038687284496369038
arab,0.0038687284496369038
exit,0.0038687284496369038
endorsement,0.0038687284496369038
steve,0.0038687284496369038
wisconsin,0.0038687284496369038
non-consecutive,0.0038687284496369038
voters,0.003716307766129072
voting,0.003649597220508749
speech,0.003649597220508749
american,0.0035463344121671615
they,0.0035463344121671615
she,0.0034977014269450095
270,0.00322394037469742
cant,0.00322394037469742
project,0.00322394037469742
hinchcliffes,0.00322394037469742
listen,0.00322394037469742
weekend,0.00322394037469742
me,0.00322394037469742
press,0.00322394037469742
west,0.00322394037469742
palm,0.00322394037469742
rico,0.00322394037469742
by,0.0032113347622524375
right,0.003193397567945155
swing,0.003193397567945155
projected,0.003193397567945155
every,0.003193397567945155
tony,0.003193397567945155
at,0.0031053812238261065
presidential,0.003077529147158586
white,0.002943723532064734
back,0.002901546337227678
final,0.002901546337227678
wins,0.002901546337227678
musk,0.002901546337227678
passionate,0.0029015463372276777
fo,0.0029015463372276777
endorse,0.0029015463372276777
iconic,0.0029015463372276777
schwarzman,0.0029015463372276777
cook,0.0029015463372276777
college,0.0029015463372276777
im,0.0029015463372276777
thiel,0.0029015463372276777
eastern,0.0029015463372276777
george,0.0029015463372276777
refused,0.0029015463372276777
endorses,0.0029015463372276777
wing,0.0029015463372276777
cross,0.0029015463372276777
catholic,0.0029015463372276777
44,0.0029015463372276777
based,0.0029015463372276777
live,0.0029015463372276777
local,0.0029015463372276777
milwaukee,0.0029015463372276777
shot,0.0029015463372276777
bad,0.0029015463372276777
loudest,0.0029015463372276777
turned,0.0029015463372276777
m,0.0029015463372276777
ripping,0.0029015463372276777
cuban,0.0029015463372276777
leadership,0.0029015463372276777
terms,0.0029015463372276777
fascist,0.0029015463372276777
telling,0.0029015463372276777
lopez,0.0029015463372276777
porn,0.0029015463372276777
joined,0.0029015463372276777
things,0.0029015463372276777
peter,0.0029015463372276777
roberts,0.0029015463372276777
feel,0.0029015463372276777
apollo,0.0029015463372276777
jennifer,0.0029015463372276777
former,0.002856950725920018
him,0.00284188240939282
electoral,0.0027371979153815616
comedian,0.0027371979153815616
while,0.0027371979153815616
sign,0.0027371979153815616
about,0.002676112301877031
news,0.002623276070208757
article,0.002623276070208757
nov,0.0025791522997579363
moment,0.0025791522997579363
theyre,0.0025791522997579363
watch,0.0025791522997579363
delivered,0.0025791522997579363
members,0.0025791522997579363
nevada,0.0025791522997579363
vance,0.0025791522997579363
leader,0.0025791522997579363
mandate,0.0025791522997579363
star,0.0025791522997579363
signs,0.0025791522997579363
conservative,0.0025791522997579363
fraud,0.0025791522997579363
long,0.0025791522997579363
graham,0.0025791522997579363
shared,0.0025791522997579363
maga,0.0025791522997579363
cast,0.0025791522997579363
we,0.0025423066867831796
part,0.002408501071689328
show,0.0022809982628179677
americans,0.0022809982628179677
beach,0.0022809982628179677
stage,0.0022809982628179677
among,0.0022809982628179677
months,0.0022809982628179677
reelection,0.0022809982628179677
remarks,0.0022809982628179677
t,0.0022809982628179677
go,0.0022809982628179677
saturday,0.002256758262288194
political,0.002256758262288194
north,0.002256758262288194
days,0.002256758262288194
saying,0.002256758262288194
takeaways,0.002186063391840631
house,0.002140889841501625
one,0.002140889841501625
after,0.0021116592322017523
are,0.00204955160772523
says,0.0020070842264077733
states,0.0020070842264077733
or,0.001967457052656568
their,0.001967457052656568
google,0.001934364224818452
got,0.001934364224818452
showing,0.001934364224818452
tech,0.001934364224818452
them,0.001934364224818452
anything,0.001934364224818452
whos,0.001934364224818452
betting,0.001934364224818452
center,0.001934364224818452
elections,0.001934364224818452
men,0.001934364224818452
fact,0.001934364224818452
silicon,0.001934364224818452
jd,0.001934364224818452
inbox,0.001934364224818452
prepare,0.001934364224818452
era,0.001934364224818452
6,0.001934364224818452
claim,0.001934364224818452
hold,0.001934364224818452
allegedly,0.001934364224818452
newsletter,0.001934364224818452
let,0.001934364224818452
winner,0.001934364224818452
pro-trump,0.001934364224818452
serve,0.001934364224818452
working,0.001934364224818452
big,0.001934364224818452
between,0.001934364224818452
step,0.001934364224818452
dc,0.001934364224818452
being,0.001934364224818452
end,0.001934364224818452
pm,0.001934364224818452
elect,0.001934364224818452
tells,0.001934364224818452
absolutely,0.001934364224818452
40,0.001934364224818452
complaint,0.0019343642248184519
jenna,0.0019343642248184519
tim,0.0019343642248184519
nobody,0.0019343642248184519
inner,0.0019343642248184519
stallone,0.0019343642248184519
cl,0.0019343642248184519
whole,0.0019343642248184519
blow,0.0019343642248184519
kushner,0.0019343642248184519
sweeping,0.0019343642248184519
sunny,0.0019343642248184519
buzz,0.0019343642248184519
trum,0.0019343642248184519
eva,0.0019343642248184519
wi,0.0019343642248184519
electing,0.0019343642248184519
include,0.0019343642248184519
daughter,0.0019343642248184519
nicky,0.0019343642248184519
right-wing,0.0019343642248184519
worker,0.0019343642248184519
9000,0.0019343642248184519
includes,0.0019343642248184519
tmz,0.0019343642248184519
extreme,0.0019343642248184519
minnesota,0.0019343642248184519
op-ed,0.0019343642248184519
clevelands,0.0019343642248184519
follows,0.0019343642248184519
australian,0.0019343642248184519
fla,0.0019343642248184519
crowd,0.0019343642248184519
level,0.0019343642248184519
side,0.0019343642248184519
voter,0.0019343642248184519
poll,0.0019343642248184519
longoria,0.0019343642248184519
lady,0.0019343642248184519
michelle,0.0019343642248184519
jam,0.0019343642248184519
declined,0.0019343642248184519
scientific,0.0019343642248184519
feet,0.0019343642248184519
cent,0.0019343642248184519
pennsylv,0.0019343642248184519
twice-weekly,0.0019343642248184519
exotic,0.0019343642248184519
low,0.0019343642248184519
surprised,0.0019343642248184519
defeat,0.0019343642248184519
receive,0.0019343642248184519
cleveland,0.0019343642248184519
loss,0.0019343642248184519
billy,0.0019343642248184519
albanese,0.0019343642248184519
zegler,0.0019343642248184519
grandma,0.0019343642248184519
far-right,0.0019343642248184519
tendencies,0.0019343642248184519
floating,0.0019343642248184519
third,0.0019343642248184519
kash,0.0019343642248184519
yangs,0.0019343642248184519
sylvester,0.0019343642248184519
phil,0.0019343642248184519
concedes,0.0019343642248184519
heard,0.0019343642248184519
brand,0.0019343642248184519
mom,0.0019343642248184519
stood,0.0019343642248184519
legacy,0.0019343642248184519
trump-supporting,0.0019343642248184519
declares,0.0019343642248184519
space,0.0019343642248184519
re-election,0.0019343642248184519
newsweek,0.0019343642248184519
aldrin,0.0019343642248184519
normal,0.0019343642248184519
fec,0.0019343642248184519
bet,0.0019343642248184519
lies,0.0019343642248184519
drew,0.0019343642248184519
rachel,0.0019343642248184519
shouldnt,0.0019343642248184519
perform,0.0019343642248184519
conservatives,0.0019343642248184519
certify,0.0019343642248184519
montage,0.0019343642248184519
overcame,0.0019343642248184519
nfl,0.0019343642248184519
labeling,0.0019343642248184519
jonathan,0.0019343642248184519
wasp,0.0019343642248184519
jared,0.0019343642248184519
joke,0.0019343642248184519
meyers,0.0019343642248184519
dick,0.0019343642248184519
spotify,0.0019343642248184519
panned,0.0019343642248184519
ire,0.0019343642248184519
upto,0.0019343642248184519
especially,0.0019343642248184519
evening,0.0019343642248184519
representative,0.0019343642248184519
reasons,0.0019343642248184519
crucial,0.0019343642248184519
sally,0.0019343642248184519
gone,0.0019343642248184519
themselves,0.0019343642248184519
each,0.0019343642248184519
obama,0.0019343642248184519
arrested,0.0019343642248184519
tool,0.0019343642248184519
blackstone,0.0019343642248184519
circle,0.0019343642248184519
bowen,0.0019343642248184519
toolbox,0.0019343642248184519
seth,0.0019343642248184519
turn,0.0019343642248184519
makes,0.0019343642248184519
played,0.0019343642248184519
maher,0.0019343642248184519
cardi,0.0019343642248184519
field,0.0019343642248184519
moore,0.0019343642248184519
associated,0.0019343642248184519
hot,0.0019343642248184519
jameson,0.0019343642248184519
wherever,0.0019343642248184519
ivanka,0.0019343642248184519
fake,0.0019343642248184519
roaring,0.0019343642248184519
paths,0.0019343642248184519
vincent,0.0019343642248184519
knew,0.0019343642248184519
tied,0.0019343642248184519
drawing,0.0019343642248184519
stupid,0.0019343642248184519
subscribeapple,0.0019343642248184519
82-year-old,0.0019343642248184519
writes,0.0019343642248184519
christian,0.0019343642248184519
read,0.0019343642248184519
securing,0.0019343642248184519
integrity,0.0019343642248184519
safe,0.0019343642248184519
gotten,0.0019343642248184519
inst,0.0019343642248184519
our,0.001873278611313922
use,0.001873278611313922
women,0.0018247986102543745
georgia,0.0018247986102543745
earlier,0.0018247986102543745
late,0.0018247986102543745
know,0.0018247986102543745
called,0.0018247986102543745
garbage,0.0018247986102543745
dont,0.0018247986102543745
florida,0.0018247986102543745
never,0.0018247986102543745
michael,0.0018247986102543745
stories,0.0018247986102543745
cheney,0.0018247986102543745
did,0.0018247986102543745
senate,0.0018247986102543745
an,0.0018011211098191418
state,0.0017488507134725047
most,0.0017488507134725047
just,0.0017488507134725047
told,0.0017488507134725047
all,0.0017394729962200701
&amp,0.0017394729962200701
i,0.0017394729962200701
when,0.0017394729962200701
day,0.0017394729962200701
term,0.0017394729962200701
united,0.00161197018734871
f,0.00161197018734871
against,0.00161197018734871
left,0.00161197018734871
chief,0.00161197018734871
2025,0.00161197018734871
jr,0.00161197018734871
according,0.00161197018734871
accept,0.0016056673811262188
washington,0.0016056673811262188
night,0.0016056673811262188
click,0.0016056673811262188
first,0.0016056673811262188
democratic,0.0015302443742884417
using,0.0015302443742884417
new,0.001490582987436531
words,0.001471861766032367
information,0.001471861766032367
store,0.001471861766032367
consent,0.001471861766032367
transparency,0.001471861766032367
partners,0.001471861766032367
237,0.001471861766032367
device,0.001471861766032367
won,0.001471861766032367
(in,0.001471861766032367
framework,0.001471861766032367
iab,0.001471861766032367
and/or,0.001471861766032367
you,0.001428475362960009
didnt,0.0013685989576907808
run,0.0013685989576907808
july,0.0013685989576907808
monday,0.0013685989576907808
5,0.0013685989576907808
internet,0.0013685989576907808
decision,0.0013685989576907808
million,0.0013685989576907808
attack,0.0013685989576907808
racist,0.0013685989576907808
unprecedented,0.0013685989576907808
party,0.0013685989576907808
helped,0.0013685989576907808
economy,0.0013685989576907808
calls,0.0013685989576907808
month,0.0013685989576907808
possible,0.0013685989576907808
following,0.0013685989576907808
events,0.0013685989576907808
running,0.0013685989576907808
team,0.0013685989576907808
musks,0.0013685989576907808
rights,0.0013685989576907808
try,0.0013685989576907808
j,0.0013685989576907808
support,0.0013380561509385156
where,0.0013116380351043786
set,0.0013116380351043786
week,0.0013116380351043786
get,0.0013116380351043786
patel,0.0012895761498789681
wouldnt,0.0012895761498789681
game,0.0012895761498789681
island,0.0012895761498789681
congratulates,0.0012895761498789681
backfires,0.0012895761498789681
common,0.0012895761498789681
reshape,0.0012895761498789681
vladimir,0.0012895761498789681
hand,0.0012895761498789681
issued,0.0012895761498789681
allegations,0.0012895761498789681
philadelphia,0.0012895761498789681
melania,0.0012895761498789681
l,0.0012895761498789681
making,0.0012895761498789681
c,0.0012895761498789681
ceos,0.0012895761498789681
capable,0.0012895761498789681
gives,0.0012895761498789681
received,0.0012895761498789681
obstacles,0.0012895761498789681
idea,0.0012895761498789681
clock,0.0012895761498789681
start,0.0012895761498789681
deliver,0.0012895761498789681
away,0.0012895761498789681
avoid,0.0012895761498789681
cloud,0.0012895761498789681
mate,0.0012895761498789681
losing,0.0012895761498789681
come,0.0012895761498789681
politician,0.0012895761498789681
lindsey,0.0012895761498789681
challenging,0.0012895761498789681
power,0.0012895761498789681
msg,0.0012895761498789681
meet,0.0012895761498789681
battleground,0.0012895761498789681
convention,0.0012895761498789681
rips,0.0012895761498789681
pay,0.0012895761498789681
jenny,0.0012895761498789681
moon,0.0012895761498789681
woman,0.0012895761498789681
chris,0.0012895761498789681
since,0.0012895761498789681
abortion,0.0012895761498789681
ufc,0.0012895761498789681
reading,0.0012895761498789681
leads,0.0012895761498789681
weve,0.0012895761498789681
paul,0.0012895761498789681
host,0.0012895761498789681
dr,0.0012895761498789681
city,0.0012895761498789681
putin,0.0012895761498789681
rubio,0.0012895761498789681
spent,0.0012895761498789681
arguments,0.0012895761498789681
mind,0.0012895761498789681
leaders,0.0012895761498789681
published,0.0012895761498789681
mexico,0.0012895761498789681
latest,0.0012895761498789681
road,0.0012895761498789681
closing,0.0012895761498789681
granddaughter,0.0012895761498789681
karl,0.0012895761498789681
heads,0.0012895761498789681
way,0.0012895761498789681
chang-rodriguez/bi,0.0012895761498789681
compared,0.0012895761498789681
promoting,0.0012895761498789681
still,0.0012895761498789681
oval,0.0012895761498789681
tradition,0.0012895761498789681
offers,0.0012895761498789681
offered,0.0012895761498789681
voted,0.0012895761498789681
issue,0.0012895761498789681
hurricane,0.0012895761498789681
fema,0.0012895761498789681
event,0.0012895761498789681
david,0.0012895761498789681
robert,0.0012895761498789681
conversation,0.0012895761498789681
want,0.0012895761498789681
hoping,0.0012895761498789681
womens,0.0012895761498789681
legendary,0.0012895761498789681
times,0.0012895761498789681
11,0.0012895761498789681
thinks,0.0012895761498789681
valley,0.0012895761498789681
community,0.0012895761498789681
supervisor,0.0012895761498789681
dana,0.0012895761498789681
really,0.0012895761498789681
town,0.0012895761498789681
only,0.0012895761498789681
advice,0.0012895761498789681
ceo,0.0012895761498789681
shortly,0.0012895761498789681
correspondent,0.0012895761498789681
kennedy,0.0012895761498789681
bill,0.0012895761498789681
groundwork,0.0012895761498789681
meeting,0.0012895761498789681
officials,0.0012895761498789681
test,0.0012895761498789681
standing,0.0012895761498789681
brief,0.0012895761498789681
jake,0.0012895761498789681
people,0.0012895761498789681
does,0.0012895761498789681
endorsements,0.0012895761498789681
images,0.001204250535844664
york,0.001204250535844664
two,0.001204250535844664
been,0.001204250535844664
not,0.0011800448650539205
it,0.0011179372405773983
other,0.0011179372405773983
votes,0.0010930316959203155
mistakes,0.0010930316959203155
experiencegenerate,0.0010930316959203155
said,0.0010930316959203155
had,0.0010930316959203155
match,0.0010930316959203155
improve,0.0010930316959203155
even,0.0010930316959203155
yahoo,0.0010930316959203155
appeared,0.0010930316959203155
info,0.0010930316959203155
now,0.0010930316959203155
take,0.0010930316959203155
message,0.0010930316959203155
generate,0.0010930316959203155
do,0.0010930316959203155
both,0.0010930316959203155
make,0.0010704449207508124
always,0.0010704449207508124
like,0.0010704449207508124
which,0.0010704449207508124
federal,0.0010704449207508124
before,0.0010704449207508124
would,0.0010704449207508124
courts,0.000967182112409226
think,0.000967182112409226
america,0.000967182112409226
because,0.000967182112409226
secretary,0.000967182112409226
ahead,0.000967182112409226
himself,0.000967182112409226
updates,0.000967182112409226
supreme,0.000967182112409226
candidate,0.000967182112409226
off,0.000967182112409226
mark,0.000967182112409226
issues,0.000967182112409226
rfk,0.000967182112409226
major,0.000967182112409226
good,0.000967182112409226
allies,0.000967182112409226
ago,0.000967182112409226
billionaire,0.000967182112409226
et,0.000967182112409226
gop,0.000967182112409226
check,0.000967182112409226
despite,0.000967182112409226
splits,0.0009671821124092259
toni,0.0009671821124092259
bested,0.0009671821124092259
discretionary,0.0009671821124092259
jeffries,0.0009671821124092259
cutt,0.0009671821124092259
flashed,0.0009671821124092259
hostins,0.0009671821124092259
seizes,0.0009671821124092259
confronted,0.0009671821124092259
obamas,0.0009671821124092259
robust,0.0009671821124092259
outgoing,0.0009671821124092259
celebrate,0.0009671821124092259
struggles,0.0009671821124092259
truly,0.0009671821124092259
music,0.0009671821124092259
threshold,0.0009671821124092259
60,0.0009671821124092259
takedown,0.0009671821124092259
shocking,0.0009671821124092259
fbi,0.0009671821124092259
bef,0.0009671821124092259
certainly,0.0009671821124092259
thomas,0.0009671821124092259
impersonation,0.0009671821124092259
decisive,0.0009671821124092259
hard,0.0009671821124092259
introducing,0.0009671821124092259
herself,0.0009671821124092259
worked,0.0009671821124092259
insane,0.0009671821124092259
represent,0.0009671821124092259
soon-to-be,0.0009671821124092259
2024ap,0.0009671821124092259
elector,0.0009671821124092259
defensive,0.0009671821124092259
congratulations,0.0009671821124092259
tweet,0.0009671821124092259
repeated,0.0009671821124092259
opus,0.0009671821124092259
czar,0.0009671821124092259
morrison,0.0009671821124092259
walkout,0.0009671821124092259
cohen,0.0009671821124092259
bunny,0.0009671821124092259
arrives,0.0009671821124092259
expects,0.0009671821124092259
uneducated,0.0009671821124092259
úisland,0.0009671821124092259
ive,0.0009671821124092259
conor,0.0009671821124092259
ass,0.0009671821124092259
stronghold,0.0009671821124092259
repu,0.0009671821124092259
enthusiast,0.0009671821124092259
rudolphs,0.0009671821124092259
$3m,0.0009671821124092259
wish,0.0009671821124092259
widespread,0.0009671821124092259
neck-and-neck,0.0009671821124092259
1892,0.0009671821124092259
nasas,0.0009671821124092259
smooth,0.0009671821124092259
hackish,0.0009671821124092259
comparisons,0.0009671821124092259
memes,0.0009671821124092259
providence,0.0009671821124092259
sons,0.0009671821124092259
seized,0.0009671821124092259
advantage,0.0009671821124092259
dave,0.0009671821124092259
spectacularly,0.0009671821124092259
newsweekcom,0.0009671821124092259
groveling,0.0009671821124092259
broadcasting,0.0009671821124092259
bide,0.0009671821124092259
poli,0.0009671821124092259
<u,0.0009671821124092259
threatened,0.0009671821124092259
joy,0.0009671821124092259
recommendations,0.0009671821124092259
mine,0.0009671821124092259
apologizes,0.0009671821124092259
manchin,0.0009671821124092259
86%,0.0009671821124092259
endlessly,0.0009671821124092259
i-hope-you-like-being-ripped-off-by-comcast,0.0009671821124092259
broadway,0.0009671821124092259
krust,0.0009671821124092259
taught,0.0009671821124092259
moving,0.0009671821124092259
subvert,0.0009671821124092259
armond/los,0.0009671821124092259
complex,0.0009671821124092259
study,0.0009671821124092259
hurricanes,0.0009671821124092259
frustrated,0.0009671821124092259
dash,0.0009671821124092259
values,0.0009671821124092259
squirms,0.0009671821124092259
inflation,0.0009671821124092259
display,0.0009671821124092259
ripped,0.0009671821124092259
segregated,0.0009671821124092259
frenzied,0.0009671821124092259
doling,0.0009671821124092259
western,0.0009671821124092259
agencys,0.0009671821124092259
ignominy,0.0009671821124092259
notable,0.0009671821124092259
fervent,0.0009671821124092259
cleans,0.0009671821124092259
lose,0.0009671821124092259
denies,0.0009671821124092259
arguing,0.0009671821124092259
*,0.0009671821124092259
pledges,0.0009671821124092259
tall,0.0009671821124092259
blesses,0.0009671821124092259
typical,0.0009671821124092259
methodology,0.0009671821124092259
pizzas,0.0009671821124092259
radically,0.0009671821124092259
bluesky,0.0009671821124092259
smith,0.0009671821124092259
degrees,0.0009671821124092259
videos,0.0009671821124092259
adminis,0.0009671821124092259
interfering,0.0009671821124092259
roasts,0.0009671821124092259
curry,0.0009671821124092259
úhe,0.0009671821124092259
whammy,0.0009671821124092259
item,0.0009671821124092259
politically,0.0009671821124092259
demonized,0.0009671821124092259
talked,0.0009671821124092259
minimal,0.0009671821124092259
react,0.0009671821124092259
participate,0.0009671821124092259
laura,0.0009671821124092259
post-election,0.0009671821124092259
electrifying,0.0009671821124092259
fade,0.0009671821124092259
allegiance,0.0009671821124092259
believed,0.0009671821124092259
las,0.0009671821124092259
ramped-up,0.0009671821124092259
trumpgetty,0.0009671821124092259
investments,0.0009671821124092259
prosperity,0.0009671821124092259
battlegr,0.0009671821124092259
theyll,0.0009671821124092259
(yes,0.0009671821124092259
inve,0.0009671821124092259
distance,0.0009671821124092259
grew,0.0009671821124092259
players,0.0009671821124092259
wally,0.0009671821124092259
luzerne,0.0009671821124092259
unpaid,0.0009671821124092259
evolution,0.0009671821124092259
polices,0.0009671821124092259
birthday,0.0009671821124092259
african,0.0009671821124092259
freedom,0.0009671821124092259
invested,0.0009671821124092259
pressing,0.0009671821124092259
pivot,0.0009671821124092259
showplace,0.0009671821124092259
weiss/afp/getty,0.0009671821124092259
alone,0.0009671821124092259
tar,0.0009671821124092259
prevail,0.0009671821124092259
commending,0.0009671821124092259
sticking,0.0009671821124092259
mars,0.0009671821124092259
maps,0.0009671821124092259
sprint,0.0009671821124092259
flexing,0.0009671821124092259
posse,0.0009671821124092259
cringe,0.0009671821124092259
someone,0.0009671821124092259
agent,0.0009671821124092259
scripted,0.0009671821124092259
fondness,0.0009671821124092259
cheers,0.0009671821124092259
stole,0.0009671821124092259
shitty,0.0009671821124092259
survey,0.0009671821124092259
chorus,0.0009671821124092259
astra,0.0009671821124092259
antecedent,0.0009671821124092259
seated,0.0009671821124092259
mcgregor,0.0009671821124092259
impromptu,0.0009671821124092259
southwest,0.0009671821124092259
significance,0.0009671821124092259
accusations,0.0009671821124092259
arrived,0.0009671821124092259
wielding,0.0009671821124092259
advising,0.0009671821124092259
drum,0.0009671821124092259
polling,0.0009671821124092259
note,0.0009671821124092259
pounded,0.0009671821124092259
headwinds,0.0009671821124092259
preserve,0.0009671821124092259
texting,0.0009671821124092259
halt,0.0009671821124092259
27,0.0009671821124092259
resuming,0.0009671821124092259
bannons,0.0009671821124092259
sits,0.0009671821124092259
jab,0.0009671821124092259
judiciary,0.0009671821124092259
concerns,0.0009671821124092259
wholly,0.0009671821124092259
albuquerques,0.0009671821124092259
wait,0.0009671821124092259
fusco,0.0009671821124092259
hostin,0.0009671821124092259
instead,0.0009671821124092259
kn,0.0009671821124092259
unde,0.0009671821124092259
activists,0.0009671821124092259
le,0.0009671821124092259
projects,0.0009671821124092259
supermajority,0.0009671821124092259
upon,0.0009671821124092259
landing,0.0009671821124092259
trashing,0.0009671821124092259
personally,0.0009671821124092259
responders,0.0009671821124092259
divided,0.0009671821124092259
searches,0.0009671821124092259
news/ipsos,0.0009671821124092259
stat,0.0009671821124092259
reggaeton,0.0009671821124092259
inspect,0.0009671821124092259
forth,0.0009671821124092259
dawn,0.0009671821124092259
finally,0.0009671821124092259
blocks,0.0009671821124092259
occupying,0.0009671821124092259
thrown,0.0009671821124092259
spirals,0.0009671821124092259
states<,0.0009671821124092259
deeper,0.0009671821124092259
result,0.0009671821124092259
map,0.0009671821124092259
aka,0.0009671821124092259
baron,0.0009671821124092259
hotly,0.0009671821124092259
rooftop,0.0009671821124092259
indeed,0.0009671821124092259
backlit,0.0009671821124092259
product,0.0009671821124092259
dad,0.0009671821124092259
ephemera,0.0009671821124092259
broadcast,0.0009671821124092259
neared,0.0009671821124092259
extremists,0.0009671821124092259
fusaro,0.0009671821124092259
impassioned,0.0009671821124092259
anthony,0.0009671821124092259
featured,0.0009671821124092259
divisions,0.0009671821124092259
became,0.0009671821124092259
thought,0.0009671821124092259
landslide,0.0009671821124092259
mcgillins,0.0009671821124092259
primary,0.0009671821124092259
pointing,0.0009671821124092259
scares,0.0009671821124092259
certified,0.0009671821124092259
inherently,0.0009671821124092259
perennially,0.0009671821124092259
19,0.0009671821124092259
nationally,0.0009671821124092259
sorts,0.0009671821124092259
parents,0.0009671821124092259
frequent,0.0009671821124092259
unlikely,0.0009671821124092259
hilariously,0.0009671821124092259
smiling,0.0009671821124092259
oldest,0.0009671821124092259
bass-thumping,0.0009671821124092259
shoc,0.0009671821124092259
sucked,0.0009671821124092259
narrowing,0.0009671821124092259
dragging,0.0009671821124092259
francisco,0.0009671821124092259
knuckling,0.0009671821124092259
loyalty,0.0009671821124092259
image,0.0009671821124092259
snub,0.0009671821124092259
president-ele,0.0009671821124092259
constituency,0.0009671821124092259
constitution,0.0009671821124092259
nor,0.0009671821124092259
nazi,0.0009671821124092259
ear,0.0009671821124092259
dts,0.0009671821124092259
cathy,0.0009671821124092259
crisscross,0.0009671821124092259
útough,0.0009671821124092259
531,0.0009671821124092259
ranks,0.0009671821124092259
helmuth,0.0009671821124092259
mad,0.0009671821124092259
pieces,0.0009671821124092259
hate-filled,0.0009671821124092259
vs,0.0009671821124092259
remarkable,0.0009671821124092259
doors,0.0009671821124092259
followed,0.0009671821124092259
tressie,0.0009671821124092259
impression,0.0009671821124092259
snapped,0.0009671821124092259
institutionalist,0.0009671821124092259
cottom,0.0009671821124092259
reader,0.0009671821124092259
transfer,0.0009671821124092259
condemning,0.0009671821124092259
returning,0.0009671821124092259
checks,0.0009671821124092259
úive,0.0009671821124092259
relocated,0.0009671821124092259
aint,0.0009671821124092259
defined,0.0009671821124092259
basically,0.0009671821124092259
wont,0.0009671821124092259
mcgraw,0.0009671821124092259
assault,0.0009671821124092259
2,0.0009671821124092259
triumph,0.0009671821124092259
proved,0.0009671821124092259
termthus,0.0009671821124092259
revenge,0.0009671821124092259
relentless,0.0009671821124092259
approach,0.0009671821124092259
flouted,0.0009671821124092259
tight,0.0009671821124092259
chevron,0.0009671821124092259
transcript,0.0009671821124092259
wh,0.0009671821124092259
last-minute,0.0009671821124092259
immunity,0.0009671821124092259
blessed,0.0009671821124092259
heroes,0.0009671821124092259
coalition,0.0009671821124092259
washingtons,0.0009671821124092259
sticks,0.0009671821124092259
find,0.0009671821124092259
loses,0.0009671821124092259
advancement,0.0009671821124092259
problematic,0.0009671821124092259
gains,0.0009671821124092259
decide,0.0009671821124092259
<l,0.0009671821124092259
sift,0.0009671821124092259
scorches,0.0009671821124092259
pull,0.0009671821124092259
storied,0.0009671821124092259
registered,0.0009671821124092259
screen,0.0009671821124092259
motivate,0.0009671821124092259
oilfield,0.0009671821124092259
grandson,0.0009671821124092259
swung,0.0009671821124092259
debate,0.0009671821124092259
fìk,0.0009671821124092259
high-profile,0.0009671821124092259
latin,0.0009671821124092259
right),0.0009671821124092259
shit,0.0009671821124092259
mcmillan,0.0009671821124092259
stopped,0.0009671821124092259
(r-fl),0.0009671821124092259
assaulting,0.0009671821124092259
applewhite,0.0009671821124092259
harris-walz,0.0009671821124092259
self-,0.0009671821124092259
hide,0.0009671821124092259
resigns,0.0009671821124092259
explaining,0.0009671821124092259
tomorrow,0.0009671821124092259
825,0.0009671821124092259
celebrations,0.0009671821124092259
raucous,0.0009671821124092259
concession,0.0009671821124092259
within,0.0009671821124092259
nyc,0.0009671821124092259
2017,0.0009671821124092259
contested,0.0009671821124092259
strategist,0.0009671821124092259
dominated,0.0009671821124092259
sledding,0.0009671821124092259
involve,0.0009671821124092259
erosion,0.0009671821124092259
doornail,0.0009671821124092259
420,0.0009671821124092259
nearby,0.0009671821124092259
taylor,0.0009671821124092259
peaceful,0.0009671821124092259
parties,0.0009671821124092259
gallo,0.0009671821124092259
essay,0.0009671821124092259
attributed,0.0009671821124092259
handwringing,0.0009671821124092259
healthy,0.0009671821124092259
president-,0.0009671821124092259
balances,0.0009671821124092259
answer,0.0009671821124092259
mention,0.0009671821124092259
meanest,0.0009671821124092259
bills,0.0009671821124092259
cards,0.0009671821124092259
globe,0.0009671821124092259
vain,0.0009671821124092259
conservati,0.0009671821124092259
essentially,0.0009671821124092259
somewhat,0.0009671821124092259
vocals,0.0009671821124092259
shortage,0.0009671821124092259
arm,0.0009671821124092259
frontman,0.0009671821124092259
albuquerque,0.0009671821124092259
hate,0.0009671821124092259
simpsons,0.0009671821124092259
groused,0.0009671821124092259
hayes,0.0009671821124092259
prevailed,0.0009671821124092259
greenberg,0.0009671821124092259
laundry,0.0009671821124092259
auditorium,0.0009671821124092259
privilege,0.0009671821124092259
yard,0.0009671821124092259
axelrod,0.0009671821124092259
pressed,0.0009671821124092259
frenzy,0.0009671821124092259
gross,0.0009671821124092259
immense,0.0009671821124092259
ties,0.0009671821124092259
electorally,0.0009671821124092259
offended,0.0009671821124092259
stump,0.0009671821124092259
superior,0.0009671821124092259
stops,0.0009671821124092259
agains,0.0009671821124092259
úfuck,0.0009671821124092259
pets,0.0009671821124092259
evangelist,0.0009671821124092259
podcaster,0.0009671821124092259
circles,0.0009671821124092259
sacks,0.0009671821124092259
astronaut,0.0009671821124092259
clown,0.0009671821124092259
predicted,0.0009671821124092259
50-50,0.0009671821124092259
charlotte-born,0.0009671821124092259
date,0.0009671821124092259
pro-abortion,0.0009671821124092259
booth,0.0009671821124092259
empty,0.0009671821124092259
detroit,0.0009671821124092259
rebuke,0.0009671821124092259
photo/evan,0.0009671821124092259
dance,0.0009671821124092259
racially,0.0009671821124092259
convince,0.0009671821124092259
excerpted,0.0009671821124092259
pundits,0.0009671821124092259
rodgers,0.0009671821124092259
avid,0.0009671821124092259
cited,0.0009671821124092259
30,0.0009671821124092259
urges,0.0009671821124092259
investigation,0.0009671821124092259
poin,0.0009671821124092259
van,0.0009671821124092259
anti-trump,0.0009671821124092259
hispanic-majority,0.0009671821124092259
believe,0.0009671821124092259
festooned,0.0009671821124092259
1885-1889,0.0009671821124092259
dramatically,0.0009671821124092259
exposure,0.0009671821124092259
excitement,0.0009671821124092259
pose,0.0009671821124092259
sola,0.0009671821124092259
predicts,0.0009671821124092259
hometown,0.0009671821124092259
screens,0.0009671821124092259
bully,0.0009671821124092259
remnick,0.0009671821124092259
nowinski,0.0009671821124092259
forward,0.0009671821124092259
cult,0.0009671821124092259
hosted,0.0009671821124092259
contempt,0.0009671821124092259
reno,0.0009671821124092259
efficient,0.0009671821124092259
disaster,0.0009671821124092259
substantial,0.0009671821124092259
surveyas,0.0009671821124092259
traditionally,0.0009671821124092259
apology,0.0009671821124092259
dove,0.0009671821124092259
mcmorris,0.0009671821124092259
tuition,0.0009671821124092259
tiger,0.0009671821124092259
showcasing,0.0009671821124092259
boot,0.0009671821124092259
countless,0.0009671821124092259
concerned,0.0009671821124092259
kam,0.0009671821124092259
advertisement,0.0009671821124092259
fast,0.0009671821124092259
forced,0.0009671821124092259
self-preservation,0.0009671821124092259
mostly,0.0009671821124092259
response,0.0009671821124092259
finger-pointing,0.0009671821124092259
ale,0.0009671821124092259
abo,0.0009671821124092259
altercation,0.0009671821124092259
explorers,0.0009671821124092259
rescinding,0.0009671821124092259
1789,0.0009671821124092259
somebody,0.0009671821124092259
vox,0.0009671821124092259
resigned,0.0009671821124092259
run-up,0.0009671821124092259
electionanna,0.0009671821124092259
on-field,0.0009671821124092259
hurt,0.0009671821124092259
comparing,0.0009671821124092259
retirement,0.0009671821124092259
bosa,0.0009671821124092259
bonkers,0.0009671821124092259
eagles,0.0009671821124092259
schedule,0.0009671821124092259
aggressive,0.0009671821124092259
hilarious,0.0009671821124092259
trumpwho,0.0009671821124092259
gambit,0.0009671821124092259
highlight,0.0009671821124092259
vermont,0.0009671821124092259
kentucky,0.0009671821124092259
debates,0.0009671821124092259
jim,0.0009671821124092259
retracts,0.0009671821124092259
falsely,0.0009671821124092259
imagine,0.0009671821124092259
essential,0.0009671821124092259
úirish,0.0009671821124092259
season,0.0009671821124092259
chatting,0.0009671821124092259
extending,0.0009671821124092259
halloween,0.0009671821124092259
moist,0.0009671821124092259
squarely,0.0009671821124092259
exact,0.0009671821124092259
cont,0.0009671821124092259
reclaim,0.0009671821124092259
classified,0.0009671821124092259
president-elects,0.0009671821124092259
bloc,0.0009671821124092259
olde,0.0009671821124092259
coco,0.0009671821124092259
overcome,0.0009671821124092259
mere,0.0009671821124092259
depend,0.0009671821124092259
surviving,0.0009671821124092259
wednesdays,0.0009671821124092259
surpass,0.0009671821124092259
life,0.0009671821124092259
(working,0.0009671821124092259
trump-harris,0.0009671821124092259
difference,0.0009671821124092259
closest,0.0009671821124092259
stunt,0.0009671821124092259
derailed,0.0009671821124092259
pitch,0.0009671821124092259
viewed,0.0009671821124092259
suspected,0.0009671821124092259
decided,0.0009671821124092259
metal,0.0009671821124092259
geraldo,0.0009671821124092259
false,0.0009671821124092259
carolinas,0.0009671821124092259
voice,0.0009671821124092259
terry,0.0009671821124092259
alyssa,0.0009671821124092259
opens,0.0009671821124092259
lengthy,0.0009671821124092259
dumb,0.0009671821124092259
absolut,0.0009671821124092259
$100,0.0009671821124092259
insi,0.0009671821124092259
regular,0.0009671821124092259
expanded,0.0009671821124092259
extent,0.0009671821124092259
reality,0.0009671821124092259
pushing,0.0009671821124092259
broken,0.0009671821124092259
surging,0.0009671821124092259
advance,0.0009671821124092259
fierce,0.0009671821124092259
biracial,0.0009671821124092259
handful,0.0009671821124092259
tweets,0.0009671821124092259
delivers,0.0009671821124092259
can-we-stop-the-stupidity,0.0009671821124092259
contrasting,0.0009671821124092259
trap,0.0009671821124092259
competitive,0.0009671821124092259
in-person,0.0009671821124092259
resounding,0.0009671821124092259
package,0.0009671821124092259
pastor,0.0009671821124092259
klinkenborg,0.0009671821124092259
68,0.0009671821124092259
ricos,0.0009671821124092259
stints,0.0009671821124092259
collective,0.0009671821124092259
trumpìkamala,0.0009671821124092259
49ers,0.0009671821124092259
faith,0.0009671821124092259
calculus,0.0009671821124092259
ticking,0.0009671821124092259
leaving,0.0009671821124092259
circled,0.0009671821124092259
neutrality,0.0009671821124092259
li,0.0009671821124092259
september,0.0009671821124092259
backing,0.0009671821124092259
relying,0.0009671821124092259
braces,0.0009671821124092259
phone-bankers,0.0009671821124092259
transit,0.0009671821124092259
gained,0.0009671821124092259
survivors,0.0009671821124092259
retaliation,0.0009671821124092259
verlyn,0.0009671821124092259
hereth,0.0009671821124092259
income,0.0009671821124092259
fas,0.0009671821124092259
attention,0.0009671821124092259
unable,0.0009671821124092259
anne,0.0009671821124092259
deletes,0.0009671821124092259
numerical,0.0009671821124092259
npr,0.0009671821124092259
shown,0.0009671821124092259
vetting,0.0009671821124092259
well-being,0.0009671821124092259
effective,0.0009671821124092259
celebrating,0.0009671821124092259
eating,0.0009671821124092259
experience,0.0009671821124092259
bezos,0.0009671821124092259
photo/j,0.0009671821124092259
casting,0.0009671821124092259
slots,0.0009671821124092259
filing,0.0009671821124092259
margins,0.0009671821124092259
percentage,0.0009671821124092259
initiatives,0.0009671821124092259
shook,0.0009671821124092259
cleve,0.0009671821124092259
prom,0.0009671821124092259
isol,0.0009671821124092259
unemployment,0.0009671821124092259
spain,0.0009671821124092259
everyone,0.0009671821124092259
interpret,0.0009671821124092259
rallys,0.0009671821124092259
underway,0.0009671821124092259
crus,0.0009671821124092259
loyal,0.0009671821124092259
throwing,0.0009671821124092259
san,0.0009671821124092259
hurricane-ravaged,0.0009671821124092259
concept,0.0009671821124092259
locked,0.0009671821124092259
uncertain,0.0009671821124092259
boost,0.0009671821124092259
messages,0.0009671821124092259
e,0.0009671821124092259
scientist,0.0009671821124092259
starts,0.0009671821124092259
bellwethers,0.0009671821124092259
fears,0.0009671821124092259
promises,0.0009671821124092259
insulted,0.0009671821124092259
unmitigated,0.0009671821124092259
seriously,0.0009671821124092259
$130,0.0009671821124092259
sense,0.0009671821124092259
vegas,0.0009671821124092259
finish,0.0009671821124092259
jurists,0.0009671821124092259
par,0.0009671821124092259
capital,0.0009671821124092259
behavior,0.0009671821124092259
populace,0.0009671821124092259
growth,0.0009671821124092259
bitterly,0.0009671821124092259
keys,0.0009671821124092259
fair,0.0009671821124092259
campus,0.0009671821124092259
rough,0.0009671821124092259
powers,0.0009671821124092259
reaction,0.0009671821124092259
nick,0.0009671821124092259
bar,0.0009671821124092259
believes,0.0009671821124092259
oakland,0.0009671821124092259
$3,0.0009671821124092259
collapse,0.0009671821124092259
rico-slandering,0.0009671821124092259
column,0.0009671821124092259
campai,0.0009671821124092259
bucket-list,0.0009671821124092259
fans,0.0009671821124092259
reshaped,0.0009671821124092259
headed,0.0009671821124092259
since-deleted,0.0009671821124092259
chance,0.0009671821124092259
astronauts,0.0009671821124092259
orderhe,0.0009671821124092259
heel,0.0009671821124092259
bizarrely,0.0009671821124092259
replied,0.0009671821124092259
lay,0.0009671821124092259
latina,0.0009671821124092259
hakeem,0.0009671821124092259
hotel,0.0009671821124092259
compelling,0.0009671821124092259
vucci,0.0009671821124092259
ride,0.0009671821124092259
liberals,0.0009671821124092259
realize,0.0009671821124092259
swelling,0.0009671821124092259
gather,0.0009671821124092259
45th,0.0009671821124092259
neither,0.0009671821124092259
comca,0.0009671821124092259
roundtable,0.0009671821124092259
evolved,0.0009671821124092259
alive,0.0009671821124092259
maya,0.0009671821124092259
tradwives,0.0009671821124092259
electiongetty,0.0009671821124092259
riveras,0.0009671821124092259
round,0.0009671821124092259
mental,0.0009671821124092259
scathing,0.0009671821124092259
writers,0.0009671821124092259
vying,0.0009671821124092259
credited,0.0009671821124092259
cold,0.0009671821124092259
understandably,0.0009671821124092259
architect,0.0009671821124092259
0459,0.0009671821124092259
cheating,0.0009671821124092259
debating,0.0009671821124092259
thanked,0.0009671821124092259
interference,0.0009671821124092259
watson/afp/getty,0.0009671821124092259
collection,0.0009671821124092259
trashes,0.0009671821124092259
trumpism,0.0009671821124092259
blame,0.0009671821124092259
enright,0.0009671821124092259
galen,0.0009671821124092259
offici,0.0009671821124092259
chip,0.0009671821124092259
sack,0.0009671821124092259
campaigns,0.0009671821124092259
údemocracy,0.0009671821124092259
harr,0.0009671821124092259
octagon,0.0009671821124092259
mcconnell,0.0009671821124092259
úbecause,0.0009671821124092259
separated,0.0009671821124092259
infiltrating,0.0009671821124092259
launched,0.0009671821124092259
hair,0.0009671821124092259
conducting,0.0009671821124092259
emotional,0.0009671821124092259
incorporating,0.0009671821124092259
kicked,0.0009671821124092259
dissipate,0.0009671821124092259
playbook,0.0009671821124092259
features,0.0009671821124092259
reiterating,0.0009671821124092259
g,0.0009671821124092259
haitian,0.0009671821124092259
instilled,0.0009671821124092259
vehemently,0.0009671821124092259
heats,0.0009671821124092259
pop,0.0009671821124092259
cheekily,0.0009671821124092259
installing,0.0009671821124092259
designated,0.0009671821124092259
reveal,0.0009671821124092259
conventionjason,0.0009671821124092259
mismanagement,0.0009671821124092259
bomb,0.0009671821124092259
blasting,0.0009671821124092259
counters,0.0009671821124092259
comeback,0.0009671821124092259
presence,0.0009671821124092259
absurdity,0.0009671821124092259
heritage,0.0009671821124092259
trim,0.0009671821124092259
miserable,0.0009671821124092259
television,0.0009671821124092259
present,0.0009671821124092259
greg,0.0009671821124092259
fun,0.0009671821124092259
crossing,0.0009671821124092259
mounti,0.0009671821124092259
blames,0.0009671821124092259
grievance,0.0009671821124092259
progressives,0.0009671821124092259
stubbornly,0.0009671821124092259
doubt,0.0009671821124092259
electionap,0.0009671821124092259
opportunities,0.0009671821124092259
dems,0.0009671821124092259
exception,0.0009671821124092259
congratulating,0.0009671821124092259
encouraged,0.0009671821124092259
dark,0.0009671821124092259
modicum,0.0009671821124092259
megalomaniac,0.0009671821124092259
yorker,0.0009671821124092259
edit,0.0009671821124092259
projections,0.0009671821124092259
moonwalker,0.0009671821124092259
clarifies,0.0009671821124092259
nauseously,0.0009671821124092259
willard,0.0009671821124092259
files,0.0009671821124092259
guys,0.0009671821124092259
courage,0.0009671821124092259
grows,0.0009671821124092259
ugly,0.0009671821124092259
900-page,0.0009671821124092259
sure,0.0009671821124092259
at&ampt,0.0009671821124092259
hands,0.0009671821124092259
monopoly,0.0009671821124092259
rely,0.0009671821124092259
projection,0.0009671821124092259
raw,0.0009671821124092259
juggalos,0.0009671821124092259
extremist,0.0009671821124092259
da,0.0009671821124092259
moments,0.0009671821124092259
18,0.0009671821124092259
phoenix,0.0009671821124092259
yearangela,0.0009671821124092259
photo-op,0.0009671821124092259
úso,0.0009671821124092259
tak,0.0009671821124092259
last,0.000936639305656961
sunday,0.000936639305656961
during,0.000936639305656961
republicans,0.000936639305656961
pennsylvania,0.000936639305656961
your,0.000936639305656961
campaign,0.0009316143671478319
second,0.0009316143671478319
out,0.0009316143671478319
sen,0.0009123993051271872
asking,0.0009123993051271872
best,0.0009123993051271872
liz,0.0009123993051271872
came,0.0009123993051271872
behind,0.0009123993051271872
de,0.0009123993051271872
sending,0.0009123993051271872
am,0.0009123993051271872
violent,0.0009123993051271872
four,0.0009123993051271872
2nd,0.0009123993051271872
options,0.0009123993051271872
line,0.0009123993051271872
significant,0.0009123993051271872
until,0.0009123993051271872
candidates,0.0009123993051271872
october,0.0009123993051271872
wake,0.0009123993051271872
coverage,0.0009123993051271872
going,0.0009123993051271872
general,0.0009123993051271872
army,0.0009123993051271872
health,0.0009123993051271872
management,0.0009123993051271872
thousands,0.0009123993051271872
emergency,0.0009123993051271872
d,0.0009123993051271872
described,0.0009123993051271872
few,0.0009123993051271872
dept,0.0009123993051271872
massive,0.0009123993051271872
taking,0.0009123993051271872
podcast,0.0009123993051271872
youre,0.0009123993051271872
past,0.0009123993051271872
early,0.0009123993051271872
spoke,0.0009123993051271872
hinchcliffe,0.0009123993051271872
talking,0.0009123993051271872
50,0.0009123993051271872
john,0.0009123993051271872
calling,0.0009123993051271872
push,0.0009123993051271872
pick,0.0009123993051271872
poised,0.0009123993051271872
expect,0.0009123993051271872
much,0.0009123993051271872
matt,0.0009123993051271872
theres,0.0009123993051271872
arizona,0.0009123993051271872
looks,0.0009123993051271872
x,0.0009123993051271872
reporters,0.0009123993051271872
county,0.0008744253567362524
already,0.0008744253567362524
top,0.0008744253567362524
getty,0.0008744253567362524
help,0.0008744253567362524
--,0.0008695067426713098
but,0.0008695067426713098
including,0.0008073991181947876
some,0.0008073991181947876
also,0.0008073991181947876
means,0.0008028336905631094
ai,0.0008028336905631094
return,0.0008028336905631094
were,0.0008028336905631094
here,0.0008028336905631094
year,0.0008028336905631094
helps,0.0008028336905631094
may,0.0007452914937182655
key,0.0007452914937182655
over,0.0006831838692417433
access,0.0006831838692417433
hes,0.0006690280754692578
time,0.0006690280754692578
next,0.0006690280754692578
reporting,0.0006690280754692578
whats,0.0006690280754692578
comment,0.0006558190175521893
important,0.0006558190175521893
plans,0.0006558190175521893
office,0.0006558190175521893
once,0.0006558190175521893
any,0.0006558190175521893
thursday,0.0006558190175521893
made,0.0006558190175521893
why,0.0006558190175521893
media,0.0006558190175521893
well,0.0006558190175521893
2022,0.0006447880749394841
helping,0.0006447880749394841
divisive,0.0006447880749394841
fighter,0.0006447880749394841
stance,0.0006447880749394841
culture,0.0006447880749394841
embrace,0.0006447880749394841
spread,0.0006447880749394841
sweating,0.0006447880749394841
comedians,0.0006447880749394841
sustained,0.0006447880749394841
moderate,0.0006447880749394841
ticket,0.0006447880749394841
roast,0.0006447880749394841
thing,0.0006447880749394841
comments,0.0006447880749394841
should,0.0006447880749394841
vehicle,0.0006447880749394841
course,0.0006447880749394841
although,0.0006447880749394841
subscribe,0.0006447880749394841
free,0.0006447880749394841
security,0.0006447880749394841
el,0.0006447880749394841
friend,0.0006447880749394841
content,0.0006447880749394841
griffin,0.0006447880749394841
evangelicals,0.0006447880749394841
baptist,0.0006447880749394841
presi,0.0006447880749394841
again,0.0006447880749394841
university,0.0006447880749394841
hopes,0.0006447880749394841
desantis,0.0006447880749394841
spend,0.0006447880749394841
racism,0.0006447880749394841
billions,0.0006447880749394841
remain,0.0006447880749394841
longer,0.0006447880749394841
claiming,0.0006447880749394841
video,0.0006447880749394841
optimistic,0.0006447880749394841
keeps,0.0006447880749394841
grandmother,0.0006447880749394841
board,0.0006447880749394841
jokes,0.0006447880749394841
ballot,0.0006447880749394841
policy,0.0006447880749394841
distanced,0.0006447880749394841
begin,0.0006447880749394841
haley,0.0006447880749394841
celebrated,0.0006447880749394841
atlantic,0.0006447880749394841
photo,0.0006447880749394841
countrys,0.0006447880749394841
jersey,0.0006447880749394841
seeking,0.0006447880749394841
guy,0.0006447880749394841
russian,0.0006447880749394841
southern,0.0006447880749394841
seemed,0.0006447880749394841
fcc,0.0006447880749394841
watching,0.0006447880749394841
works,0.0006447880749394841
wright,0.0006447880749394841
industrys,0.0006447880749394841
howard,0.0006447880749394841
moneymaker/getty,0.0006447880749394841
claimed,0.0006447880749394841
king,0.0006447880749394841
úthe,0.0006447880749394841
huffpost,0.0006447880749394841
buddy,0.0006447880749394841
b,0.0006447880749394841
oversee,0.0006447880749394841
kottkeorg,0.0006447880749394841
represented,0.0006447880749394841
$2,0.0006447880749394841
johnson,0.0006447880749394841
praises,0.0006447880749394841
work,0.0006447880749394841
ban,0.0006447880749394841
tv,0.0006447880749394841
given,0.0006447880749394841
select,0.0006447880749394841
saw,0.0006447880749394841
responsible,0.0006447880749394841
turning,0.0006447880749394841
warning,0.0006447880749394841
opponent,0.0006447880749394841
bid,0.0006447880749394841
fiercely,0.0006447880749394841
scramble,0.0006447880749394841
immigrants,0.0006447880749394841
commerce,0.0006447880749394841
fall,0.0006447880749394841
presidents,0.0006447880749394841
coming,0.0006447880749394841
gaetzs,0.0006447880749394841
golden,0.0006447880749394841
influential,0.0006447880749394841
laying,0.0006447880749394841
dumbest,0.0006447880749394841
rallies,0.0006447880749394841
matter,0.0006447880749394841
son,0.0006447880749394841
democracy,0.0006447880749394841
ideas,0.0006447880749394841
adviser,0.0006447880749394841
dropped,0.0006447880749394841
thinking,0.0006447880749394841
shows,0.0006447880749394841
speak,0.0006447880749394841
trillion,0.0006447880749394841
promised,0.0006447880749394841
deal,0.0006447880749394841
cycle,0.0006447880749394841
overhaul,0.0006447880749394841
leave,0.0006447880749394841
tip,0.0006447880749394841
los,0.0006447880749394841
apple,0.0006447880749394841
tax,0.0006447880749394841
gave,0.0006447880749394841
discontent,0.0006447880749394841
lead,0.0006447880749394841
starkly,0.0006447880749394841
register,0.0006447880749394841
acc,0.0006447880749394841
rise,0.0006447880749394841
causing,0.0006447880749394841
spreading,0.0006447880749394841
(bloomberg),0.0006447880749394841
passed,0.0006447880749394841
blueprint,0.0006447880749394841
skip,0.0006447880749394841
drawn,0.0006447880749394841
suburban,0.0006447880749394841
table,0.0006447880749394841
crime,0.0006447880749394841
ambassador,0.0006447880749394841
version,0.0006447880749394841
begun,0.0006447880749394841
episode,0.0006447880749394841
prime,0.0006447880749394841
enters,0.0006447880749394841
enemies,0.0006447880749394841
worries,0.0006447880749394841
lines,0.0006447880749394841
relief,0.0006447880749394841
path,0.0006447880749394841
personality,0.0006447880749394841
tens,0.0006447880749394841
task,0.0006447880749394841
filling,0.0006447880749394841
becoming,0.0006447880749394841
ads,0.0006447880749394841
feels,0.0006447880749394841
[+],0.0006447880749394841
mass,0.0006447880749394841
con,0.0006447880749394841
ongoing,0.0006447880749394841
wo,0.0006447880749394841
lost,0.0006447880749394841
foundation,0.0006447880749394841
w,0.0006447880749394841
trash,0.0006447880749394841
social,0.0006447880749394841
outside,0.0006447880749394841
page,0.0006447880749394841
per,0.0006447880749394841
harriss,0.0006447880749394841
bit,0.0006447880749394841
carlson,0.0006447880749394841
senator,0.0006447880749394841
close,0.0006447880749394841
pledge,0.0006447880749394841
vances,0.0006447880749394841
campaigned,0.0006447880749394841
water,0.0006447880749394841
mail-in,0.0006447880749394841
discover,0.0006447880749394841
alongside,0.0006447880749394841
pretty,0.0006447880749394841
starting,0.0006447880749394841
marco,0.0006447880749394841
chips,0.0006447880749394841
angeles,0.0006447880749394841
cities,0.0006447880749394841
<,0.0006447880749394841
dressed,0.0006447880749394841
laughs,0.0006447880749394841
grants,0.0006447880749394841
counties,0.0006447880749394841
backlash,0.0006447880749394841
ballots,0.0006447880749394841
vote,0.0006447880749394841
baby,0.0006447880749394841
attending,0.0006447880749394841
interest,0.0006447880749394841
doesnt,0.0006447880749394841
better,0.0006447880749394841
manufacturing,0.0006447880749394841
entire,0.0006447880749394841
great,0.0006447880749394841
refuse,0.0006447880749394841
comedy,0.0006447880749394841
engage,0.0006447880749394841
guides,0.0006447880749394841
misconduct,0.0006447880749394841
explore,0.0006447880749394841
having,0.0006447880749394841
cut,0.0006447880749394841
talks,0.0006447880749394841
refusing,0.0006447880749394841
system,0.0006447880749394841
ohio,0.0006447880749394841
multiple,0.0006447880749394841
everything,0.0006447880749394841
fires,0.0006447880749394841
jones,0.0006447880749394841
story,0.0006447880749394841
ex,0.0006447880749394841
these,0.0006447880749394841
through,0.0006447880749394841
member,0.0006447880749394841
novi,0.0006447880749394841
scrambling,0.0006447880749394841
imp,0.0006447880749394841
closed,0.0006447880749394841
supporting,0.0006447880749394841
weighing,0.0006447880749394841
walk,0.0006447880749394841
loyalist,0.0006447880749394841
sent,0.0006447880749394841
business,0.0006447880749394841
argued,0.0006447880749394841
beginning,0.0006447880749394841
somodevilla/getty,0.0006447880749394841
figures,0.0006447880749394841
largely,0.0006447880749394841
steps,0.0006447880749394841
referred,0.0006447880749394841
ruling,0.0006447880749394841
call,0.0006447880749394841
sparked,0.0006447880749394841
buzzfeed,0.0006447880749394841
nomination,0.0006447880749394841
placing,0.0006447880749394841
decades,0.0006447880749394841
destroys,0.0006447880749394841
2020,0.0006447880749394841
perceived,0.0006447880749394841
long-term,0.0006447880749394841
ricans,0.0006447880749394841
change,0.0006447880749394841
musician,0.0006447880749394841
network,0.0006447880749394841
membership,0.0006447880749394841
boosts,0.0006447880749394841
entrepreneur,0.0006447880749394841
ally,0.0006447880749394841
bring,0.0006447880749394841
waiting,0.0006447880749394841
arena,0.0006447880749394841
deserves,0.0006447880749394841
dead,0.0006447880749394841
merchan,0.0006447880749394841
brutal,0.0006447880749394841
dozen,0.0006447880749394841
stake,0.0006447880749394841
facing,0.0006447880749394841
count,0.0006447880749394841
clear,0.0006447880749394841
took,0.0006447880749394841
minority,0.0006447880749394841
edition,0.0006447880749394841
famous,0.0006447880749394841
throughout,0.0006447880749394841
case,0.0006447880749394841
democrat,0.0006447880749394841
mar-a-lago,0.0006447880749394841
tucker,0.0006447880749394841
arent,0.0006447880749394841
scott,0.0006447880749394841
focused,0.0006447880749394841
deportations,0.0006447880749394841
posted,0.0006447880749394841
tank,0.0006447880749394841
often,0.0006447880749394841
net,0.0006447880749394841
understand,0.0006447880749394841
full,0.0006447880749394841
club,0.0006447880749394841
47th,0.0006447880749394841
lot,0.0006447880749394841
book,0.0006447880749394841
agency,0.0006447880749394841
lives,0.0006447880749394841
√óhello,0.0006447880749394841
built,0.0006447880749394841
actions,0.0006447880749394841
weigh,0.0006447880749394841
shifts,0.0006447880749394841
independence,0.0006447880749394841
execs,0.0006447880749394841
tell,0.0006447880749394841
deadlines,0.0006447880749394841
posts,0.0006447880749394841
actor,0.0006447880749394841
family,0.0006447880749394841
atlanta,0.0006447880749394841
without,0.0006447880749394841
same,0.0006447880749394841
french,0.0006447880749394841
what,0.0005589686202886992
more,0.0005352224603754062
under,0.0004968609958121771
no,0.0004968609958121771
administration,0.0004968609958121771
ever,0.0004561996525635936
asked,0.0004561996525635936
south,0.0004561996525635936
series,0.0004561996525635936
held,0.0004561996525635936
2023,0.0004561996525635936
care,0.0004561996525635936
r,0.0004561996525635936
afternoon,0.0004561996525635936
continued,0.0004561996525635936
advisers,0.0004561996525635936
fresh,0.0004561996525635936
adult,0.0004561996525635936
citys,0.0004561996525635936
market,0.0004561996525635936
target,0.0004561996525635936
shift,0.0004561996525635936
opinion,0.0004561996525635936
gaetz,0.0004561996525635936
five,0.0004561996525635936
reason,0.0004561996525635936
failed,0.0004561996525635936
efforts,0.0004561996525635936
criticized,0.0004561996525635936
true,0.0004561996525635936
companies,0.0004561996525635936
clean,0.0004561996525635936
platform,0.0004561996525635936
talk,0.0004561996525635936
selection,0.0004561996525635936
eight,0.0004561996525635936
recommends,0.0004561996525635936
double,0.0004561996525635936
minister,0.0004561996525635936
youd,0.0004561996525635936
looking,0.0004561996525635936
official,0.0004561996525635936
battle,0.0004561996525635936
hall,0.0004561996525635936
range,0.0004561996525635936
role,0.0004561996525635936
phone,0.0004561996525635936
judges,0.0004561996525635936
own,0.0004561996525635936
todays,0.0004561996525635936
learn,0.0004561996525635936
union,0.0004561996525635936
impact,0.0004561996525635936
named,0.0004561996525635936
o,0.0004561996525635936
challenge,0.0004561996525635936
jobs,0.0004561996525635936
gets,0.0004561996525635936
leaves,0.0004561996525635936
person,0.0004561996525635936
foreign,0.0004561996525635936
father,0.0004561996525635936
less,0.0004561996525635936
showed,0.0004561996525635936
piece,0.0004561996525635936
address,0.0004561996525635936
move,0.0004561996525635936
popular,0.0004561996525635936
(ap),0.0004561996525635936
far,0.0004561996525635936
preside,0.0004561996525635936
campaigning,0.0004561996525635936
stand,0.0004561996525635936
wrote,0.0004561996525635936
too,0.0004561996525635936
roll,0.0004561996525635936
stock,0.0004561996525635936
force,0.0004561996525635936
warns,0.0004561996525635936
hours,0.0004561996525635936
justice,0.0004561996525635936
measure,0.0004561996525635936
strong,0.0004561996525635936
daily,0.0004561996525635936
responding,0.0004561996525635936
act,0.0004561996525635936
similar,0.0004561996525635936
trump-musk,0.0004561996525635936
roles,0.0004561996525635936
chair,0.0004561996525635936
look,0.0004561996525635936
killed,0.0004561996525635936
group,0.0004561996525635936
truth,0.0004561996525635936
save,0.0004561996525635936
biggest,0.0004561996525635936
influence,0.0004561996525635936
point,0.0004561996525635936
seen,0.0004561996525635936
proposed,0.0004561996525635936
remains,0.0004561996525635936
recently,0.0004561996525635936
cnn,0.0004561996525635936
attacks,0.0004561996525635936
later,0.0004561996525635936
v,0.0004561996525635936
repeatedly,0.0004561996525635936
winning,0.0004372126783681262
nominee,0.0004372126783681262
via,0.0004372126783681262
court,0.0004372126783681262
than,0.0004372126783681262
public,0.0004372126783681262
policies,0.0004372126783681262
those,0.0004372126783681262
across,0.0004372126783681262
history,0.0004372126783681262
friday,0.0004372126783681262
toward,0.0004372126783681262
current,0.0004372126783681262
wednesday,0.0004347533713356549
its,0.0004347533713356549
cabinet,0.0004014168452815547
down,0.0004014168452815547
heres,0.0004014168452815547
republican,0.00037264574685913276
into,0.00037264574685913276
presidency,0.00037264574685913276
h,0.00032239403746974203
picks,0.00032239403746974203
takes,0.00032239403746974203
direction,0.00032239403746974203
there,0.00032239403746974203
trail,0.00032239403746974203
january,0.00032239403746974203
isnt,0.00032239403746974203
wall,0.00032239403746974203
air,0.00032239403746974203
texas,0.00032239403746974203
whether,0.00032239403746974203
powerful,0.00032239403746974203
americas,0.00032239403746974203
spending,0.00032239403746974203
open,0.00032239403746974203
fire,0.00032239403746974203
stop,0.00032239403746974203
real,0.00032239403746974203
th,0.00032239403746974203
p,0.00032239403746974203
mike,0.00032239403746974203
young,0.00032239403746974203
watched,0.00032239403746974203
different,0.00032239403746974203
order,0.00032239403746974203
ken,0.00032239403746974203
defense,0.00032239403746974203
returns,0.00032239403746974203
list,0.00032239403746974203
immigration,0.00032239403746974203
war,0.00032239403746974203
10,0.00032239403746974203
1,0.00032239403746974203
least,0.00032239403746974203
promising,0.00032239403746974203
energy,0.00032239403746974203
mean,0.00032239403746974203
street,0.00032239403746974203
comes,0.00032239403746974203
workers,0.00032239403746974203
controversial,0.00032239403746974203
near,0.00032239403746974203
economic,0.00032239403746974203
old,0.00032239403746974203
site,0.00032239403746974203
went,0.00032239403746974203
record,0.00032239403746974203
join,0.00032239403746974203
national,0.00032239403746974203
announced,0.00032239403746974203
years,0.0003105381223826106
claims,0.0002676112301877031
say,0.0002676112301877031
november,0.0002676112301877031
might,0.0002676112301877031
plan,0.0002676112301877031
bidens,0.0002676112301877031
need,0.0002676112301877031
world,0.0002676112301877031
likely,0.00024843049790608854
morning,0.00024843049790608854
can,0.00024843049790608854
promise,0.0002186063391840631
nearly,0.0002186063391840631
protect,0.0002186063391840631
speaking,0.0002186063391840631
three,0.0002186063391840631
border,0.0002186063391840631
head,0.0002186063391840631
government,0.0002186063391840631
become,0.0002186063391840631
transition,0.0002186063391840631
future,0.0002186063391840631
along,0.0002186063391840631
post,0.0002186063391840631
4,0.0002186063391840631
several,0.0002186063391840631
so,0.0002186063391840631
recent,0.00018632287342956638
around,0.00013380561509385155
potential,0.00013380561509385155
tuesday,0.00013380561509385155
country,0.00013380561509385155
ready,0.00013380561509385155
another,6.210762447652214e-05
