abortion,0.0322394037469742
health,0.026611646399542957
reelected,0.0161197018734871
reform,0.0161197018734871
rights,0.011404991314089839
2022,0.010746467915658066
implement,0.00805985093674355
tearing,0.00805985093674355
pillars,0.00805985093674355
accessand,0.00805985093674355
surpassed,0.00805985093674355
bets,0.00805985093674355
dobbs,0.00805985093674355
jackson,0.00805985093674355
supr,0.00805985093674355
suggestion,0.00805985093674355
literally,0.00805985093674355
ended,0.00805985093674355
number,0.00805985093674355
philosophie,0.00805985093674355
affordable,0.00805985093674355
wade,0.00805985093674355
credit,0.00805985093674355
pill,0.00805985093674355
ability,0.00805985093674355
organizationtwo,0.00805985093674355
position,0.00805985093674355
jrs,0.00805985093674355
pro-life,0.00805985093674355
protected,0.00805985093674355
nights,0.00805985093674355
headache,0.00805985093674355
reconcile,0.00805985093674355
teases,0.00805985093674355
voti,0.00805985093674355
johnsons,0.00805985093674355
obamacare,0.00805985093674355
congress,0.00805985093674355
procedure,0.00805985093674355
particularly,0.00805985093674355
roe,0.00805985093674355
pills,0.00805985093674355
affecting,0.00805985093674355
constitutional,0.00805985093674355
trumpa,0.00805985093674355
secure,0.00805985093674355
seven,0.00805985093674355
reproductive,0.00805985093674355
fulfilled,0.00805985093674355
dread,0.00805985093674355
supreme,0.00805985093674355
heat,0.00805985093674355
bans,0.00805985093674355
regulate,0.00805985093674355
short-lived,0.00805985093674355
woke,0.00805985093674355
presiden,0.00805985093674355
anti-abortion,0.00805985093674355
care,0.00760332754272656
v,0.00760332754272656
massive,0.00760332754272656
states,0.005575233962243815
three,0.005465158479601577
buzzfeed,0.005373233957829033
bit,0.005373233957829033
countrys,0.005373233957829033
put,0.005373233957829033
eve,0.005373233957829033
nominees,0.005373233957829033
isnt,0.005373233957829033
speaker,0.005373233957829033
scientists,0.005373233957829033
270,0.005373233957829033
vaccine,0.005373233957829033
stake,0.005373233957829033
count,0.005373233957829033
heads,0.005373233957829033
mail-in,0.005373233957829033
causing,0.005373233957829033
uncertainty,0.005373233957829033
voted,0.005373233957829033
viral,0.005373233957829033
taken,0.005373233957829033
passed,0.005373233957829033
man,0.005373233957829033
interviews,0.005373233957829033
issue,0.005373233957829033
steps,0.005373233957829033
claimed,0.005373233957829033
await,0.005373233957829033
suburban,0.005373233957829033
starkly,0.005373233957829033
overturned,0.005373233957829033
ruling,0.005373233957829033
womens,0.005373233957829033
june,0.005373233957829033
huffpost,0.005373233957829033
dead,0.005373233957829033
register,0.005373233957829033
rfk,0.005373233957829033
2016,0.005373233957829033
distances,0.005373233957829033
deadlines,0.005373233957829033
returned,0.005373233957829033
women,0.00380166377136328
options,0.00380166377136328
known,0.00380166377136328
act,0.00380166377136328
wake,0.00380166377136328
events,0.00380166377136328
judges,0.00380166377136328
millions,0.00380166377136328
coverage,0.00380166377136328
look,0.00380166377136328
electoral,0.00380166377136328
stand,0.00380166377136328
speakers,0.00380166377136328
voting,0.00380166377136328
amid,0.00380166377136328
itself,0.00380166377136328
learn,0.00380166377136328
single,0.00380166377136328
right,0.00380166377136328
americans,0.00380166377136328
measures,0.00380166377136328
appoint,0.00380166377136328
asking,0.00380166377136328
2nd,0.00380166377136328
court,0.0036434389864010513
protect,0.0036434389864010513
public,0.0036434389864010513
house,0.0033451403773462887
2024,0.0033451403773462887
courts,0.0026866169789145165
mike,0.0026866169789145165
direction,0.0026866169789145165
final,0.0026866169789145165
vote,0.0026866169789145165
campaigned,0.0026866169789145165
promising,0.0026866169789145165
issues,0.0026866169789145165
weeks,0.0026866169789145165
10,0.0026866169789145165
check,0.0026866169789145165
wins,0.0026866169789145165
big,0.0026866169789145165
elected,0.0026866169789145165
saying,0.0026866169789145165
woman,0.0026866169789145165
power,0.0026866169789145165
agencies,0.0026866169789145165
jr,0.0026866169789145165
ballot,0.0026866169789145165
went,0.0026866169789145165
different,0.0026866169789145165
more,0.002230093584897526
your,0.002230093584897526
votes,0.0018217194932005256
promise,0.0018217194932005256
winning,0.0018217194932005256
now,0.0018217194932005256
their,0.0018217194932005256
voters,0.0018217194932005256
well,0.0018217194932005256
where,0.0018217194932005256
set,0.0018217194932005256
message,0.0018217194932005256
important,0.0018217194932005256
why,0.0018217194932005256
policies,0.0018217194932005256
what,0.0015526906119130532
when,0.001115046792448763
heres,0.001115046792448763
tuesday,0.001115046792448763
cabinet,0.001115046792448763
might,0.001115046792448763
return,0.001115046792448763
were,0.001115046792448763
here,0.001115046792448763
federal,0.001115046792448763
potential,0.001115046792448763
plan,0.001115046792448763
republicans,0.001115046792448763
country,0.001115046792448763
next,0.001115046792448763
won,0.001115046792448763
like,0.001115046792448763
term,0.001115046792448763
presidential,0.001115046792448763
white,0.001115046792448763
would,0.001115046792448763
about,0.001115046792448763
need,0.001115046792448763
make,0.001115046792448763
night,0.001115046792448763
down,0.001115046792448763
--,0.001035127074608702
under,0.001035127074608702
may,0.001035127074608702
former,0.001035127074608702
administration,0.001035127074608702
campaign,0.001035127074608702
access,0.001035127074608702
second,0.001035127074608702
an,0.001035127074608702
at,0.001035127074608702
into,0.000517563537304351
wednesday,0.000517563537304351
its,0.000517563537304351
out,0.000517563537304351
over,0.000517563537304351
harris,0.000517563537304351
some,0.000517563537304351
key,0.000517563537304351
no,0.000517563537304351
presidency,0.000517563537304351
it,0.000517563537304351
not,0.000517563537304351
also,0.000517563537304351
recent,0.000517563537304351
years,0.000517563537304351
after,0.000517563537304351
including,0.000517563537304351
morning,0.000517563537304351
other,0.000517563537304351
