ukraine,0.021481834108262765
china,0.017185467286610214
putin,0.014321222738841845
israel,0.011456978191073476
protectionist,0.008592733643305107
chennai,0.008592733643305107
european,0.008592733643305107
peace,0.008592733643305107
kremlin,0.008592733643305107
gaza,0.008592733643305107
ballots,0.008592733643305107
netanyahu,0.008592733643305107
russian,0.008592733643305107
lebanon,0.008592733643305107
israeli,0.008592733643305107
ukrainian,0.008592733643305107
beholden,0.008592733643305107
enamored,0.008592733643305107
eye,0.005728489095536738
vladimir,0.005728489095536738
chips,0.005728489095536738
xi,0.005728489095536738
asian,0.005728489095536738
prime,0.005728489095536738
accused,0.005728489095536738
willing,0.005728489095536738
india,0.005728489095536738
leaders,0.005728489095536738
trade,0.005728489095536738
officials,0.005728489095536738
sections,0.0042963668216525535
bucks,0.0042963668216525535
warmest,0.0042963668216525535
commoditize,0.0042963668216525535
pl,0.0042963668216525535
natural,0.0042963668216525535
characterized,0.0042963668216525535
relations,0.0042963668216525535
niece,0.0042963668216525535
foster,0.0042963668216525535
sets,0.0042963668216525535
hawked,0.0042963668216525535
useful,0.0042963668216525535
reassessing,0.0042963668216525535
benjamin,0.0042963668216525535
extraction,0.0042963668216525535
bala,0.0042963668216525535
uncle,0.0042963668216525535
secretary-general,0.0042963668216525535
london,0.0042963668216525535
destroying,0.0042963668216525535
outlined,0.0042963668216525535
israe,0.0042963668216525535
counter,0.0042963668216525535
escalate,0.0042963668216525535
bombards,0.0042963668216525535
grand,0.0042963668216525535
putins,0.0042963668216525535
rutte,0.0042963668216525535
invite,0.0042963668216525535
regional,0.0042963668216525535
radio,0.0042963668216525535
unleashed,0.0042963668216525535
trumpchandan,0.0042963668216525535
dozens,0.0042963668216525535
mines,0.0042963668216525535
geopolitical,0.0042963668216525535
brigade,0.0042963668216525535
contentious,0.0042963668216525535
isolated,0.0042963668216525535
yar,0.0042963668216525535
boundaries,0.0042963668216525535
tons,0.0042963668216525535
probably,0.0042963668216525535
negotiate,0.0042963668216525535
regarding,0.0042963668216525535
dan,0.0042963668216525535
win</l,0.0042963668216525535
resisting,0.0042963668216525535
steadfast,0.0042963668216525535
24th,0.0042963668216525535
dona,0.0042963668216525535
piles,0.0042963668216525535
us-made,0.0042963668216525535
hope,0.0042963668216525535
palace,0.0042963668216525535
counting,0.0042963668216525535
not-so-friendly,0.0042963668216525535
macron,0.0042963668216525535
master,0.0042963668216525535
resources,0.0042963668216525535
ì,0.0042963668216525535
professional,0.0042963668216525535
greater,0.0042963668216525535
khanna/afp,0.0042963668216525535
strikes,0.0042963668216525535
dialogue,0.0042963668216525535
emmanuel,0.0042963668216525535
disinfo,0.0042963668216525535
advised,0.0042963668216525535
confront,0.0042963668216525535
budapest,0.0042963668216525535
welcomed,0.0042963668216525535
choice,0.0042963668216525535
apparel,0.0042963668216525535
trans-atlantic,0.0042963668216525535
mary,0.0042963668216525535
emphasis,0.0042963668216525535
war,0.0042963668216525535
bilateral,0.0042963668216525535
muslims,0.0042963668216525535
al-balah,0.0042963668216525535
chinas,0.0042963668216525535
expat,0.0042963668216525535
quite,0.0042963668216525535
northern,0.0042963668216525535
tiny,0.0042963668216525535
deir,0.0042963668216525535
orb√°n,0.0042963668216525535
raja,0.0042963668216525535
effort,0.0042963668216525535
children,0.0042963668216525535
growing,0.0042963668216525535
blog,0.0042963668216525535
zelenskyy,0.0042963668216525535
pro-israel,0.0042963668216525535
moscowcontributor/getty,0.0042963668216525535
brimming,0.0042963668216525535
electronic,0.0042963668216525535
putinin,0.0042963668216525535
estranged,0.0042963668216525535
uses,0.0042963668216525535
mobilizing,0.0042963668216525535
handle,0.0042963668216525535
drought,0.0042963668216525535
anti-tank,0.0042963668216525535
ftcom,0.0042963668216525535
beijing,0.0042963668216525535
sitting,0.0042963668216525535
30oleg,0.0042963668216525535
conflicts,0.0042963668216525535
seek,0.0042963668216525535
ap,0.0042963668216525535
volodymyr,0.0042963668216525535
forming,0.0042963668216525535
hungary,0.0042963668216525535
pushes,0.0042963668216525535
countries,0.0042963668216525535
keepsakes,0.0042963668216525535
chasiv,0.0042963668216525535
front,0.0042963668216525535
wrong,0.0042963668216525535
mechanised,0.0042963668216525535
aff,0.0042963668216525535
recorded,0.0042963668216525535
hungarian,0.0042963668216525535
petrasiuk/ukrainian,0.0042963668216525535
caribbean,0.0042963668216525535
seed,0.0042963668216525535
tra,0.0042963668216525535
koreas,0.0042963668216525535
overseas,0.0042963668216525535
strip,0.0042963668216525535
nato,0.0042963668216525535
merchandise,0.0042963668216525535
valuable,0.0042963668216525535
assess,0.0042963668216525535
this,0.004160691130500963
decision,0.004053013442197216
itself,0.004053013442197216
phone,0.004053013442197216
hawk,0.004053013442197216
-,0.004053013442197216
minister,0.004053013442197216
50,0.004053013442197216
rhetoric,0.004053013442197216
article,0.0038843275144275673
takeaways,0.0038843275144275673
all,0.0035663066832865393
we,0.0029719222360721164
world,0.0029719222360721164
said,0.0029132456358206757
using,0.0029132456358206757
their,0.0029132456358206757
her,0.0029132456358206757
harriss,0.002864244547768369
tucker,0.002864244547768369
eve,0.002864244547768369
carlson,0.002864244547768369
un,0.002864244547768369
praises,0.002864244547768369
placing,0.002864244547768369
upset,0.002864244547768369
install,0.002864244547768369
decades,0.002864244547768369
remain,0.002864244547768369
drive,0.002864244547768369
agreement,0.002864244547768369
obstacles,0.002864244547768369
working,0.002864244547768369
united,0.002864244547768369
nations,0.002864244547768369
ohio,0.002864244547768369
bid,0.002864244547768369
ha,0.002864244547768369
often,0.002864244547768369
graham,0.002864244547768369
devices,0.002864244547768369
tells,0.002864244547768369
stance,0.002864244547768369
matters,0.002864244547768369
man,0.002864244547768369
account,0.002864244547768369
american,0.002864244547768369
showing,0.002864244547768369
hurricane,0.002864244547768369
inside,0.002864244547768369
golden,0.002864244547768369
various,0.002864244547768369
bring,0.002864244547768369
signs,0.002864244547768369
lindsey,0.002864244547768369
extremely,0.002864244547768369
relationship,0.002864244547768369
allies,0.002864244547768369
expressed,0.002864244547768369
distances,0.002864244547768369
celebrated,0.002864244547768369
scrambling,0.002864244547768369
jinping,0.002864244547768369
enters,0.002864244547768369
closed,0.002864244547768369
agreements,0.002864244547768369
jong,0.002864244547768369
affect,0.002864244547768369
speak,0.002864244547768369
lines,0.002864244547768369
handing,0.002864244547768369
l,0.002864244547768369
opportunity,0.002864244547768369
southern,0.002864244547768369
tip,0.002864244547768369
promoting,0.002864244547768369
affairs,0.002864244547768369
con,0.002864244547768369
pro-trump,0.002864244547768369
troops,0.002864244547768369
shes,0.002864244547768369
rich,0.002864244547768369
chinese,0.002864244547768369
indian,0.002864244547768369
s,0.002864244547768369
polls,0.002864244547768369
hoping,0.002864244547768369
french,0.002864244547768369
kim,0.002864244547768369
cast,0.002864244547768369
engage,0.002864244547768369
part,0.002377537788857693
words,0.002377537788857693
&amp,0.002377537788857693
use,0.002377537788857693
device,0.002377537788857693
framework,0.002377537788857693
information,0.002377537788857693
click,0.002377537788857693
transparency,0.002377537788857693
iab,0.002377537788857693
partners,0.002377537788857693
he,0.002377537788857693
store,0.002377537788857693
and/or,0.002377537788857693
accept,0.002377537788857693
by,0.002377537788857693
(in,0.002377537788857693
237,0.002377537788857693
2024,0.002377537788857693
consent,0.002377537788857693
our,0.002377537788857693
spoke,0.002026506721098608
responding,0.002026506721098608
sending,0.002026506721098608
retired,0.002026506721098608
taking,0.002026506721098608
called,0.002026506721098608
5,0.002026506721098608
talk,0.002026506721098608
wrote,0.002026506721098608
cheney,0.002026506721098608
abc,0.002026506721098608
face,0.002026506721098608
among,0.002026506721098608
attack,0.002026506721098608
right,0.002026506721098608
keeping,0.002026506721098608
play,0.002026506721098608
foreign,0.002026506721098608
father,0.002026506721098608
see,0.002026506721098608
theres,0.002026506721098608
calls,0.002026506721098608
month,0.002026506721098608
unprecedented,0.002026506721098608
t,0.002026506721098608
arizona,0.002026506721098608
october,0.002026506721098608
d,0.002026506721098608
past,0.002026506721098608
late,0.002026506721098608
following,0.002026506721098608
violent,0.002026506721098608
killed,0.002026506721098608
however,0.002026506721098608
opinion,0.002026506721098608
later,0.002026506721098608
experts,0.002026506721098608
liz,0.002026506721098608
fresh,0.002026506721098608
yet,0.002026506721098608
measures,0.002026506721098608
radical,0.002026506721098608
reason,0.002026506721098608
generate,0.0019421637572137837
improve,0.0019421637572137837
so,0.0019421637572137837
voters,0.0019421637572137837
info,0.0019421637572137837
via,0.0019421637572137837
yahoo,0.0019421637572137837
mistakes,0.0019421637572137837
match,0.0019421637572137837
experiencegenerate,0.0019421637572137837
are,0.001931239149528219
states,0.0017831533416432697
trumps,0.0017831533416432697
including,0.0016553478424527592
other,0.0016553478424527592
trail,0.0014321222738841845
updates,0.0014321222738841845
b,0.0014321222738841845
senator,0.0014321222738841845
come,0.0014321222738841845
change,0.0014321222738841845
voted,0.0014321222738841845
story,0.0014321222738841845
video,0.0014321222738841845
rep,0.0014321222738841845
city,0.0014321222738841845
ballot,0.0014321222738841845
watched,0.0014321222738841845
takes,0.0014321222738841845
list,0.0014321222738841845
political,0.0014321222738841845
direction,0.0014321222738841845
near,0.0014321222738841845
economic,0.0014321222738841845
mark,0.0014321222738841845
north,0.0014321222738841845
scale,0.0014321222738841845
today,0.0014321222738841845
america,0.0014321222738841845
w,0.0014321222738841845
because,0.0014321222738841845
referred,0.0014321222738841845
call,0.0014321222738841845
being,0.0014321222738841845
people,0.0014321222738841845
there,0.0014321222738841845
,0.0013794565353772994
says,0.0011887688944288465
images,0.0011887688944288465
always,0.0011887688944288465
ai,0.0011887688944288465
before,0.0011887688944288465
reporting,0.0011887688944288465
republicans,0.0011887688944288465
whats,0.0011887688944288465
presidential,0.0011887688944288465
means,0.0011887688944288465
hes,0.0011887688944288465
helps,0.0011887688944288465
not,0.0011035652283018394
you,0.0011035652283018394
also,0.0011035652283018394
access,0.0011035652283018394
thursday,0.0009710818786068918
friday,0.0009710818786068918
state,0.0009710818786068918
votes,0.0009710818786068918
transition,0.0009710818786068918
told,0.0009710818786068918
had,0.0009710818786068918
post,0.0009710818786068918
those,0.0009710818786068918
4,0.0009710818786068918
getty,0.0009710818786068918
kamala,0.0009710818786068918
toward,0.0009710818786068918
county,0.0009710818786068918
vice,0.0009710818786068918
get,0.0009710818786068918
history,0.0009710818786068918
message,0.0009710818786068918
head,0.0009710818786068918
appeared,0.0009710818786068918
along,0.0009710818786068918
comment,0.0009710818786068918
former,0.0008276739212263796
an,0.0008276739212263796
might,0.0005943844472144233
around,0.0005943844472144233
york,0.0005943844472144233
were,0.0005943844472144233
plan,0.0005943844472144233
claims,0.0005943844472144233
pennsylvania,0.0005943844472144233
sunday,0.0005943844472144233
which,0.0005943844472144233
make,0.0005943844472144233
november,0.0005943844472144233
down,0.0005943844472144233
when,0.0005943844472144233
i,0.0005943844472144233
two,0.0005943844472144233
here,0.0005943844472144233
year,0.0005943844472144233
been,0.0005943844472144233
country,0.0005943844472144233
washington,0.0005943844472144233
day,0.0005943844472144233
one,0.0005943844472144233
ready,0.0005943844472144233
say,0.0005943844472144233
may,0.0005517826141509197
campaign,0.0005517826141509197
--,0.0005517826141509197
key,0.0005517826141509197
it,0.0005517826141509197
what,0.0005517826141509197
can,0.0005517826141509197
but,0.0005517826141509197
out,0.00027589130707545985
over,0.00027589130707545985
harris,0.00027589130707545985
no,0.00027589130707545985
new,0.00027589130707545985
likely,0.00027589130707545985
republican,0.00027589130707545985
wednesday,0.00027589130707545985
another,0.00027589130707545985
at,0.00027589130707545985
