attorney,0.02562217204404467
nominated,0.022250833617196687
pete,0.016182424448870317
nominate,0.016182424448870317
department,0.015265824949598852
lead,0.014833889078131124
mcmahon,0.014159621392761527
bondi,0.013485353707391932
serve,0.013485353707391932
general,0.013357596830898995
picks,0.012811086022022335
secretary,0.012811086022022335
pam,0.01213681833665274
linda,0.012136818336652738
rep,0.010788282965913545
security,0.010788282965913545
hegseth,0.010788282965913545
musk,0.010788282965913545
pick,0.010495254652849211
taps,0.010495254652849211
announced,0.01011401528054395
congressman,0.010114015280543948
leavitt,0.010114015280543948
bessent,0.010114015280543948
vivek,0.010114015280543948
treasury,0.010114015280543948
kristi,0.010114015280543948
huckabee,0.010114015280543948
matt,0.009541140593499283
gaetz,0.009541140593499283
senate,0.009541140593499283
host,0.009439747595174353
elon,0.009439747595174353
tapped,0.009439747595174353
he,0.009234930341350941
executive,0.008091212224435158
chosen,0.008091212224435158
karoline,0.008091212224435158
director,0.008091212224435158
announces,0.008091212224435158
robert,0.008091212224435158
names,0.008091212224435158
zeldin,0.008091212224435158
lee,0.008091212224435158
homeland,0.008091212224435158
selected,0.008091212224435158
ramaswamy,0.008091212224435158
noem,0.008091212224435158
waltz,0.008091212224435158
kennedy,0.008091212224435158
project,0.008091212224435158
florida,0.007632912474799426
adviser,0.006742676853695966
powell,0.006742676853695966
rubio,0.006742676853695966
press,0.006742676853695966
scott,0.006742676853695966
picked,0.006742676853695966
ambassador,0.006742676853695966
national,0.006742676853695966
health,0.006678798415449497
fox,0.006678798415449497
announce,0.006068409168326369
longtime,0.006068409168326369
carr,0.006068409168326369
elise,0.006068409168326369
duffy,0.006068409168326369
confirmation,0.006068409168326369
makary,0.006068409168326369
signed,0.006068409168326369
russell,0.006068409168326369
covid,0.006068409168326369
staffing,0.006068409168326369
fed,0.006068409168326369
praised,0.006068409168326369
impeachment,0.006068409168326369
arkansas,0.006068409168326369
brendan,0.006068409168326369
chair,0.005724684356099569
team,0.005724684356099569
mike,0.0053941414829567725
marco,0.0053941414829567725
familiar,0.0053941414829567725
gov,0.004770570296749641
role,0.004770570296749641
2025,0.004719873797587176
jr,0.004719873797587176
former,0.004156619225666072
fund,0.004045606112217579
services,0.004045606112217579
child,0.004045606112217579
continues,0.004045606112217579
generals,0.004045606112217579
hopkins,0.004045606112217579
staunch,0.004045606112217579
miller,0.004045606112217579
deputy,0.004045606112217579
matter,0.004045606112217579
smart,0.004045606112217579
name,0.004045606112217579
contrarian,0.004045606112217579
hell,0.004045606112217579
protective,0.004045606112217579
co-chair,0.004045606112217579
nba,0.004045606112217579
appoints,0.004045606112217579
lockdowns,0.004045606112217579
appointment,0.004045606112217579
naming,0.004045606112217579
jerome,0.004045606112217579
warsh,0.004045606112217579
environmental,0.004045606112217579
reserve,0.004045606112217579
chavez-deremer,0.004045606112217579
protection,0.004045606112217579
communications,0.004045606112217579
doug,0.004045606112217579
building,0.004045606112217579
nominates,0.004045606112217579
qualified,0.004045606112217579
tulsi,0.004045606112217579
surgeon,0.004045606112217579
gop,0.004045606112217579
began,0.004045606112217579
lacked,0.004045606112217579
recess,0.004045606112217579
manager,0.004045606112217579
kevin,0.004045606112217579
senators,0.004045606112217579
dakota,0.004045606112217579
ratcliffe,0.004045606112217579
controversy,0.004045606112217579
stefanik,0.004045606112217579
mcginley,0.004045606112217579
skeptic,0.004045606112217579
donor,0.004045606112217579
figure,0.004045606112217579
source,0.004045606112217579
collins,0.004045606112217579
sources,0.004045606112217579
tough,0.004045606112217579
opposition,0.004045606112217579
regulating,0.004045606112217579
lutnick,0.004045606112217579
hedge,0.004045606112217579
nominating,0.004045606112217579
chief,0.004045606112217579
oval,0.004045606112217579
job,0.004045606112217579
governor,0.004045606112217579
efficiency,0.004045606112217579
johns,0.004045606112217579
announcing,0.004045606112217579
vought,0.004045606112217579
contributor,0.004045606112217579
critic,0.004045606112217579
malone,0.004045606112217579
sean,0.004045606112217579
f,0.004045606112217579
intelligence,0.004045606112217579
cabinet,0.003917849235724642
said,0.003657615791795608
agency,0.003371338426847983
ceo,0.003371338426847983
office,0.003200413817821157
news,0.003200413817821157
house,0.0030783101137836473
trumps,0.0030783101137836473
named,0.0028623421780497845
south,0.0028623421780497845
run,0.0028623421780497845
law,0.0028623421780497845
control,0.0028623421780497845
justice,0.0028623421780497845
federal,0.0027984637398033156
been,0.0027984637398033156
government,0.0027432118438467062
him,0.0027432118438467062
appointments,0.0026970707414783863
ha,0.0026970707414783863
embrace,0.0026970707414783863
commerce,0.0026970707414783863
ally,0.0026970707414783863
wants,0.0026970707414783863
israel,0.0026970707414783863
course,0.0026970707414783863
stephen,0.0026970707414783863
enforcement,0.0026970707414783863
offering,0.0026970707414783863
america,0.0026970707414783863
expected,0.0026970707414783863
star,0.0026970707414783863
great,0.0026970707414783863
wright,0.0026970707414783863
defense,0.0026970707414783863
karl,0.0026970707414783863
vaccine,0.0026970707414783863
gabbard,0.0026970707414783863
multiple,0.0026970707414783863
considering,0.0026970707414783863
carry,0.0026970707414783863
then,0.0026970707414783863
consideration,0.0026970707414783863
ex,0.0026970707414783863
chris,0.0026970707414783863
policy,0.0026970707414783863
begin,0.0026970707414783863
town,0.0026970707414783863
members,0.0026970707414783863
nominees,0.0026970707414783863
lawyer,0.0026970707414783863
argued,0.0026970707414783863
howard,0.0026970707414783863
tradition,0.0026970707414783863
same,0.0026970707414783863
billionaire,0.0026970707414783863
major,0.0026970707414783863
white,0.0025186173658229842
,0.0024679926652392305
public,0.0022860098698722553
head,0.0022860098698722553
this,0.0022387709918426524
tuesday,0.0022387709918426524
predictable,0.0020228030561087896
reenters,0.0020228030561087896
performed,0.0020228030561087896
disrupt,0.0020228030561087896
confrontation,0.0020228030561087896
signals,0.0020228030561087896
presiding,0.0020228030561087896
unconven,0.0020228030561087896
boy,0.0020228030561087896
brenner,0.0020228030561087896
remained,0.0020228030561087896
unilaterally,0.0020228030561087896
abuse,0.0020228030561087896
wrestling,0.0020228030561087896
choose,0.0020228030561087896
cantor,0.0020228030561087896
histransition,0.0020228030561087896
overvalued,0.0020228030561087896
withdrawal,0.0020228030561087896
gifted,0.0020228030561087896
circulating,0.0020228030561087896
bureaucracy,0.0020228030561087896
ultimately,0.0020228030561087896
unp,0.0020228030561087896
skipped,0.0020228030561087896
images),0.0020228030561087896
congresswoman,0.0020228030561087896
sudden,0.0020228030561087896
termproject,0.0020228030561087896
weight,0.0020228030561087896
tracking,0.0020228030561087896
above,0.0020228030561087896
bensinger,0.0020228030561087896
introduce,0.0020228030561087896
regime,0.0020228030561087896
elected,0.0020228030561087896
secu,0.0020228030561087896
signa,0.0020228030561087896
echoed,0.0020228030561087896
remembered,0.0020228030561087896
score,0.0020228030561087896
assumes,0.0020228030561087896
decade,0.0020228030561087896
program,0.0020228030561087896
fame,0.0020228030561087896
genuine,0.0020228030561087896
regulation-slashing,0.0020228030561087896
block,0.0020228030561087896
chooses,0.0020228030561087896
teamsters-backed,0.0020228030561087896
servant,0.0020228030561087896
rumor,0.0020228030561087896
functionally,0.0020228030561087896
strutted,0.0020228030561087896
bastion,0.0020228030561087896
fill,0.0020228030561087896
pace,0.0020228030561087896
generaltom,0.0020228030561087896
regains,0.0020228030561087896
@thenbacentel,0.0020228030561087896
rages,0.0020228030561087896
nom,0.0020228030561087896
promote,0.0020228030561087896
believer,0.0020228030561087896
anti-woke,0.0020228030561087896
nomi,0.0020228030561087896
firstwith,0.0020228030561087896
wrestlin,0.0020228030561087896
counsel,0.0020228030561087896
investor,0.0020228030561087896
controversial,0.0020228030561087896
holds,0.0020228030561087896
contributors,0.0020228030561087896
hhstom,0.0020228030561087896
restrained,0.0020228030561087896
signal,0.0020228030561087896
labor,0.0020228030561087896
background,0.0020228030561087896
deploys,0.0020228030561087896
jay,0.0020228030561087896
input,0.0020228030561087896
(r-ore),0.0020228030561087896
private,0.0020228030561087896
incredibly,0.0020228030561087896
sa,0.0020228030561087896
consid,0.0020228030561087896
successor,0.0020228030561087896
lutn,0.0020228030561087896
oversees,0.0020228030561087896
organization,0.0020228030561087896
hardly,0.0020228030561087896
televised,0.0020228030561087896
regi,0.0020228030561087896
bask,0.0020228030561087896
william,0.0020228030561087896
hasnt,0.0020228030561087896
short-circuit,0.0020228030561087896
tenacious,0.0020228030561087896
senior,0.0020228030561087896
sai,0.0020228030561087896
mild,0.0020228030561087896
transportation,0.0020228030561087896
reflect,0.0020228030561087896
author,0.0020228030561087896
halls,0.0020228030561087896
shape,0.0020228030561087896
playing,0.0020228030561087896
jumping,0.0020228030561087896
ramasw,0.0020228030561087896
predecessor,0.0020228030561087896
excess,0.0020228030561087896
co-president,0.0020228030561087896
seats,0.0020228030561087896
r-fla,0.0020228030561087896
wal,0.0020228030561087896
power,0.0020228030561087896
website,0.0020228030561087896
marks,0.0020228030561087896
gift,0.0020228030561087896
drain,0.0020228030561087896
regret,0.0020228030561087896
applause,0.0020228030561087896
guardrails,0.0020228030561087896
nikki,0.0020228030561087896
hard-liner,0.0020228030561087896
takeover,0.0020228030561087896
meant,0.0020228030561087896
úwoke,0.0020228030561087896
maka,0.0020228030561087896
publicly,0.0020228030561087896
trademark,0.0020228030561087896
guest,0.0020228030561087896
harnik/getty,0.0020228030561087896
demote,0.0020228030561087896
apprehensive,0.0020228030561087896
mixed,0.0020228030561087896
embattled,0.0020228030561087896
appe,0.0020228030561087896
donalds,0.0020228030561087896
assistant,0.0020228030561087896
remember,0.0020228030561087896
emerged,0.0020228030561087896
fitzgerald,0.0020228030561087896
listed,0.0020228030561087896
officer,0.0020228030561087896
fortune,0.0020228030561087896
wishlis,0.0020228030561087896
skewers,0.0020228030561087896
engagements,0.0020228030561087896
elevating,0.0020228030561087896
pandemic,0.0020228030561087896
relentlessly,0.0020228030561087896
ironic,0.0020228030561087896
united,0.0020228030561087896
charting,0.0020228030561087896
laid,0.0020228030561087896
drug,0.0020228030561087896
hat,0.0020228030561087896
appointed,0.0020228030561087896
institute,0.0020228030561087896
resistance,0.0020228030561087896
ethics,0.0020228030561087896
fearful,0.0020228030561087896
disavowing,0.0020228030561087896
regul,0.0020228030561087896
24,0.0020228030561087896
shake,0.0020228030561087896
wit,0.0020228030561087896
intention,0.0020228030561087896
deeply,0.0020228030561087896
spectacle,0.0020228030561087896
committee,0.0020228030561087896
prematurely,0.0020228030561087896
marty,0.0020228030561087896
associate,0.0020228030561087896
trialmarking,0.0020228030561087896
abroad,0.0020228030561087896
harness,0.0020228030561087896
hawa,0.0020228030561087896
(r-fla),0.0020228030561087896
noting,0.0020228030561087896
solution,0.0020228030561087896
cia,0.0020228030561087896
sonia,0.0020228030561087896
authors,0.0020228030561087896
increase,0.0020228030561087896
serves,0.0020228030561087896
packed,0.0020228030561087896
swamp,0.0020228030561087896
ring,0.0020228030561087896
confirming,0.0020228030561087896
high-stakes,0.0020228030561087896
flipping,0.0020228030561087896
updated,0.0020228030561087896
familiar),0.0020228030561087896
questioning,0.0020228030561087896
according,0.0020228030561087896
tap,0.0020228030561087896
centers,0.0020228030561087896
newyorktimes,0.0020228030561087896
lat,0.0020228030561087896
orbit,0.0020228030561087896
knowledge,0.0020228030561087896
lori,0.0020228030561087896
nytimescom,0.0020228030561087896
dismantling,0.0020228030561087896
25-basis-point,0.0020228030561087896
reporta,0.0020228030561087896
pitch-black,0.0020228030561087896
invited,0.0020228030561087896
majority,0.0020228030561087896
(fcc),0.0020228030561087896
asks,0.0020228030561087896
representatives,0.0020228030561087896
chavez-d,0.0020228030561087896
founder,0.0020228030561087896
oversight,0.0020228030561087896
wwe,0.0020228030561087896
shell,0.0020228030561087896
positions,0.0020228030561087896
fda,0.0020228030561087896
richest,0.0020228030561087896
informed,0.0020228030561087896
meets,0.0020228030561087896
53,0.0020228030561087896
ceremonial,0.0020228030561087896
mond,0.0020228030561087896
personnel,0.0020228030561087896
virtually,0.0020228030561087896
annoying,0.0020228030561087896
crowds,0.0020228030561087896
co-author,0.0020228030561087896
veteran,0.0020228030561087896
legal,0.0020228030561087896
regards,0.0020228030561087896
(cps),0.0020228030561087896
outright,0.0020228030561087896
provoke,0.0020228030561087896
rumored,0.0020228030561087896
fixed,0.0020228030561087896
sex,0.0020228030561087896
judicial,0.0020228030561087896
infused,0.0020228030561087896
waited,0.0020228030561087896
guard,0.0020228030561087896
deem,0.0020228030561087896
300,0.0020228030561087896
defender,0.0020228030561087896
success,0.0020228030561087896
struggle,0.0020228030561087896
setback,0.0020228030561087896
termtrump,0.0020228030561087896
triggered,0.0020228030561087896
thus,0.0020228030561087896
social,0.0020228030561087896
surr,0.0020228030561087896
th,0.0020228030561087896
call,0.0020228030561087896
controlling,0.0020228030561087896
ominous,0.0020228030561087896
veterans,0.0020228030561087896
announcement,0.0020228030561087896
zeldins,0.0020228030561087896
breakneck,0.0020228030561087896
bank,0.0020228030561087896
little-known,0.0020228030561087896
administrationheres,0.0020228030561087896
423,0.0020228030561087896
requires,0.0020228030561087896
sotomayor,0.0020228030561087896
epa,0.0020228030561087896
first,0.001958924617862321
reported,0.0019082281186998565
platform,0.0019082281186998565
rid,0.0019082281186998565
asked,0.0019082281186998565
person,0.0019082281186998565
significant,0.0019082281186998565
sen,0.0019082281186998565
roles,0.0019082281186998565
less,0.0019082281186998565
john,0.0019082281186998565
advisers,0.0019082281186998565
monday,0.0019082281186998565
behind,0.0019082281186998565
oil,0.0019082281186998565
far,0.0019082281186998565
staff,0.0019082281186998565
georgia,0.0019082281186998565
too,0.0019082281186998565
roll,0.0019082281186998565
statement,0.0019082281186998565
suddenly,0.0019082281186998565
strong,0.0019082281186998565
amid,0.0019082281186998565
thursday,0.001828807895897804
media,0.001828807895897804
just,0.001828807895897804
those,0.001828807895897804
several,0.001828807895897804
democratic,0.001828807895897804
plans,0.001828807895897804
her,0.001828807895897804
new,0.0016886265604268418
republicans,0.0016790782438819893
hes,0.0016790782438819893
term,0.0013992318699016578
would,0.0013992318699016578
about,0.0013992318699016578
post,0.0013716059219233531
than,0.0013716059219233531
top,0.0013716059219233531
or,0.0013716059219233531
using,0.0013716059219233531
become,0.0013716059219233531
get,0.0013716059219233531
confirm,0.0013485353707391931
ch,0.0013485353707391931
billionaires,0.0013485353707391931
represented,0.0013485353707391931
wouldnt,0.0013485353707391931
food,0.0013485353707391931
nomination,0.0013485353707391931
bowed,0.0013485353707391931
losing,0.0013485353707391931
fighter,0.0013485353707391931
select,0.0013485353707391931
example,0.0013485353707391931
warning,0.0013485353707391931
opponent,0.0013485353707391931
moment,0.0013485353707391931
secret,0.0013485353707391931
dr,0.0013485353707391931
martin,0.0013485353707391931
company,0.0013485353707391931
saturday,0.0013485353707391931
military,0.0013485353707391931
matters,0.0013485353707391931
entrepreneur,0.0013485353707391931
they,0.0013485353707391931
politician,0.0013485353707391931
account,0.0013485353707391931
fall,0.0013485353707391931
effect,0.0013485353707391931
aide,0.0013485353707391931
august,0.0013485353707391931
inside,0.0013485353707391931
await,0.0013485353707391931
influential,0.0013485353707391931
decisions,0.0013485353707391931
ticket,0.0013485353707391931
audience,0.0013485353707391931
aim,0.0013485353707391931
reverse,0.0013485353707391931
mean,0.0013485353707391931
online,0.0013485353707391931
supreme,0.0013485353707391931
youngest,0.0013485353707391931
warned,0.0013485353707391931
regulations,0.0013485353707391931
courts,0.0013485353707391931
accused,0.0013485353707391931
citing,0.0013485353707391931
environment,0.0013485353707391931
education,0.0013485353707391931
thoughts,0.0013485353707391931
boss,0.0013485353707391931
promised,0.0013485353707391931
whether,0.0013485353707391931
vowed,0.0013485353707391931
released,0.0013485353707391931
facing,0.0013485353707391931
parts,0.0013485353707391931
overhaul,0.0013485353707391931
leave,0.0013485353707391931
celebrity,0.0013485353707391931
onstage,0.0013485353707391931
financial,0.0013485353707391931
spacex,0.0013485353707391931
challenging,0.0013485353707391931
pm,0.0013485353707391931
something,0.0013485353707391931
mandate,0.0013485353707391931
baptist,0.0013485353707391931
firm,0.0013485353707391931
andrew,0.0013485353707391931
administrator,0.0013485353707391931
personal,0.0013485353707391931
brought,0.0013485353707391931
meet,0.0013485353707391931
again,0.0013485353707391931
human,0.0013485353707391931
acc,0.0013485353707391931
worth,0.0013485353707391931
pul,0.0013485353707391931
charged,0.0013485353707391931
seat,0.0013485353707391931
misconduct,0.0013485353707391931
tr,0.0013485353707391931
visit,0.0013485353707391931
trigger,0.0013485353707391931
focused,0.0013485353707391931
having,0.0013485353707391931
journal,0.0013485353707391931
commissioner,0.0013485353707391931
dismantle,0.0013485353707391931
vision,0.0013485353707391931
install,0.0013485353707391931
rise,0.0013485353707391931
13,0.0013485353707391931
20,0.0013485353707391931
reports,0.0013485353707391931
nations,0.0013485353707391931
against,0.0013485353707391931
posted,0.0013485353707391931
unveiled,0.0013485353707391931
wasnt,0.0013485353707391931
story,0.0013485353707391931
moderate,0.0013485353707391931
himself,0.0013485353707391931
scrutiny,0.0013485353707391931
stands,0.0013485353707391931
theyve,0.0013485353707391931
served,0.0013485353707391931
actions,0.0013485353707391931
couldnt,0.0013485353707391931
begun,0.0013485353707391931
distanced,0.0013485353707391931
shifts,0.0013485353707391931
since,0.0013485353707391931
commission,0.0013485353707391931
haley,0.0013485353707391931
slash,0.0013485353707391931
between,0.0013485353707391931
agreements,0.0013485353707391931
supporting,0.0013485353707391931
weighing,0.0013485353707391931
conservative,0.0013485353707391931
immigration,0.0013485353707391931
personality,0.0013485353707391931
tariffs,0.0013485353707391931
fire,0.0013485353707391931
rescind,0.0013485353707391931
budget,0.0013485353707391931
business,0.0013485353707391931
urging,0.0013485353707391931
filling,0.0013485353707391931
unconstitutional,0.0013485353707391931
today,0.0013485353707391931
affairs,0.0013485353707391931
bill,0.0013485353707391931
orders,0.0013485353707391931
maga,0.0013485353707391931
works,0.0013485353707391931
car,0.0013485353707391931
wo,0.0013485353707391931
fellow,0.0013485353707391931
cloud,0.0013485353707391931
reporter,0.0013485353707391931
lost,0.0013485353707391931
president-e,0.0013485353707391931
s,0.0013485353707391931
foundation,0.0013485353707391931
proceedings,0.0013485353707391931
king,0.0013485353707391931
ag,0.0013485353707391931
allegedly,0.0013485353707391931
does,0.0013485353707391931
williams/cq,0.0013485353707391931
central,0.0013485353707391931
sparked,0.0013485353707391931
after,0.001169049157218583
second,0.001169049157218583
says,0.0011193854959213262
york,0.0011193854959213262
which,0.0011193854959213262
presidential,0.0011193854959213262
one,0.0011193854959213262
all,0.0011193854959213262
by,0.0011193854959213262
during,0.0011193854959213262
an,0.001039154806416518
at,0.001039154806416518
speaks,0.0009541140593499282
challenge,0.0009541140593499282
getting,0.0009541140593499282
spacexs,0.0009541140593499282
jobs,0.0009541140593499282
criticized,0.0009541140593499282
line,0.0009541140593499282
gets,0.0009541140593499282
true,0.0009541140593499282
leaves,0.0009541140593499282
selection,0.0009541140593499282
small,0.0009541140593499282
face,0.0009541140593499282
place,0.0009541140593499282
(and,0.0009541140593499282
foreign,0.0009541140593499282
candidates,0.0009541140593499282
appoint,0.0009541140593499282
asking,0.0009541140593499282
michael,0.0009541140593499282
recommends,0.0009541140593499282
month,0.0009541140593499282
held,0.0009541140593499282
minister,0.0009541140593499282
currently,0.0009541140593499282
afternoon,0.0009541140593499282
continued,0.0009541140593499282
push,0.0009541140593499282
didnt,0.0009541140593499282
stage,0.0009541140593499282
agenda,0.0009541140593499282
garbage,0.0009541140593499282
democrats,0.0009541140593499282
described,0.0009541140593499282
n,0.0009541140593499282
sexual,0.0009541140593499282
fresh,0.0009541140593499282
fossil,0.0009541140593499282
large,0.0009541140593499282
know,0.0009541140593499282
de,0.0009541140593499282
sending,0.0009541140593499282
battle,0.0009541140593499282
hall,0.0009541140593499282
range,0.0009541140593499282
poised,0.0009541140593499282
retired,0.0009541140593499282
very,0.0009541140593499282
truth,0.0009541140593499282
development,0.0009541140593499282
action,0.0009541140593499282
biggest,0.0009541140593499282
withdrew,0.0009541140593499282
go,0.0009541140593499282
abc,0.0009541140593499282
influence,0.0009541140593499282
point,0.0009541140593499282
itself,0.0009541140593499282
surprise,0.0009541140593499282
army,0.0009541140593499282
faces,0.0009541140593499282
unprecedented,0.0009541140593499282
dont,0.0009541140593499282
fuel,0.0009541140593499282
reportedly,0.0009541140593499282
remains,0.0009541140593499282
recently,0.0009541140593499282
cnn,0.0009541140593499282
warns,0.0009541140593499282
early,0.0009541140593499282
did,0.0009541140593499282
hours,0.0009541140593499282
market,0.0009541140593499282
own,0.0009541140593499282
attacks,0.0009541140593499282
party,0.0009541140593499282
four,0.0009541140593499282
however,0.0009541140593499282
later,0.0009541140593499282
management,0.0009541140593499282
x,0.0009541140593499282
projected,0.0009541140593499282
every,0.0009541140593499282
yet,0.0009541140593499282
direct,0.0009541140593499282
radical,0.0009541140593499282
repeatedly,0.0009541140593499282
service,0.0009541140593499282
reason,0.0009541140593499282
reporters,0.0009541140593499282
j,0.0009541140593499282
do,0.000914403947948902
state,0.000914403947948902
even,0.000914403947948902
nominee,0.000914403947948902
takeaways,0.000914403947948902
both,0.000914403947948902
friday,0.000914403947948902
transition,0.000914403947948902
week,0.000914403947948902
now,0.000914403947948902
help,0.000914403947948902
article,0.000914403947948902
are,0.0009092604556144533
administration,0.0009092604556144533
part,0.0008395391219409947
words,0.0008395391219409947
&amp,0.0008395391219409947
framework,0.0008395391219409947
transparency,0.0008395391219409947
iab,0.0008395391219409947
partners,0.0008395391219409947
and/or,0.0008395391219409947
237,0.0008395391219409947
washington,0.0008395391219409947
say,0.0008395391219409947
night,0.0008395391219409947
our,0.0008395391219409947
use,0.0008395391219409947
device,0.0008395391219409947
information,0.0008395391219409947
click,0.0008395391219409947
store,0.0008395391219409947
when,0.0008395391219409947
accept,0.0008395391219409947
(in,0.0008395391219409947
we,0.0008395391219409947
next,0.0008395391219409947
consent,0.0008395391219409947
world,0.0008395391219409947
campaign,0.0007793661048123886
what,0.0007793661048123886
b,0.0006742676853695966
senator,0.0006742676853695966
work,0.0006742676853695966
campaigned,0.0006742676853695966
2020,0.0006742676853695966
et,0.0006742676853695966
energy,0.0006742676853695966
h,0.0006742676853695966
street,0.0006742676853695966
hand,0.0006742676853695966
allies,0.0006742676853695966
candidate,0.0006742676853695966
workers,0.0006742676853695966
direction,0.0006742676853695966
event,0.0006742676853695966
think,0.0006742676853695966
incoming,0.0006742676853695966
took,0.0006742676853695966
previously,0.0006742676853695966
doesnt,0.0006742676853695966
agencies,0.0006742676853695966
garden,0.0006742676853695966
case,0.0006742676853695966
latest,0.0006742676853695966
there,0.0006742676853695966
old,0.0006742676853695966
times,0.0006742676853695966
trail,0.0006742676853695966
ken,0.0006742676853695966
check,0.0006742676853695966
square,0.0006742676853695966
ahead,0.0006742676853695966
off,0.0006742676853695966
way,0.0006742676853695966
american,0.0006742676853695966
ago,0.0006742676853695966
went,0.0006742676853695966
january,0.0006742676853695966
spending,0.0006742676853695966
returns,0.0006742676853695966
list,0.0006742676853695966
madison,0.0006742676853695966
join,0.0006742676853695966
left,0.0006742676853695966
open,0.0006742676853695966
war,0.0006742676853695966
wall,0.0006742676853695966
issues,0.0006742676853695966
days,0.0006742676853695966
sent,0.0006742676853695966
real,0.0006742676853695966
despite,0.0006742676853695966
scale,0.0006742676853695966
still,0.0006742676853695966
least,0.0006742676853695966
referred,0.0006742676853695966
being,0.0006742676853695966
p,0.0006742676853695966
rfk,0.0006742676853695966
key,0.0006494717540103238
other,0.0006494717540103238
its,0.0006494717540103238
republican,0.0006494717540103238
but,0.0006494717540103238
more,0.0005596927479606631
won,0.0005596927479606631
whats,0.0005596927479606631
last,0.0005596927479606631
states,0.0005596927479606631
time,0.0005596927479606631
day,0.0005596927479606631
support,0.0005596927479606631
out,0.000519577403208259
also,0.000519577403208259
you,0.000519577403208259
including,0.000519577403208259
generate,0.000457201973974451
any,0.000457201973974451
promise,0.000457201973974451
winning,0.000457201973974451
already,0.000457201973974451
improve,0.000457201973974451
nearly,0.000457201973974451
court,0.000457201973974451
protect,0.000457201973974451
set,0.000457201973974451
votes,0.000457201973974451
4,0.000457201973974451
told,0.000457201973974451
yahoo,0.000457201973974451
getty,0.000457201973974451
toward,0.000457201973974451
across,0.000457201973974451
well,0.000457201973974451
border,0.000457201973974451
history,0.000457201973974451
appeared,0.000457201973974451
most,0.000457201973974451
comment,0.000457201973974451
info,0.000457201973974451
via,0.000457201973974451
kamala,0.000457201973974451
current,0.000457201973974451
mistakes,0.000457201973974451
match,0.000457201973974451
made,0.000457201973974451
once,0.000457201973974451
she,0.000457201973974451
vice,0.000457201973974451
take,0.000457201973974451
future,0.000457201973974451
message,0.000457201973974451
along,0.000457201973974451
speaking,0.000457201973974451
experiencegenerate,0.000457201973974451
some,0.0003896830524061943
no,0.0003896830524061943
years,0.0003896830524061943
wednesday,0.0003896830524061943
another,0.0003896830524061943
access,0.0003896830524061943
heres,0.00027984637398033156
might,0.00027984637398033156
reporting,0.00027984637398033156
claims,0.00027984637398033156
pennsylvania,0.00027984637398033156
sunday,0.00027984637398033156
need,0.00027984637398033156
make,0.00027984637398033156
i,0.00027984637398033156
2024,0.00027984637398033156
images,0.00027984637398033156
always,0.00027984637398033156
return,0.00027984637398033156
ai,0.00027984637398033156
before,0.00027984637398033156
potential,0.00027984637398033156
means,0.00027984637398033156
november,0.00027984637398033156
two,0.00027984637398033156
year,0.00027984637398033156
helps,0.00027984637398033156
like,0.00027984637398033156
bidens,0.00027984637398033156
ready,0.00027984637398033156
over,0.0002597887016041295
presidency,0.0002597887016041295
under,0.0002597887016041295
may,0.0002597887016041295
it,0.0002597887016041295
likely,0.00012989435080206475
morning,0.00012989435080206475
recent,0.00012989435080206475
can,0.00012989435080206475
harris,0.00012989435080206475
not,0.00012989435080206475
into,0.00012989435080206475
