elon,0.009712239255633451
sentencing,0.009201068768494849
criminal,0.009201068768494849
attorney,0.009201068768494849
judge,0.009201068768494849
florida,0.007956579486083325
musks,0.007956579486083325
starship,0.00766755730707904
musk,0.006645216332801835
tapper,0.0061340458456632324
lawsuit,0.0061340458456632324
against,0.0051117048713860275
spacex,0.0051117048713860275
mar-a-lago,0.0051117048713860275
pardon,0.0046005343842474246
eric,0.0046005343842474246
hush,0.0046005343842474246
launch,0.0046005343842474246
photos,0.0046005343842474246
rocket,0.0046005343842474246
district,0.0046005343842474246
rally,0.0046005343842474246
postponed,0.0046005343842474246
cases,0.0046005343842474246
orange,0.0046005343842474246
adjourn,0.0046005343842474246
actors,0.0046005343842474246
body,0.0046005343842474246
appearance,0.0046005343842474246
sixth,0.0046005343842474246
twitter,0.0046005343842474246
assemble,0.0046005343842474246
golf,0.0046005343842474246
gaetz,0.0043399524469545404
general,0.0043399524469545404
melania,0.004089363897108822
money,0.004089363897108822
jd,0.004089363897108822
2016,0.004089363897108822
jake,0.004089363897108822
he,0.004030943493055926
while,0.003616627039128784
justice,0.003616627039128784
staff,0.003616627039128784
trumps,0.003606633651681618
him,0.0034661034605142746
at,0.0032496577851100624
jan,0.0030670229228316162
underscored,0.0030670229228316162
attend,0.0030670229228316162
nov,0.0030670229228316162
llc,0.0030670229228316162
epstein,0.0030670229228316162
delay,0.0030670229228316162
jeffrey,0.0030670229228316162
wants,0.0030670229228316162
teams,0.0030670229228316162
indictments,0.0030670229228316162
confidence,0.0030670229228316162
keep,0.0030670229228316162
34,0.0030670229228316162
halted,0.0030670229228316162
trial,0.0030670229228316162
statues,0.0030670229228316162
sebastian,0.0030670229228316162
theorists,0.0030670229228316162
womans,0.0030670229228316162
eddy,0.0030670229228316162
jokes,0.0030670229228316162
colbert,0.0030670229228316162
victory,0.0030670229228316162
mumtalakat,0.0030670229228316162
madison,0.0030670229228316162
holding,0.0030670229228316162
convicted,0.0030670229228316162
flight,0.0030670229228316162
away,0.0030670229228316162
dc,0.0030670229228316162
anderson,0.0030670229228316162
update,0.0030670229228316162
girls,0.0030670229228316162
tv,0.0030670229228316162
robot,0.0030670229228316162
boosting,0.0030670229228316162
investigative,0.0030670229228316162
questions,0.0030670229228316162
adams,0.0030670229228316162
requests,0.0030670229228316162
stripes,0.0030670229228316162
pre-election,0.0030670229228316162
residence,0.0030670229228316162
hush-money,0.0030670229228316162
brought,0.0030670229228316162
avenue,0.0030670229228316162
springsteen,0.0030670229228316162
placed,0.0030670229228316162
hosts,0.0030670229228316162
leading,0.0030670229228316162
square,0.0030670229228316162
mockery,0.0030670229228316162
prosecutor,0.0030670229228316162
cnns,0.0030670229228316162
cooper,0.0030670229228316162
conspiracy,0.0030670229228316162
language,0.0030670229228316162
weekend,0.0030670229228316162
really,0.0030670229228316162
21,0.0030670229228316162
principal,0.0030670229228316162
dogs,0.0030670229228316162
prominent,0.0030670229228316162
pause,0.0030670229228316162
olentangy,0.0030670229228316162
supported,0.0030670229228316162
bruce,0.0030670229228316162
international,0.0030670229228316162
bryce,0.0030670229228316162
andrews,0.0030670229228316162
goes,0.0030670229228316162
gets,0.0028933016313030272
-,0.0028933016313030272
didnt,0.0028933016313030272
garbage,0.0028933016313030272
t,0.0028933016313030272
department,0.0028933016313030272
much,0.0028933016313030272
matt,0.0028933016313030272
,0.002658810915090051
video,0.0025558524356930137
billionaire,0.0025558524356930137
they,0.0025558524356930137
jr,0.0025558524356930137
garden,0.0025558524356930137
case,0.0025558524356930137
social,0.0025558524356930137
all,0.002545859048245848
by,0.002545859048245848
we,0.002545859048245848
this,0.002545859048245848
had,0.002426272422359992
use,0.0023337041275586943
presidential,0.0023337041275586943
reported,0.0021699762234772702
monday,0.0021699762234772702
liz,0.0021699762234772702
show,0.0021699762234772702
tony,0.0021699762234772702
hawk,0.0021699762234772702
spoke,0.0021699762234772702
line,0.0021699762234772702
months,0.0021699762234772702
until,0.0021699762234772702
going,0.0021699762234772702
cheney,0.0021699762234772702
racist,0.0021699762234772702
reporters,0.0021699762234772702
part,0.00212154920687154
&amp,0.00212154920687154
week,0.002079662076308565
she,0.002079662076308565
media,0.002079662076308565
close,0.002044681948554411
vances,0.002044681948554411
starting,0.002044681948554411
status,0.002044681948554411
cities,0.002044681948554411
critics,0.002044681948554411
back,0.002044681948554411
should,0.002044681948554411
spent,0.002044681948554411
weeks,0.002044681948554411
entire,0.002044681948554411
c,0.002044681948554411
testified,0.002044681948554411
charged,0.002044681948554411
desantis,0.002044681948554411
tesla,0.002044681948554411
tapped,0.002044681948554411
lap,0.002044681948554411
consideration,0.002044681948554411
board,0.002044681948554411
idea,0.002044681948554411
returned,0.002044681948554411
loyalist,0.002044681948554411
seemed,0.002044681948554411
beginning,0.002044681948554411
pam,0.002044681948554411
percent,0.002044681948554411
johnson,0.002044681948554411
2020,0.002044681948554411
example,0.002044681948554411
bondi,0.002044681948554411
(reuters),0.002044681948554411
school,0.002044681948554411
vance,0.002044681948554411
waiting,0.002044681948554411
rallies,0.002044681948554411
june,0.002044681948554411
fema,0.002044681948554411
dropped,0.002044681948554411
6,0.002044681948554411
stephen,0.002044681948554411
editorial,0.002044681948554411
claim,0.002044681948554411
supporters,0.002044681948554411
worth,0.002044681948554411
included,0.002044681948554411
arent,0.002044681948554411
reports,0.002044681948554411
full,0.002044681948554411
club,0.002044681948554411
manhattan,0.002044681948554411
days,0.002044681948554411
palm,0.002044681948554411
meeting,0.002044681948554411
without,0.002044681948554411
test,0.002044681948554411
standing,0.002044681948554411
new,0.0019694895667333712
are,0.0019694895667333712
words,0.001909394286184386
information,0.001909394286184386
store,0.001909394286184386
(in,0.001909394286184386
consent,0.001909394286184386
framework,0.001909394286184386
transparency,0.001909394286184386
iab,0.001909394286184386
partners,0.001909394286184386
and/or,0.001909394286184386
237,0.001909394286184386
our,0.001909394286184386
device,0.001909394286184386
click,0.001909394286184386
accept,0.001909394286184386
former,0.0018710150883967027
after,0.0017725406100600341
just,0.0017330517302571373
set,0.0017330517302571373
now,0.0017330517302571373
take,0.0017330517302571373
said,0.0017330517302571373
do,0.0017330517302571373
most,0.0017330517302571373
washington,0.001697239365497232
white,0.001697239365497232
york,0.001697239365497232
2024,0.001697239365497232
about,0.001697239365497232
filmúthe,0.0015335114614158081
mastermind,0.0015335114614158081
dodges,0.0015335114614158081
dt,0.0015335114614158081
thriving,0.0015335114614158081
ruled,0.0015335114614158081
please,0.0015335114614158081
highly-anticipated,0.0015335114614158081
summit,0.0015335114614158081
broad,0.0015335114614158081
whatever,0.0015335114614158081
psychotherapists,0.0015335114614158081
re,0.0015335114614158081
celebrates,0.0015335114614158081
periodically,0.0015335114614158081
owners,0.0015335114614158081
rovers,0.0015335114614158081
records,0.0015335114614158081
briefing,0.0015335114614158081
miles,0.0015335114614158081
reacted,0.0015335114614158081
residents,0.0015335114614158081
voiced,0.0015335114614158081
dismissed,0.0015335114614158081
splashy,0.0015335114614158081
abolishing,0.0015335114614158081
glee,0.0015335114614158081
investigators,0.0015335114614158081
quiet,0.0015335114614158081
vitriol,0.0015335114614158081
apprentice,0.0015335114614158081
demands,0.0015335114614158081
conclusively,0.0015335114614158081
overseeing,0.0015335114614158081
stint,0.0015335114614158081
awkwardly,0.0015335114614158081
inseparable,0.0015335114614158081
clone,0.0015335114614158081
columnist,0.0015335114614158081
alvin,0.0015335114614158081
100,0.0015335114614158081
ratings,0.0015335114614158081
room,0.0015335114614158081
sover,0.0015335114614158081
preelection,0.0015335114614158081
stars,0.0015335114614158081
file,0.0015335114614158081
op,0.0015335114614158081
viewer,0.0015335114614158081
pack,0.0015335114614158081
civil,0.0015335114614158081
used,0.0015335114614158081
guests,0.0015335114614158081
fight,0.0015335114614158081
wash,0.0015335114614158081
pray,0.0015335114614158081
úyoung,0.0015335114614158081
watters,0.0015335114614158081
comments,0.0015335114614158081
defending,0.0015335114614158081
appears,0.0015335114614158081
margo,0.0015335114614158081
off-color,0.0015335114614158081
husbands,0.0015335114614158081
chummy,0.0015335114614158081
therapy,0.0015335114614158081
oklahoma,0.0015335114614158081
personalities,0.0015335114614158081
hitler,0.0015335114614158081
rele,0.0015335114614158081
billion,0.0015335114614158081
lawmakers,0.0015335114614158081
tainted,0.0015335114614158081
singapore,0.0015335114614158081
heavily,0.0015335114614158081
filed,0.0015335114614158081
focuses,0.0015335114614158081
trialcurtis,0.0015335114614158081
mayor,0.0015335114614158081
disputes,0.0015335114614158081
aviation,0.0015335114614158081
úelectric,0.0015335114614158081
hiring,0.0015335114614158081
flocked,0.0015335114614158081
details,0.0015335114614158081
violating,0.0015335114614158081
treat,0.0015335114614158081
watch,0.0015335114614158081
population,0.0015335114614158081
1982,0.0015335114614158081
donning,0.0015335114614158081
views,0.0015335114614158081
absurd,0.0015335114614158081
yells,0.0015335114614158081
explicitly,0.0015335114614158081
lured,0.0015335114614158081
abu,0.0015335114614158081
free-range,0.0015335114614158081
hear,0.0015335114614158081
shapiro,0.0015335114614158081
social-media,0.0015335114614158081
evidence,0.0015335114614158081
entourage,0.0015335114614158081
dodge,0.0015335114614158081
aileen,0.0015335114614158081
rallyjabin,0.0015335114614158081
breaking,0.0015335114614158081
po,0.0015335114614158081
accusing,0.0015335114614158081
individuals,0.0015335114614158081
59%,0.0015335114614158081
view,0.0015335114614158081
argument,0.0015335114614158081
prancing,0.0015335114614158081
uncharacteristically,0.0015335114614158081
latest,0.0015335114614158081
truck,0.0015335114614158081
2024chip,0.0015335114614158081
coke,0.0015335114614158081
stans,0.0015335114614158081
ambulance,0.0015335114614158081
acro,0.0015335114614158081
wor,0.0015335114614158081
vest,0.0015335114614158081
base,0.0015335114614158081
dimensions,0.0015335114614158081
dubious,0.0015335114614158081
location,0.0015335114614158081
indefinitelypossibly,0.0015335114614158081
workshopping,0.0015335114614158081
6th,0.0015335114614158081
capitol,0.0015335114614158081
silk,0.0015335114614158081
send,0.0015335114614158081
joins,0.0015335114614158081
vengeance,0.0015335114614158081
cocaine,0.0015335114614158081
masters,0.0015335114614158081
msnbcs,0.0015335114614158081
donate,0.0015335114614158081
proven,0.0015335114614158081
úactors,0.0015335114614158081
chairman,0.0015335114614158081
suggesting,0.0015335114614158081
operates,0.0015335114614158081
single-handedly,0.0015335114614158081
firing,0.0015335114614158081
útopless,0.0015335114614158081
focal,0.0015335114614158081
ellipse,0.0015335114614158081
prez-elect,0.0015335114614158081
fallen,0.0015335114614158081
mich,0.0015335114614158081
hacky,0.0015335114614158081
probe,0.0015335114614158081
outcome,0.0015335114614158081
post-screening,0.0015335114614158081
traits,0.0015335114614158081
permitted,0.0015335114614158081
additional,0.0015335114614158081
feinb,0.0015335114614158081
telegraph,0.0015335114614158081
invites,0.0015335114614158081
fro,0.0015335114614158081
generally,0.0015335114614158081
abruptly,0.0015335114614158081
formed,0.0015335114614158081
conviction,0.0015335114614158081
sides,0.0015335114614158081
students,0.0015335114614158081
dismissing,0.0015335114614158081
allow,0.0015335114614158081
structures,0.0015335114614158081
laughing,0.0015335114614158081
future),0.0015335114614158081
meanwhile,0.0015335114614158081
temporary,0.0015335114614158081
felony,0.0015335114614158081
korean,0.0015335114614158081
criti,0.0015335114614158081
implications,0.0015335114614158081
attempt,0.0015335114614158081
woodward,0.0015335114614158081
accompanied,0.0015335114614158081
war,0.0015335114614158081
bombed,0.0015335114614158081
passenger,0.0015335114614158081
postpones,0.0015335114614158081
lashed,0.0015335114614158081
lennard,0.0015335114614158081
cause,0.0015335114614158081
wed,0.0015335114614158081
mclarenautomotive,0.0015335114614158081
poten,0.0015335114614158081
q&ampa,0.0015335114614158081
reuters,0.0015335114614158081
apa,0.0015335114614158081
jesse,0.0015335114614158081
scarborough,0.0015335114614158081
describe,0.0015335114614158081
laughter,0.0015335114614158081
reasoning,0.0015335114614158081
either,0.0015335114614158081
criticism,0.0015335114614158081
(faa),0.0015335114614158081
appearances,0.0015335114614158081
1,0.0015335114614158081
therapist,0.0015335114614158081
grant,0.0015335114614158081
variety,0.0015335114614158081
dodged,0.0015335114614158081
joint,0.0015335114614158081
fulton,0.0015335114614158081
mocking,0.0015335114614158081
chiefs,0.0015335114614158081
administrative,0.0015335114614158081
intriguingly,0.0015335114614158081
buddi,0.0015335114614158081
dinner,0.0015335114614158081
discrimination,0.0015335114614158081
gatekeepers,0.0015335114614158081
heading,0.0015335114614158081
practitioners,0.0015335114614158081
summer,0.0015335114614158081
indefinitelypotentially,0.0015335114614158081
husband,0.0015335114614158081
triggers,0.0015335114614158081
withdrawl,0.0015335114614158081
murder-for-hire,0.0015335114614158081
otherwise,0.0015335114614158081
congressjeff,0.0015335114614158081
friendly,0.0015335114614158081
joking,0.0015335114614158081
wordand,0.0015335114614158081
pedophile,0.0015335114614158081
tires,0.0015335114614158081
bob,0.0015335114614158081
theyd,0.0015335114614158081
numbersthe,0.0015335114614158081
participation,0.0015335114614158081
meg,0.0015335114614158081
prosecutors,0.0015335114614158081
celebrities,0.0015335114614158081
ron,0.0015335114614158081
utilized,0.0015335114614158081
watches,0.0015335114614158081
supposedly,0.0015335114614158081
sues,0.0015335114614158081
career,0.0015335114614158081
w/,0.0015335114614158081
fury,0.0015335114614158081
bond,0.0015335114614158081
escalates,0.0015335114614158081
natasha,0.0015335114614158081
creator,0.0015335114614158081
negative,0.0015335114614158081
post/the,0.0015335114614158081
worried,0.0015335114614158081
kids,0.0015335114614158081
josh,0.0015335114614158081
ther,0.0015335114614158081
sweet,0.0015335114614158081
aid,0.0015335114614158081
expecting,0.0015335114614158081
exploring,0.0015335114614158081
ariz,0.0015335114614158081
consequences,0.0015335114614158081
effects,0.0015335114614158081
rican,0.0015335114614158081
wreak,0.0015335114614158081
stan,0.0015335114614158081
prevents,0.0015335114614158081
1974,0.0015335114614158081
vids,0.0015335114614158081
rev,0.0015335114614158081
gett,0.0015335114614158081
forbes,0.0015335114614158081
officejudge,0.0015335114614158081
shows,0.0015335114614158081
refers,0.0015335114614158081
reminder,0.0015335114614158081
2019,0.0015335114614158081
cyvn,0.0015335114614158081
309,0.0015335114614158081
arriving,0.0015335114614158081
commentary,0.0015335114614158081
mattered,0.0015335114614158081
blow-up,0.0015335114614158081
courtroom,0.0015335114614158081
goin,0.0015335114614158081
paragraph,0.0015335114614158081
sundays,0.0015335114614158081
exasperated,0.0015335114614158081
robotic,0.0015335114614158081
swiped,0.0015335114614158081
congressmans,0.0015335114614158081
sarah,0.0015335114614158081
flabbergasted,0.0015335114614158081
mika,0.0015335114614158081
scope,0.0015335114614158081
shameless,0.0015335114614158081
appearing,0.0015335114614158081
insisting,0.0015335114614158081
blue-collar,0.0015335114614158081
bottari/zuffa,0.0015335114614158081
agreed,0.0015335114614158081
crush,0.0015335114614158081
degree,0.0015335114614158081
gen,0.0015335114614158081
2018,0.0015335114614158081
glendale,0.0015335114614158081
short,0.0015335114614158081
bash,0.0015335114614158081
botsford/the,0.0015335114614158081
gatekeeping,0.0015335114614158081
unger/zuffa,0.0015335114614158081
wife,0.0015335114614158081
such,0.0015335114614158081
intercept,0.0015335114614158081
blackmail-able,0.0015335114614158081
waste,0.0015335114614158081
varietys,0.0015335114614158081
complete,0.0015335114614158081
delayed,0.0015335114614158081
times,0.0015335114614158081
counts,0.0015335114614158081
06,0.0015335114614158081
gop,0.0015335114614158081
attends,0.0015335114614158081
$11,0.0015335114614158081
choke,0.0015335114614158081
brzezinski,0.0015335114614158081
infringement,0.0015335114614158081
minute,0.0015335114614158081
purcha,0.0015335114614158081
dhabi-based,0.0015335114614158081
ulbricht,0.0015335114614158081
interview,0.0015335114614158081
foreseeable,0.0015335114614158081
nose,0.0015335114614158081
rare,0.0015335114614158081
alleging,0.0015335114614158081
vi,0.0015335114614158081
binds,0.0015335114614158081
temptation,0.0015335114614158081
úwell,0.0015335114614158081
willis,0.0015335114614158081
copyright,0.0015335114614158081
cannon,0.0015335114614158081
further,0.0015335114614158081
indefinitely,0.0015335114614158081
defendant,0.0015335114614158081
firestorm,0.0015335114614158081
fitness,0.0015335114614158081
suing,0.0015335114614158081
off,0.0015335114614158081
heels,0.0015335114614158081
satirical,0.0015335114614158081
closes,0.0015335114614158081
pool/getty,0.0015335114614158081
eviscerated,0.0015335114614158081
thunder,0.0015335114614158081
superintendent,0.0015335114614158081
hs,0.0015335114614158081
ou,0.0015335114614158081
express,0.0015335114614158081
milley,0.0015335114614158081
loyalists,0.0015335114614158081
self-driving,0.0015335114614158081
ethical,0.0015335114614158081
felon,0.0015335114614158081
supporter,0.0015335114614158081
premise,0.0015335114614158081
206000,0.0015335114614158081
ask,0.0015335114614158081
anchor,0.0015335114614158081
visited,0.0015335114614158081
aware,0.0015335114614158081
tremendously,0.0015335114614158081
investigates,0.0015335114614158081
settle,0.0015335114614158081
moody,0.0015335114614158081
bragg,0.0015335114614158081
starships,0.0015335114614158081
elites,0.0015335114614158081
epstein-trump,0.0015335114614158081
úmandate,0.0015335114614158081
beyonc√©,0.0015335114614158081
tapes,0.0015335114614158081
according,0.0015335114614158081
kick,0.0015335114614158081
trying,0.0015335114614158081
mess,0.0015335114614158081
dangerous,0.0015335114614158081
since,0.0015335114614158081
offensive,0.0015335114614158081
lynch,0.0015335114614158081
overturn,0.0015335114614158081
possibly,0.0015335114614158081
outrage,0.0015335114614158081
reflects,0.0015335114614158081
elicit,0.0015335114614158081
juan,0.0015335114614158081
bromance,0.0015335114614158081
viper,0.0015335114614158081
grappling,0.0015335114614158081
rallied,0.0015335114614158081
guns,0.0015335114614158081
historically,0.0015335114614158081
enterprise,0.0015335114614158081
fire,0.0015335114614158081
prison,0.0015335114614158081
weirdly,0.0015335114614158081
denying,0.0015335114614158081
thanksgiving,0.0015335114614158081
wondered,0.0015335114614158081
charges,0.0015335114614158081
ambulances,0.0015335114614158081
úfalsifying,0.0015335114614158081
ashley,0.0015335114614158081
fani,0.0015335114614158081
=,0.0015335114614158081
oppon,0.0015335114614158081
msnb,0.0015335114614158081
bronze-colored,0.0015335114614158081
barron,0.0015335114614158081
sprouting,0.0015335114614158081
bump,0.0015335114614158081
ross,0.0015335114614158081
togetherchris,0.0015335114614158081
progressive,0.0015335114614158081
sin,0.0015335114614158081
delays,0.0015335114614158081
disinvites,0.0015335114614158081
soar,0.0015335114614158081
surveys,0.0015335114614158081
separation,0.0015335114614158081
conversations,0.0015335114614158081
closin,0.0015335114614158081
19),0.0015335114614158081
repor,0.0015335114614158081
deplatform,0.0015335114614158081
holdings,0.0015335114614158081
dresses,0.0015335114614158081
provided,0.0015335114614158081
scot-free,0.0015335114614158081
acting,0.0015335114614158081
jack,0.0015335114614158081
muted,0.0015335114614158081
beef,0.0015335114614158081
ticked,0.0015335114614158081
tiktoks,0.0015335114614158081
criswell,0.0015335114614158081
accepted,0.0015335114614158081
happens,0.0015335114614158081
developmen,0.0015335114614158081
talent,0.0015335114614158081
disables,0.0015335114614158081
garba,0.0015335114614158081
deanne,0.0015335114614158081
(nov,0.0015335114614158081
independents,0.0015335114614158081
climbing,0.0015335114614158081
modestly,0.0015335114614158081
more,0.001485084444810078
tuesday,0.001485084444810078
federal,0.001485084444810078
during,0.001485084444810078
first,0.001485084444810078
beach,0.0014466508156515136
possible,0.0014466508156515136
continued,0.0014466508156515136
following,0.0014466508156515136
came,0.0014466508156515136
behind,0.0014466508156515136
(ap),0.0014466508156515136
am,0.0014466508156515136
georgia,0.0014466508156515136
podcast,0.0014466508156515136
5,0.0014466508156515136
wrote,0.0014466508156515136
stock,0.0014466508156515136
citys,0.0014466508156515136
force,0.0014466508156515136
win,0.0014466508156515136
violent,0.0014466508156515136
failed,0.0014466508156515136
hinchcliffe,0.0014466508156515136
double,0.0014466508156515136
calling,0.0014466508156515136
pick,0.0014466508156515136
late,0.0014466508156515136
looking,0.0014466508156515136
democrats,0.0014466508156515136
sexual,0.0014466508156515136
speech,0.0014466508156515136
official,0.0014466508156515136
hall,0.0014466508156515136
influence,0.0014466508156515136
attack,0.0014466508156515136
faces,0.0014466508156515136
puerto,0.0014466508156515136
reportedly,0.0014466508156515136
cnn,0.0014466508156515136
did,0.0014466508156515136
x,0.0014466508156515136
try,0.0014466508156515136
thursday,0.0013864413842057098
nominee,0.0013864413842057098
using,0.0013864413842057098
her,0.0013864413842057098
also,0.0013786426967133598
other,0.0012801682183766912
last,0.001272929524122924
house,0.001272929524122924
time,0.001272929524122924
next,0.001272929524122924
you,0.0010832192617033541
i,0.00106077460343577
images,0.00106077460343577
sunday,0.00106077460343577
government,0.0010398310381542824
those,0.0010398310381542824
getty,0.0010398310381542824
via,0.0010398310381542824
made,0.0010398310381542824
already,0.0010398310381542824
once,0.0010398310381542824
straight,0.0010223409742772054
helping,0.0010223409742772054
good,0.0010223409742772054
divisive,0.0010223409742772054
17,0.0010223409742772054
congratulates,0.0010223409742772054
actually,0.0010223409742772054
related,0.0010223409742772054
pretty,0.0010223409742772054
got,0.0010223409742772054
spread,0.0010223409742772054
h,0.0010223409742772054
sweating,0.0010223409742772054
approved,0.0010223409742772054
comedians,0.0010223409742772054
aide,0.0010223409742772054
picks,0.0010223409742772054
rep,0.0010223409742772054
roast,0.0010223409742772054
city,0.0010223409742772054
purchase,0.0010223409742772054
<,0.0010223409742772054
them,0.0010223409742772054
issued,0.0010223409742772054
warned,0.0010223409742772054
thing,0.0010223409742772054
laughs,0.0010223409742772054
allies,0.0010223409742772054
grants,0.0010223409742772054
citing,0.0010223409742772054
allegations,0.0010223409742772054
environment,0.0010223409742772054
speaker,0.0010223409742772054
think,0.0010223409742772054
attending,0.0010223409742772054
free,0.0010223409742772054
interest,0.0010223409742772054
rules,0.0010223409742772054
theyre,0.0010223409742772054
arguments,0.0010223409742772054
safety,0.0010223409742772054
el,0.0010223409742772054
thank,0.0010223409742772054
onstage,0.0010223409742772054
rival,0.0010223409742772054
taken,0.0010223409742772054
published,0.0010223409742772054
congratulate,0.0010223409742772054
evangelicals,0.0010223409742772054
rich,0.0010223409742772054
firm,0.0010223409742772054
making,0.0010223409742772054
because,0.0010223409742772054
administrator,0.0010223409742772054
presi,0.0010223409742772054
refuse,0.0010223409742772054
gives,0.0010223409742772054
university,0.0010223409742772054
insults,0.0010223409742772054
pul,0.0010223409742772054
received,0.0010223409742772054
comedy,0.0010223409742772054
final,0.0010223409742772054
un,0.0010223409742772054
visit,0.0010223409742772054
road,0.0010223409742772054
spend,0.0010223409742772054
required,0.0010223409742772054
closing,0.0010223409742772054
upset,0.0010223409742772054
granddaughter,0.0010223409742772054
refusing,0.0010223409742772054
gabbard,0.0010223409742772054
enough,0.0010223409742772054
ahead,0.0010223409742772054
break,0.0010223409742772054
search,0.0010223409742772054
fires,0.0010223409742772054
then,0.0010223409742772054
center,0.0010223409742772054
sta,0.0010223409742772054
prejudice,0.0010223409742772054
crude,0.0010223409742772054
theyve,0.0010223409742772054
served,0.0010223409742772054
cant,0.0010223409742772054
novi,0.0010223409742772054
expressed,0.0010223409742772054
photo,0.0010223409742772054
willing,0.0010223409742772054
walk,0.0010223409742772054
left,0.0010223409742772054
thats,0.0010223409742772054
boss,0.0010223409742772054
rescind,0.0010223409742772054
business,0.0010223409742772054
still,0.0010223409742772054
paving,0.0010223409742772054
watching,0.0010223409742772054
deliver,0.0010223409742772054
apart,0.0010223409742772054
employees,0.0010223409742772054
my,0.0010223409742772054
somodevilla/getty,0.0010223409742772054
troops,0.0010223409742772054
largely,0.0010223409742772054
president-e,0.0010223409742772054
proceedings,0.0010223409742772054
drop,0.0010223409742772054
pointed,0.0010223409742772054
ag,0.0010223409742772054
úthe,0.0010223409742772054
encounter,0.0010223409742772054
defends,0.0010223409742772054
buddy,0.0010223409742772054
mate,0.0010223409742772054
b,0.0010223409742772054
hits,0.0010223409742772054
punches,0.0010223409742772054
pledged,0.0010223409742772054
appointments,0.0010223409742772054
bowed,0.0010223409742772054
given,0.0010223409742772054
backed,0.0010223409742772054
estimated,0.0010223409742772054
secret,0.0010223409742772054
fiercely,0.0010223409742772054
musician,0.0010223409742772054
martin,0.0010223409742772054
confirmed,0.0010223409742772054
hit,0.0010223409742772054
network,0.0010223409742772054
saturday,0.0010223409742772054
boosts,0.0010223409742772054
eye,0.0010223409742772054
gaetzs,0.0010223409742772054
decisions,0.0010223409742772054
audience,0.0010223409742772054
mother,0.0010223409742772054
son,0.0010223409742772054
rock,0.0010223409742772054
threatening,0.0010223409742772054
supreme,0.0010223409742772054
arena,0.0010223409742772054
fraud,0.0010223409742772054
deserves,0.0010223409742772054
youngest,0.0010223409742772054
looming,0.0010223409742772054
leader,0.0010223409742772054
name,0.0010223409742772054
regulations,0.0010223409742772054
investment,0.0010223409742772054
candidate,0.0010223409742772054
political,0.0010223409742772054
workers,0.0010223409742772054
jong,0.0010223409742772054
releasing,0.0010223409742772054
event,0.0010223409742772054
thoughts,0.0010223409742772054
economic,0.0010223409742772054
merchan,0.0010223409742772054
brutal,0.0010223409742772054
took,0.0010223409742772054
give,0.0010223409742772054
previously,0.0010223409742772054
leave,0.0010223409742772054
latinos,0.0010223409742772054
celebrity,0.0010223409742772054
mak,0.0010223409742772054
hegseth,0.0010223409742772054
land,0.0010223409742772054
punch,0.0010223409742772054
shes,0.0010223409742772054
something,0.0010223409742772054
power,0.0010223409742772054
hinchcliffes,0.0010223409742772054
elect,0.0010223409742772054
andrew,0.0010223409742772054
msg,0.0010223409742772054
personal,0.0010223409742772054
lead,0.0010223409742772054
famous,0.0010223409742772054
legendary,0.0010223409742772054
battleground,0.0010223409742772054
old,0.0010223409742772054
convention,0.0010223409742772054
due,0.0010223409742772054
seat,0.0010223409742772054
hold,0.0010223409742772054
put,0.0010223409742772054
journal,0.0010223409742772054
rips,0.0010223409742772054
electric,0.0010223409742772054
snl,0.0010223409742772054
13,0.0010223409742772054
wave,0.0010223409742772054
west,0.0010223409742772054
net,0.0010223409742772054
crack,0.0010223409742772054
viral,0.0010223409742772054
wasnt,0.0010223409742772054
book,0.0010223409742772054
woman,0.0010223409742772054
americas,0.0010223409742772054
lives,0.0010223409742772054
app,0.0010223409742772054
supervisor,0.0010223409742772054
dana,0.0010223409742772054
weigh,0.0010223409742772054
couldnt,0.0010223409742772054
relationship,0.0010223409742772054
episode,0.0010223409742772054
shared,0.0010223409742772054
enemies,0.0010223409742772054
posts,0.0010223409742772054
ufc,0.0010223409742772054
lawyer,0.0010223409742772054
tens,0.0010223409742772054
only,0.0010223409742772054
actor,0.0010223409742772054
task,0.0010223409742772054
despite,0.0010223409742772054
correspondent,0.0010223409742772054
shortly,0.0010223409742772054
becoming,0.0010223409742772054
upend,0.0010223409742772054
technology,0.0010223409742772054
unconstitutional,0.0010223409742772054
family,0.0010223409742772054
dhs,0.0010223409742772054
friends,0.0010223409742772054
atlanta,0.0010223409742772054
ongoing,0.0010223409742772054
me,0.0010223409742772054
reporter,0.0010223409742772054
ra,0.0010223409742772054
efficiency,0.0010223409742772054
w,0.0010223409742772054
encoun,0.0010223409742772054
trash,0.0010223409742772054
kim,0.0010223409742772054
th,0.0010223409742772054
apparently,0.0010223409742772054
p,0.0010223409742772054
rico,0.0010223409742772054
rfk,0.0010223409742772054
over,0.0009847447833666856
an,0.0008862703050300171
access,0.0008862703050300171
including,0.0008862703050300171
which,0.000848619682748616
night,0.000848619682748616
one,0.000848619682748616
two,0.000848619682748616
here,0.000848619682748616
been,0.000848619682748616
support,0.000848619682748616
campaign,0.0007877958266933485
administration,0.0007877958266933485
not,0.0007877958266933485
o,0.0007233254078257568
named,0.0007233254078257568
gov,0.0007233254078257568
challenge,0.0007233254078257568
spacexs,0.0007233254078257568
helped,0.0007233254078257568
ever,0.0007233254078257568
thousands,0.0007233254078257568
leaves,0.0007233254078257568
asked,0.0007233254078257568
person,0.0007233254078257568
single,0.0007233254078257568
(and,0.0007233254078257568
father,0.0007233254078257568
see,0.0007233254078257568
series,0.0007233254078257568
held,0.0007233254078257568
r,0.0007233254078257568
currently,0.0007233254078257568
showed,0.0007233254078257568
emergency,0.0007233254078257568
d,0.0007233254078257568
swing,0.0007233254078257568
advisers,0.0007233254078257568
comedian,0.0007233254078257568
stage,0.0007233254078257568
rhetoric,0.0007233254078257568
piece,0.0007233254078257568
law,0.0007233254078257568
n,0.0007233254078257568
high,0.0007233254078257568
few,0.0007233254078257568
dept,0.0007233254078257568
massive,0.0007233254078257568
large,0.0007233254078257568
popular,0.0007233254078257568
women,0.0007233254078257568
de,0.0007233254078257568
events,0.0007233254078257568
preside,0.0007233254078257568
retired,0.0007233254078257568
campaigning,0.0007233254078257568
running,0.0007233254078257568
adult,0.0007233254078257568
keeping,0.0007233254078257568
control,0.0007233254078257568
earlier,0.0007233254078257568
past,0.0007233254078257568
warns,0.0007233254078257568
suddenly,0.0007233254078257568
strong,0.0007233254078257568
four,0.0007233254078257568
fox,0.0007233254078257568
however,0.0007233254078257568
opinion,0.0007233254078257568
every,0.0007233254078257568
prepares,0.0007233254078257568
radical,0.0007233254078257568
service,0.0007233254078257568
never,0.0007233254078257568
businesses,0.0007233254078257568
speaks,0.0007233254078257568
responding,0.0007233254078257568
efforts,0.0007233254078257568
similar,0.0007233254078257568
true,0.0007233254078257568
talk,0.0007233254078257568
trump-musk,0.0007233254078257568
selection,0.0007233254078257568
face,0.0007233254078257568
reelection,0.0007233254078257568
significant,0.0007233254078257568
roles,0.0007233254078257568
americans,0.0007233254078257568
eight,0.0007233254078257568
candidates,0.0007233254078257568
play,0.0007233254078257568
appoint,0.0007233254078257568
remarks,0.0007233254078257568
talking,0.0007233254078257568
known,0.0007233254078257568
wake,0.0007233254078257568
50,0.0007233254078257568
internet,0.0007233254078257568
look,0.0007233254078257568
agenda,0.0007233254078257568
killed,0.0007233254078257568
rights,0.0007233254078257568
group,0.0007233254078257568
decision,0.0007233254078257568
know,0.0007233254078257568
truth,0.0007233254078257568
action,0.0007233254078257568
withdrew,0.0007233254078257568
speakers,0.0007233254078257568
go,0.0007233254078257568
expect,0.0007233254078257568
point,0.0007233254078257568
surprise,0.0007233254078257568
phone,0.0007233254078257568
army,0.0007233254078257568
seen,0.0007233254078257568
statement,0.0007233254078257568
arizona,0.0007233254078257568
judges,0.0007233254078257568
looks,0.0007233254078257568
industry,0.0007233254078257568
attacks,0.0007233254078257568
management,0.0007233254078257568
yet,0.0007233254078257568
direct,0.0007233254078257568
union,0.0007233254078257568
repeatedly,0.0007233254078257568
taps,0.0007233254078257568
j,0.0007233254078257568
winning,0.0006932206921028549
protect,0.0006932206921028549
even,0.0006932206921028549
across,0.0006932206921028549
their,0.0006932206921028549
appeared,0.0006932206921028549
friday,0.0006932206921028549
news,0.0006932206921028549
vice,0.0006932206921028549
why,0.0006932206921028549
plans,0.0006932206921028549
state,0.0006932206921028549
told,0.0006932206921028549
post,0.0006932206921028549
well,0.0006932206921028549
than,0.0006932206921028549
several,0.0006932206921028549
takeaways,0.0006932206921028549
both,0.0006932206921028549
so,0.0006932206921028549
or,0.0006932206921028549
help,0.0006932206921028549
article,0.0006932206921028549
no,0.0006893213483566799
won,0.000636464762061462
means,0.000636464762061462
hes,0.000636464762061462
says,0.000636464762061462
were,0.000636464762061462
potential,0.000636464762061462
day,0.000636464762061462
what,0.0005908468700200113
it,0.0005908468700200113
mike,0.0005111704871386027
senator,0.0005111704871386027
campaigned,0.0005111704871386027
elected,0.0005111704871386027
online,0.0005111704871386027
hand,0.0005111704871386027
young,0.0005111704871386027
watched,0.0005111704871386027
courts,0.0005111704871386027
doesnt,0.0005111704871386027
leaders,0.0005111704871386027
america,0.0005111704871386027
expected,0.0005111704871386027
agencies,0.0005111704871386027
again,0.0005111704871386027
there,0.0005111704871386027
secretary,0.0005111704871386027
order,0.0005111704871386027
having,0.0005111704871386027
defense,0.0005111704871386027
story,0.0005111704871386027
way,0.0005111704871386027
men,0.0005111704871386027
himself,0.0005111704871386027
these,0.0005111704871386027
through,0.0005111704871386027
ago,0.0005111704871386027
policy,0.0005111704871386027
january,0.0005111704871386027
immigration,0.0005111704871386027
wall,0.0005111704871386027
10,0.0005111704871386027
air,0.0005111704871386027
sent,0.0005111704871386027
today,0.0005111704871386027
least,0.0005111704871386027
referred,0.0005111704871386027
updates,0.0005111704871386027
work,0.0005111704871386027
promising,0.0005111704871386027
texas,0.0005111704871386027
wins,0.0005111704871386027
et,0.0005111704871386027
street,0.0005111704871386027
comes,0.0005111704871386027
end,0.0005111704871386027
whether,0.0005111704871386027
clear,0.0005111704871386027
north,0.0005111704871386027
site,0.0005111704871386027
powerful,0.0005111704871386027
agency,0.0005111704871386027
spending,0.0005111704871386027
record,0.0005111704871386027
mark,0.0005111704871386027
announced,0.0005111704871386027
stop,0.0005111704871386027
ceo,0.0005111704871386027
scale,0.0005111704871386027
saying,0.0005111704871386027
newsletter,0.0005111704871386027
republican,0.0004923723916833428
heres,0.000424309841374308
pennsylvania,0.000424309841374308
cabinet,0.000424309841374308
november,0.000424309841374308
ready,0.000424309841374308
might,0.000424309841374308
make,0.000424309841374308
before,0.000424309841374308
like,0.000424309841374308
bidens,0.000424309841374308
would,0.000424309841374308
into,0.00039389791334667427
out,0.00039389791334667427
presidency,0.00039389791334667427
its,0.00039389791334667427
but,0.00039389791334667427
any,0.00034661034605142744
improve,0.00034661034605142744
nearly,0.00034661034605142744
yahoo,0.00034661034605142744
county,0.00034661034605142744
comment,0.00034661034605142744
info,0.00034661034605142744
become,0.00034661034605142744
transition,0.00034661034605142744
kamala,0.00034661034605142744
mistakes,0.00034661034605142744
democratic,0.00034661034605142744
future,0.00034661034605142744
message,0.00034661034605142744
important,0.00034661034605142744
speaking,0.00034661034605142744
experiencegenerate,0.00034661034605142744
generate,0.00034661034605142744
court,0.00034661034605142744
three,0.00034661034605142744
4,0.00034661034605142744
top,0.00034661034605142744
where,0.00034661034605142744
public,0.00034661034605142744
current,0.00034661034605142744
match,0.00034661034605142744
head,0.00034661034605142744
years,0.00029542343501000567
--,0.00029542343501000567
morning,0.00029542343501000567
some,0.00029542343501000567
can,0.00029542343501000567
under,0.00029542343501000567
around,0.000212154920687154
claims,0.000212154920687154
republicans,0.000212154920687154
need,0.000212154920687154
your,0.000212154920687154
say,0.000212154920687154
ai,0.000212154920687154
when,0.000212154920687154
country,0.000212154920687154
world,0.000212154920687154
reporting,0.000212154920687154
plan,0.000212154920687154
whats,0.000212154920687154
down,0.000212154920687154
states,0.000212154920687154
always,0.000212154920687154
return,0.000212154920687154
year,0.000212154920687154
helps,0.000212154920687154
recent,0.00019694895667333713
may,0.00019694895667333713
harris,0.00019694895667333713
second,0.00019694895667333713
wednesday,0.00019694895667333713
another,0.00019694895667333713
likely,9.847447833666857e-05
key,9.847447833666857e-05
