ice,0.010830424696249143
needs,0.010830424696249143
notice,0.010830424696249143
us-mexico,0.010830424696249143
marked,0.010830424696249143
land,0.009627044174443685
deportations,0.009627044174443685
mass,0.009627044174443685
racist,0.008514142821282347
immigration,0.008423663652638224
rally,0.008423663652638224
texas,0.007220283130832763
immigrants,0.007220283130832763
start,0.007220283130832763
largest,0.007220283130832762
wokeness,0.007220283130832762
crackdown,0.007220283130832762
determination,0.007220283130832762
ending,0.007220283130832762
undocumented,0.007220283130832762
e-verify,0.007220283130832762
declaring,0.007220283130832762
citizenship,0.007220283130832762
birthright,0.007220283130832762
violence,0.007220283130832762
border,0.00652782818396855
place,0.005108485692769407
military,0.004813522087221842
immediately,0.004813522087221842
education,0.004813522087221842
offering,0.004813522087221842
garden,0.004813522087221842
testified,0.004813522087221842
insults,0.004813522087221842
square,0.004813522087221842
crude,0.004813522087221842
madison,0.004813522087221842
relief,0.004813522087221842
thats,0.004813522087221842
offered,0.004813522087221842
this,0.004495032382059076
wants,0.0036101415654163816
promised,0.0036101415654163816
fla),0.003610141565416381
anti-immigration,0.003610141565416381
lovefest,0.003610141565416381
movement,0.003610141565416381
suggestin,0.003610141565416381
contrast,0.003610141565416381
plant,0.003610141565416381
processing,0.003610141565416381
nilay,0.003610141565416381
mcallen,0.003610141565416381
úmuslim,0.003610141565416381
confirms,0.003610141565416381
104,0.003610141565416381
verge,0.003610141565416381
worksite,0.003610141565416381
promi,0.003610141565416381
by-now,0.003610141565416381
sworn,0.003610141565416381
yorks,0.003610141565416381
keenly,0.003610141565416381
presid,0.003610141565416381
humans,0.003610141565416381
difficult,0.003610141565416381
facilities,0.003610141565416381
male,0.003610141565416381
stuck,0.003610141565416381
immigr,0.003610141565416381
track,0.003610141565416381
migrants,0.003610141565416381
occasions,0.003610141565416381
pulls,0.003610141565416381
raids,0.003610141565416381
risk,0.003610141565416381
loans,0.003610141565416381
úi,0.003610141565416381
theory,0.003610141565416381
childcare,0.003610141565416381
numbers,0.003610141565416381
busses,0.003610141565416381
draw,0.003610141565416381
lack,0.003610141565416381
ranchland,0.003610141565416381
indoctrination,0.003610141565416381
property,0.003610141565416381
acts,0.003610141565416381
plot,0.003610141565416381
park,0.003610141565416381
14,0.003610141565416381
us-canada,0.003610141565416381
thi,0.003610141565416381
raided,0.003610141565416381
student-loan,0.003610141565416381
biking,0.003610141565416381
puts,0.003610141565416381
úa,0.003610141565416381
workplace,0.003610141565416381
rural,0.003610141565416381
eic,0.003610141565416381
corn-growing,0.003610141565416381
headliner,0.003610141565416381
detailed,0.003610141565416381
arresting,0.003610141565416381
trans,0.003610141565416381
stay,0.003610141565416381
hires,0.003610141565416381
little,0.003610141565416381
reclaims,0.003610141565416381
warm-up,0.003610141565416381
(palm,0.003610141565416381
surveillance,0.003610141565416381
borrowers,0.003610141565416381
script,0.003610141565416381
wishlist,0.003610141565416381
station,0.003610141565416381
covering,0.003610141565416381
contributed,0.003610141565416381
(,0.003610141565416381
agents,0.003610141565416381
permission,0.003610141565416381
seemingly,0.003610141565416381
yankees,0.003610141565416381
revolves,0.003610141565416381
cuccinelli,0.003610141565416381
student,0.003610141565416381
build,0.003610141565416381
patterns,0.003610141565416381
easy,0.003610141565416381
deport,0.003610141565416381
25,0.003610141565416381
goal,0.003610141565416381
lititz,0.003610141565416381
anti-transgender,0.003610141565416381
meat,0.003610141565416381
trumprepublicans,0.003610141565416381
cancel,0.003610141565416381
podium,0.003610141565416381
preparing,0.003610141565416381
incidents,0.003610141565416381
bean,0.003610141565416381
ba,0.003610141565416381
raid,0.003610141565416381
migrant,0.003610141565416381
conduct,0.003610141565416381
arsenal,0.003610141565416381
seeks,0.003610141565416381
left-wing,0.003610141565416381
criticizing,0.003610141565416381
describing,0.003610141565416381
parcel,0.003610141565416381
sea,0.003610141565416381
cracking,0.003610141565416381
started,0.003610141565416381
reaffirms,0.003610141565416381
shootings,0.003610141565416381
1402-acre,0.003610141565416381
area,0.003610141565416381
denaturalization,0.003610141565416381
breathtaking,0.003610141565416381
kill,0.003610141565416381
conditions,0.003610141565416381
espousing,0.003610141565416381
drifting,0.003610141565416381
loridas,0.003610141565416381
sb1718,0.003610141565416381
schools,0.003610141565416381
prodigious,0.003610141565416381
spring,0.003610141565416381
intense,0.003610141565416381
demographic,0.003610141565416381
staging,0.003610141565416381
unexpected,0.003610141565416381
repeats,0.003610141565416381
flashpoint,0.003610141565416381
he,0.003496136297157059
trumps,0.003496136297157059
remarks,0.003405657128512938
comedian,0.003405657128512938
sexual,0.003405657128512938
very,0.003405657128512938
keeping,0.003405657128512938
puerto,0.003405657128512938
takeaways,0.003263914091984275
article,0.003263914091984275
more,0.0029966882547060505
by,0.0029966882547060505
about,0.002497240212255042
just,0.0024479355689882064
policies,0.0024479355689882064
top,0.0024479355689882064
so,0.0024479355689882064
using,0.0024479355689882064
made,0.0024479355689882064
why,0.0024479355689882064
confirm,0.002406761043610921
punches,0.002406761043610921
straight,0.002406761043610921
patel,0.002406761043610921
pledged,0.002406761043610921
good,0.002406761043610921
black,0.002406761043610921
17,0.002406761043610921
drive,0.002406761043610921
perceived,0.002406761043610921
roundup,0.002406761043610921
backfires,0.002406761043610921
estimated,0.002406761043610921
ricans,0.002406761043610921
inbox,0.002406761043610921
common,0.002406761043610921
status,0.002406761043610921
school,0.002406761043610921
effect,0.002406761043610921
sustained,0.002406761043610921
groups,0.002406761043610921
aim,0.002406761043610921
extremely,0.002406761043610921
familiar,0.002406761043610921
felt,0.002406761043610921
comments,0.002406761043610921
tennessee,0.002406761043610921
end,0.002406761043610921
backlash,0.002406761043610921
subscribe,0.002406761043610921
vote,0.002406761043610921
deportation,0.002406761043610921
vowed,0.002406761043610921
dozen,0.002406761043610921
released,0.002406761043610921
cycle,0.002406761043610921
parts,0.002406761043610921
mind,0.002406761043610921
enforcement,0.002406761043610921
thank,0.002406761043610921
latinos,0.002406761043610921
welcome,0.002406761043610921
rival,0.002406761043610921
mexico,0.002406761043610921
gut,0.002406761043610921
poured,0.002406761043610921
included,0.002406761043610921
required,0.002406761043610921
racism,0.002406761043610921
commissioner,0.002406761043610921
vision,0.002406761043610921
listen,0.002406761043610921
money,0.002406761043610921
11,0.002406761043610921
fundamental,0.002406761043610921
doing,0.002406761043610921
cost,0.002406761043610921
jenny,0.002406761043610921
system,0.002406761043610921
thinks,0.002406761043610921
headlines,0.002406761043610921
below,0.002406761043610921
crack,0.002406761043610921
ramping,0.002406761043610921
carry,0.002406761043610921
blueprint,0.002406761043610921
lot,0.002406761043610921
community,0.002406761043610921
floridas,0.002406761043610921
st,0.002406761043610921
elections,0.002406761043610921
woman,0.002406761043610921
men,0.002406761043610921
prejudice,0.002406761043610921
delivered,0.002406761043610921
these,0.002406761043610921
built,0.002406761043610921
crime,0.002406761043610921
chang-rodriguez/bi,0.002406761043610921
quickly,0.002406761043610921
fact,0.002406761043610921
dollars,0.002406761043610921
compared,0.002406761043610921
absolutely,0.002406761043610921
imp,0.002406761043610921
worries,0.002406761043610921
automotive,0.002406761043610921
changes,0.002406761043610921
reading,0.002406761043610921
only,0.002406761043610921
ads,0.002406761043610921
employees,0.002406761043610921
figures,0.002406761043610921
drop,0.002406761043610921
sought,0.002406761043610921
encoun,0.002406761043610921
damage,0.002406761043610921
encounter,0.002406761043610921
defends,0.002406761043610921
offers,0.002406761043610921
being,0.002406761043610921
endorsements,0.002406761043610921
f,0.002406761043610921
central,0.002406761043610921
journalists,0.002406761043610921
at,0.0023182533441757393
one,0.0019977921698040337
use,0.0019977921698040337
hes,0.0019977921698040337
all,0.0019977921698040337
speaks,0.001702828564256469
reported,0.001702828564256469
millions,0.001702828564256469
economy,0.001702828564256469
rid,0.001702828564256469
among,0.001702828564256469
months,0.001702828564256469
single,0.001702828564256469
ways,0.001702828564256469
hinchcliffe,0.001702828564256469
calls,0.001702828564256469
less,0.001702828564256469
beach,0.001702828564256469
2023,0.001702828564256469
showed,0.001702828564256469
emergency,0.001702828564256469
push,0.001702828564256469
stories,0.001702828564256469
run,0.001702828564256469
july,0.001702828564256469
law,0.001702828564256469
best,0.001702828564256469
official,0.001702828564256469
address,0.001702828564256469
move,0.001702828564256469
(ap),0.001702828564256469
preside,0.001702828564256469
called,0.001702828564256469
tony,0.001702828564256469
podcast,0.001702828564256469
million,0.001702828564256469
adult,0.001702828564256469
speakers,0.001702828564256469
youre,0.001702828564256469
seen,0.001702828564256469
control,0.001702828564256469
theres,0.001702828564256469
proposed,0.001702828564256469
earlier,0.001702828564256469
shift,0.001702828564256469
measure,0.001702828564256469
party,0.001702828564256469
daily,0.001702828564256469
voting,0.001702828564256469
todays,0.001702828564256469
amid,0.001702828564256469
prepares,0.001702828564256469
five,0.001702828564256469
never,0.001702828564256469
businesses,0.001702828564256469
impact,0.001702828564256469
generate,0.0016319570459921375
improve,0.0016319570459921375
yahoo,0.0016319570459921375
than,0.0016319570459921375
office,0.0016319570459921375
several,0.0016319570459921375
or,0.0016319570459921375
info,0.0016319570459921375
mistakes,0.0016319570459921375
match,0.0016319570459921375
get,0.0016319570459921375
plans,0.0016319570459921375
experiencegenerate,0.0016319570459921375
,0.0016227773409230174
says,0.0014983441273530252
around,0.0014983441273530252
sunday,0.0014983441273530252
down,0.0014983441273530252
your,0.0014983441273530252
before,0.0014983441273530252
term,0.0014983441273530252
world,0.0014983441273530252
first,0.0014983441273530252
are,0.0013909520065054433
not,0.0013909520065054433
come,0.0012033805218054606
change,0.0012033805218054606
city,0.0012033805218054606
online,0.0012033805218054606
mean,0.0012033805218054606
young,0.0012033805218054606
different,0.0012033805218054606
takes,0.0012033805218054606
comes,0.0012033805218054606
shows,0.0012033805218054606
workers,0.0012033805218054606
2025,0.0012033805218054606
controversial,0.0012033805218054606
event,0.0012033805218054606
near,0.0012033805218054606
weeks,0.0012033805218054606
clear,0.0012033805218054606
incoming,0.0012033805218054606
took,0.0012033805218054606
previously,0.0012033805218054606
watch,0.0012033805218054606
expected,0.0012033805218054606
old,0.0012033805218054606
ken,0.0012033805218054606
final,0.0012033805218054606
having,0.0012033805218054606
check,0.0012033805218054606
powerful,0.0012033805218054606
americas,0.0012033805218054606
through,0.0012033805218054606
record,0.0012033805218054606
returns,0.0012033805218054606
open,0.0012033805218054606
isnt,0.0012033805218054606
issues,0.0012033805218054606
national,0.0012033805218054606
real,0.0012033805218054606
despite,0.0012033805218054606
scale,0.0012033805218054606
chief,0.0012033805218054606
1,0.0012033805218054606
w,0.0012033805218054606
least,0.0012033805218054606
people,0.0012033805218054606
p,0.0012033805218054606
major,0.0012033805218054606
newsletter,0.0012033805218054606
new,0.0011591266720878696
its,0.0011591266720878696
former,0.0011591266720878696
it,0.0011591266720878696
heres,0.0009988960849020168
york,0.0009988960849020168
reporting,0.0009988960849020168
whats,0.0009988960849020168
which,0.0009988960849020168
need,0.0009988960849020168
house,0.0009988960849020168
washington,0.0009988960849020168
always,0.0009988960849020168
ai,0.0009988960849020168
potential,0.0009988960849020168
means,0.0009988960849020168
november,0.0009988960849020168
here,0.0009988960849020168
year,0.0009988960849020168
helps,0.0009988960849020168
been,0.0009988960849020168
white,0.0009988960849020168
campaign,0.0009273013376702955
may,0.0009273013376702955
an,0.0009273013376702955
any,0.0008159785229960687
promise,0.0008159785229960687
thursday,0.0008159785229960687
already,0.0008159785229960687
do,0.0008159785229960687
media,0.0008159785229960687
voters,0.0008159785229960687
three,0.0008159785229960687
getty,0.0008159785229960687
toward,0.0008159785229960687
across,0.0008159785229960687
nominee,0.0008159785229960687
history,0.0008159785229960687
him,0.0008159785229960687
both,0.0008159785229960687
where,0.0008159785229960687
become,0.0008159785229960687
week,0.0008159785229960687
news,0.0008159785229960687
once,0.0008159785229960687
help,0.0008159785229960687
democratic,0.0008159785229960687
she,0.0008159785229960687
vice,0.0008159785229960687
along,0.0008159785229960687
important,0.0008159785229960687
speaking,0.0008159785229960687
morning,0.0006954760032527217
under,0.0006954760032527217
you,0.0006954760032527217
into,0.0006954760032527217
part,0.0004994480424510084
words,0.0004994480424510084
&amp,0.0004994480424510084
framework,0.0004994480424510084
federal,0.0004994480424510084
plan,0.0004994480424510084
transparency,0.0004994480424510084
claims,0.0004994480424510084
pennsylvania,0.0004994480424510084
iab,0.0004994480424510084
partners,0.0004994480424510084
last,0.0004994480424510084
and/or,0.0004994480424510084
237,0.0004994480424510084
our,0.0004994480424510084
images,0.0004994480424510084
return,0.0004994480424510084
were,0.0004994480424510084
device,0.0004994480424510084
information,0.0004994480424510084
click,0.0004994480424510084
store,0.0004994480424510084
tuesday,0.0004994480424510084
two,0.0004994480424510084
accept,0.0004994480424510084
(in,0.0004994480424510084
we,0.0004994480424510084
next,0.0004994480424510084
country,0.0004994480424510084
time,0.0004994480424510084
day,0.0004994480424510084
bidens,0.0004994480424510084
support,0.0004994480424510084
during,0.0004994480424510084
consent,0.0004994480424510084
over,0.00046365066883514777
after,0.00046365066883514777
likely,0.00046365066883514777
key,0.00046365066883514777
also,0.00046365066883514777
what,0.00046365066883514777
can,0.00046365066883514777
other,0.00046365066883514777
administration,0.00046365066883514777
harris,0.00046365066883514777
no,0.00046365066883514777
years,0.00046365066883514777
republican,0.00046365066883514777
but,0.00046365066883514777
out,0.00023182533441757388
presidency,0.00023182533441757388
some,0.00023182533441757388
recent,0.00023182533441757388
second,0.00023182533441757388
--,0.00023182533441757388
another,0.00023182533441757388
access,0.00023182533441757388
including,0.00023182533441757388
