,0.020903010033444816
heres,0.0033444816053511705
part,0.004180602006688963
per,0.0008361204013377926
gov,0.0016722408026755853
internets,0.0008361204013377926
words,0.004180602006688963
ch,0.0008361204013377926
large-scale,0.0008361204013377926
duly,0.0008361204013377926
hochul,0.0008361204013377926
broader,0.0008361204013377926
rises,0.0008361204013377926
billionaires,0.0016722408026755853
around,0.0016722408026755853
getting,0.0016722408026755853
game,0.0008361204013377926
more,0.007525083612040134
spacexs,0.0008361204013377926
alexandria,0.0008361204013377926
food,0.0008361204013377926
jobs,0.0008361204013377926
advancements,0.0008361204013377926
any,0.0008361204013377926
pledge,0.0008361204013377926
pilot,0.0008361204013377926
gerdau,0.0008361204013377926
promise,0.0008361204013377926
google,0.0008361204013377926
good,0.0008361204013377926
black,0.0016722408026755853
helped,0.0008361204013377926
winning,0.0008361204013377926
benefited,0.0008361204013377926
merge-all-the-things,0.0008361204013377926
javier,0.0008361204013377926
techmeme,0.0008361204013377926
butler,0.0016722408026755853
decker,0.0008361204013377926
roundup,0.0008361204013377926
congressional,0.0008361204013377926
incentive,0.0016722408026755853
nearly,0.0008361204013377926
dow,0.0033444816053511705
neuron,0.0016722408026755853
rallyanna,0.0008361204013377926
extends,0.0008361204013377926
actually,0.0016722408026755853
newsletteryou,0.0008361204013377926
discover,0.002508361204013378
ever,0.0016722408026755853
companies),0.0008361204013377926
protect,0.0008361204013377926
economy,0.005852842809364548
related,0.0008361204013377926
voters,0.0016722408026755853
just,0.0033444816053511705
eo,0.0008361204013377926
alongside,0.0008361204013377926
milei,0.0016722408026755853
finishes,0.0016722408026755853
wasted,0.0008361204013377926
elected,0.0016722408026755853
new,0.01588628762541806
thousands,0.0008361204013377926
who,0.006688963210702341
claims,0.0016722408026755853
republicans,0.0008361204013377926
slice,0.0008361204013377926
passes,0.0008361204013377926
culture,0.0008361204013377926
spendi,0.0008361204013377926
won,0.002508361204013378
reshape,0.0016722408026755853
pennsylvania,0.0008361204013377926
epoch,0.0008361204013377926
2026,0.0008361204013377926
industrial,0.002508361204013378
outlook,0.0008361204013377926
pockets,0.0008361204013377926
sharply,0.0016722408026755853
his,0.014214046822742474
rid,0.0008361204013377926
rebecca,0.0008361204013377926
corporate,0.0008361204013377926
even,0.0033444816053511705
expansion,0.0016722408026755853
extended,0.0008361204013377926
easterly,0.0008361204013377926
march,0.0008361204013377926
jpmorgan,0.0016722408026755853
which,0.002508361204013378
picks,0.0008361204013377926
after,0.00919732441471572
groups,0.0008361204013377926
develop,0.0008361204013377926
cars,0.0016722408026755853
august,0.0008361204013377926
rep,0.0008361204013377926
votes,0.0008361204013377926
many,0.0016722408026755853
various,0.0008361204013377926
60th,0.0008361204013377926
beddoes,0.0008361204013377926
government,0.0016722408026755853
retribution,0.0008361204013377926
angeles,0.0008361204013377926
putting,0.0008361204013377926
worlds,0.0008361204013377926
trends,0.0008361204013377926
gain,0.0008361204013377926
ea,0.0008361204013377926
online,0.0008361204013377926
sen,0.0008361204013377926
ways,0.0008361204013377926
president,0.014214046822742474
overdrive,0.0008361204013377926
place,0.0008361204013377926
baertlein,0.0008361204013377926
hand,0.0008361204013377926
purchase,0.0008361204013377926
south,0.0008361204013377926
wants,0.002508361204013378
critics,0.0008361204013377926
dressed,0.0008361204013377926
tech,0.007525083612040134
(and,0.0008361204013377926
back,0.002508361204013378
minton,0.0008361204013377926
young,0.0008361204013377926
for,0.028428093645484948
rents,0.0008361204013377926
shorter,0.0008361204013377926
anything,0.0008361204013377926
policies,0.0008361204013377926
see,0.0016722408026755853
different,0.0008361204013377926
considerable,0.0008361204013377926
comments,0.0008361204013377926
to,0.06856187290969899
takes,0.0016722408026755853
vinod,0.0008361204013377926
series,0.0008361204013377926
last,0.0008361204013377926
tennessee,0.0008361204013377926
thanksgiv,0.0008361204013377926
whos,0.0008361204013377926
-,0.005852842809364548
lease,0.0008361204013377926
owns,0.0008361204013377926
fly,0.0008361204013377926
vehicle,0.0008361204013377926
powell,0.0008361204013377926
combined,0.0008361204013377926
possible,0.0033444816053511705
newsletters,0.0016722408026755853
afp,0.0008361204013377926
slam,0.0008361204013377926
cabinet,0.0008361204013377926
fairgrounds,0.0008361204013377926
elon,0.006688963210702341
those,0.0008361204013377926
i,0.0008361204013377926
house,0.0016722408026755853
has,0.008361204013377926
philadelphia,0.0008361204013377926
8,0.0008361204013377926
spurred,0.0008361204013377926
care,0.0008361204013377926
although,0.0008361204013377926
ink,0.0008361204013377926
r,0.0008361204013377926
akin,0.0008361204013377926
up,0.005016722408026756
cohen/getty,0.0008361204013377926
baby,0.0016722408026755853
trump-spurred,0.0008361204013377926
gensler,0.0008361204013377926
think,0.0008361204013377926
currently,0.0008361204013377926
exactly,0.0008361204013377926
at&ampt&gttime,0.0008361204013377926
cisa,0.0008361204013377926
afternoon,0.0008361204013377926
korea,0.0008361204013377926
administrat,0.0008361204013377926
ceokevin,0.0008361204013377926
weeks,0.0016722408026755853
imports,0.0008361204013377926
rogan,0.0008361204013377926
delivering,0.0008361204013377926
latino,0.0008361204013377926
let,0.0008361204013377926
sees,0.0008361204013377926
their,0.005016722408026756
across,0.0008361204013377926
safety,0.0008361204013377926
boeing,0.0008361204013377926
electoral,0.0008361204013377926
plastics,0.0008361204013377926
swing,0.0008361204013377926
your,0.002508361204013378
economist,0.0033444816053511705
farm,0.0008361204013377926
watch,0.0008361204013377926
spilled,0.0008361204013377926
slap,0.0016722408026755853
beyond,0.0008361204013377926
conc,0.0008361204013377926
marking,0.0008361204013377926
doesnt,0.0016722408026755853
tj,0.0016722408026755853
better,0.0008361204013377926
rising,0.0008361204013377926
leaders,0.002508361204013378
alberto,0.0008361204013377926
trump-whim,0.0008361204013377926
financial,0.0016722408026755853
travel,0.0008361204013377926
wong/getty,0.0008361204013377926
opposed,0.0008361204013377926
california,0.0008361204013377926
july,0.0008361204013377926
welcome,0.0008361204013377926
friend,0.0008361204013377926
nobel,0.002508361204013378
nominee,0.0008361204013377926
manufacturing,0.0008361204013377926
filings,0.0008361204013377926
markets,0.0008361204013377926
sec,0.002508361204013378
will,0.017558528428093644
leverages,0.0008361204013377926
buses,0.0008361204013377926
recent,0.0016722408026755853
rhetoric,0.0008361204013377926
sounding,0.0008361204013377926
content,0.0016722408026755853
twin,0.0008361204013377926
jumps,0.0008361204013377926
that,0.01839464882943144
drummond,0.0008361204013377926
county,0.0008361204013377926
griffin,0.0008361204013377926
quietly,0.0008361204013377926
brazilian,0.0008361204013377926
feeds,0.0008361204013377926
expected,0.0008361204013377926
wind,0.0008361204013377926
congratulate,0.0008361204013377926
how,0.006688963210702341
piece,0.0008361204013377926
though,0.0008361204013377926
described,0.0008361204013377926
cooperation,0.0008361204013377926
doug,0.0008361204013377926
n,0.0016722408026755853
high,0.0033444816053511705
cryptocurrencies,0.002508361204013378
corner,0.0008361204013377926
making,0.002508361204013378
petition,0.0008361204013377926
few,0.0008361204013377926
history,0.0008361204013377926
middle,0.0008361204013377926
best,0.0008361204013377926
grocery,0.0008361204013377926
established,0.0008361204013377926
renegotiated,0.0016722408026755853
because,0.002508361204013378
dept,0.0016722408026755853
bankers,0.0008361204013377926
cut-price,0.0008361204013377926
sounds,0.0008361204013377926
appeared,0.0016722408026755853
reversal,0.0008361204013377926
from,0.011705685618729096
lower,0.0008361204013377926
sullivan/getty,0.0008361204013377926
ceos,0.0008361204013377926
while,0.0016722408026755853
latest,0.002508361204013378
address,0.0008361204013377926
capable,0.0008361204013377926
again,0.0008361204013377926
say,0.0016722408026755853
khoslakelly,0.0008361204013377926
ocasio-cortez,0.0008361204013377926
together,0.0008361204013377926
night,0.0008361204013377926
credits,0.0008361204013377926
slowly,0.0008361204013377926
prompts,0.0008361204013377926
zanny,0.0008361204013377926
secretary,0.0008361204013377926
order,0.0008361204013377926
is,0.029264214046822744
raise,0.0033444816053511705
other,0.005016722408026756
earn,0.0008361204013377926
iphone,0.0008361204013377926
trail,0.0008361204013377926
hopes,0.0016722408026755853
leveraged,0.0008361204013377926
move,0.0008361204013377926
guides,0.0008361204013377926
betting,0.0016722408026755853
popular,0.0016722408026755853
ken,0.0008361204013377926
oil,0.0016722408026755853
novemberbill,0.0008361204013377926
industr,0.0008361204013377926
bracing,0.0016722408026755853
wilson,0.0008361204013377926
goods,0.0008361204013377926
images,0.005852842809364548
rest,0.0008361204013377926
picked,0.0008361204013377926
risen,0.0008361204013377926
impoundment,0.0016722408026755853
cut,0.005016722408026756
chose,0.0008361204013377926
lea,0.0008361204013377926
rever,0.0008361204013377926
regulator,0.0008361204013377926
may,0.004180602006688963
cryptocurrency,0.0008361204013377926
defense,0.0008361204013377926
tesla,0.004180602006688963
dakota,0.0008361204013377926
rose,0.0008361204013377926
far,0.0008361204013377926
billions,0.0008361204013377926
talks,0.0008361204013377926
solar,0.0008361204013377926
(apec),0.0008361204013377926
report,0.0008361204013377926
nashville,0.0008361204013377926
20,0.0008361204013377926
longer,0.0008361204013377926
use,0.005852842809364548
letter,0.0008361204013377926
united,0.002508361204013378
campaigning,0.0008361204013377926
against,0.0008361204013377926
very,0.002508361204013378
autonomous,0.0008361204013377926
ai,0.00919732441471572
taking,0.0008361204013377926
information,0.004180602006688963
stand,0.0008361204013377926
running,0.0008361204013377926
video-sharing,0.0008361204013377926
enough,0.0008361204013377926
harris,0.0016722408026755853
ahead,0.002508361204013378
big,0.0033444816053511705
inaugurationanalysis,0.0008361204013377926
am,0.0008361204013377926
railed,0.0008361204013377926
industry-leading,0.0016722408026755853
devices,0.0008361204013377926
$7500,0.0008361204013377926
megabits,0.0008361204013377926
elite,0.0008361204013377926
show,0.0008361204013377926
no,0.0016722408026755853
break,0.0008361204013377926
queens,0.0016722408026755853
points,0.002508361204013378
headlines,0.0008361204013377926
uncertainty,0.0008361204013377926
chase,0.0008361204013377926
friday,0.0016722408026755853
emblematic,0.0008361204013377926
venture,0.0008361204013377926
claiming,0.0008361204013377926
kiss,0.0008361204013377926
search,0.0008361204013377926
notoriously,0.0008361204013377926
jones,0.002508361204013378
tokyo,0.0008361204013377926
lap,0.0008361204013377926
way,0.002508361204013378
video,0.0008361204013377926
surrounding,0.0008361204013377926
revoking,0.0008361204013377926
sta,0.0008361204013377926
rocketed,0.0008361204013377926
american,0.0008361204013377926
men,0.0008361204013377926
lisa,0.0008361204013377926
years,0.0008361204013377926
lawrence,0.0008361204013377926
optimistic,0.0008361204013377926
himself,0.0008361204013377926
keeps,0.0008361204013377926
too,0.0008361204013377926
benefit,0.002508361204013378
team,0.0008361204013377926
second,0.007525083612040134
must,0.0008361204013377926
face-to-face,0.0008361204013377926
stamp,0.0008361204013377926
hundred,0.0008361204013377926
means,0.0016722408026755853
bona,0.0008361204013377926
stands,0.0008361204013377926
maintain,0.0008361204013377926
youre,0.0016722408026755853
spike,0.0016722408026755853
these,0.0016722408026755853
catching,0.0008361204013377926
through,0.004180602006688963
lean,0.0008361204013377926
faithful,0.0008361204013377926
krugman,0.0008361204013377926
become,0.0008361204013377926
sportswear,0.0008361204013377926
roll,0.0008361204013377926
/,0.0008361204013377926
victory,0.0033444816053511705
kathy,0.0008361204013377926
shocks,0.0008361204013377926
bounce,0.0008361204013377926
consolidation,0.0008361204013377926
policy,0.002508361204013378
november,0.0016722408026755853
gleeful,0.0008361204013377926
sign,0.0016722408026755853
dial,0.0008361204013377926
hawk,0.0016722408026755853
suv,0.0008361204013377926
transition,0.0008361204013377926
stock,0.005016722408026756
36%,0.0008361204013377926
shopping,0.0008361204013377926
january,0.0016722408026755853
authored,0.0008361204013377926
dollars,0.0008361204013377926
xi,0.0016722408026755853
store,0.004180602006688963
citadels,0.0008361204013377926
commission,0.0008361204013377926
returns,0.0008361204013377926
list,0.0008361204013377926
s&p,0.0008361204013377926
republican,0.0033444816053511705
atlantic,0.0008361204013377926
via,0.0008361204013377926
jinping,0.0008361204013377926
silicon,0.005016722408026756
when,0.005852842809364548
into,0.0016722408026755853
dont,0.0008361204013377926
executives,0.0008361204013377926
clock,0.0008361204013377926
loves,0.002508361204013378
creators,0.0008361204013377926
as,0.015050167224080268
members,0.0008361204013377926
--,0.005016722408026756
citys,0.0008361204013377926
zuckerberg,0.0008361204013377926
added,0.0008361204013377926
left,0.0008361204013377926
soon,0.002508361204013378
deficits,0.0008361204013377926
deficit,0.0008361204013377926
boosted,0.0008361204013377926
wednesday,0.0016722408026755853
jersey,0.0008361204013377926
hes,0.0008361204013377926
step,0.0016722408026755853
force,0.002508361204013378
roadways,0.0008361204013377926
win,0.0016722408026755853
seeking,0.0008361204013377926
kamala,0.0008361204013377926
immigrant,0.0008361204013377926
evacuation,0.0008361204013377926
ce,0.0008361204013377926
others,0.0008361204013377926
plants,0.0008361204013377926
capitalists,0.0008361204013377926
guy,0.0008361204013377926
cheering,0.0008361204013377926
average,0.0016722408026755853
another,0.0008361204013377926
wall,0.0016722408026755853
former,0.007525083612040134
technologies,0.0008361204013377926
1300,0.0016722408026755853
handing,0.0008361204013377926
all,0.005016722408026756
yesterdays,0.0008361204013377926
by,0.005852842809364548
gary,0.0008361204013377926
10,0.0008361204013377926
air,0.0033444816053511705
made,0.002508361204013378
india,0.0008361204013377926
first-do-no-harm,0.0008361204013377926
bear,0.0008361204013377926
sent,0.0008361204013377926
trump,0.09782608695652174
upangela,0.0008361204013377926
michigan,0.0008361204013377926
ev,0.002508361204013378
now,0.002508361204013378
news,0.0033444816053511705
on,0.02508361204013378
bloomb,0.0008361204013377926
15,0.0008361204013377926
opportunity,0.0008361204013377926
business,0.004180602006688963
shee,0.0008361204013377926
early,0.0008361204013377926
bitcoiners,0.0008361204013377926
working-class,0.0008361204013377926
hours,0.0008361204013377926
waterstom,0.0008361204013377926
component,0.0008361204013377926
urging,0.0008361204013377926
price,0.0016722408026755853
certain,0.0008361204013377926
lifeline,0.0008361204013377926
rally,0.002508361204013378
laurene,0.0008361204013377926
solidly,0.0008361204013377926
market,0.002508361204013378
$64b,0.0008361204013377926
weiss,0.0008361204013377926
target,0.0008361204013377926
ferdman/getty,0.0008361204013377926
still,0.0016722408026755853
economists,0.0008361204013377926
shift,0.0016722408026755853
campa,0.0008361204013377926
fcc,0.0008361204013377926
paving,0.0008361204013377926
(in,0.004180602006688963
be,0.006688963210702341
musks,0.0016722408026755853
chief,0.0008361204013377926
sidelines,0.0008361204013377926
hereov,0.0008361204013377926
deals,0.0016722408026755853
suddenly,0.0008361204013377926
results,0.0008361204013377926
we,0.005852842809364548
asia,0.0008361204013377926
apart,0.0008361204013377926
today,0.0008361204013377926
05,0.0016722408026755853
able,0.0016722408026755853
country,0.0008361204013377926
time,0.0016722408026755853
noems,0.0016722408026755853
starlink,0.0016722408026755853
democratic,0.0008361204013377926
150,0.0008361204013377926
interior,0.0008361204013377926
fox,0.0016722408026755853
she,0.0008361204013377926
dietsch/getty,0.0008361204013377926
pointless,0.0016722408026755853
administrations,0.0016722408026755853
weiss/afp,0.0008361204013377926
take,0.0008361204013377926
previous,0.0008361204013377926
taxes,0.0008361204013377926
favor,0.0016722408026755853
substantia,0.0008361204013377926
daily,0.004180602006688963
avoid,0.0016722408026755853
industrys,0.0008361204013377926
future,0.0016722408026755853
fides,0.0008361204013377926
moneymaker/getty,0.0008361204013377926
white,0.0016722408026755853
projected,0.0008361204013377926
chinese,0.0008361204013377926
congestion,0.0016722408026755853
unleash,0.0016722408026755853
1,0.0008361204013377926
experts,0.002508361204013378
consent,0.004180602006688963
ready,0.0016722408026755853
pointed,0.0016722408026755853
prepares,0.0008361204013377926
planned,0.0008361204013377926
world,0.0016722408026755853
cruz,0.0016722408026755853
fate,0.0008361204013377926
important,0.0008361204013377926
admin,0.0008361204013377926
billionaire,0.0008361204013377926
call,0.002508361204013378
cuts,0.0008361204013377926
speaking,0.0008361204013377926
congressmember,0.0008361204013377926
an,0.0033444816053511705
2nd,0.0008361204013377926
at,0.006688963210702341
service,0.0008361204013377926
why,0.0016722408026755853
plans,0.004180602006688963
contenttype,0.0008361204013377926
increases,0.0008361204013377926
f,0.0008361204013377926
us,0.011705685618729096
startups,0.0008361204013377926
doge,0.0008361204013377926
businesses,0.0016722408026755853
intelligence,0.0008361204013377926
production,0.0008361204013377926
suppliers,0.0016722408026755853
updates,0.0016722408026755853
isolation,0.0008361204013377926
hits,0.0008361204013377926
asia-pacific,0.0008361204013377926
says,0.005016722408026756
passport,0.0016722408026755853
might,0.0016722408026755853
$2,0.0016722408026755853
insiders,0.0008361204013377926
imported,0.0008361204013377926
&amp,0.005016722408026756
work,0.0016722408026755853
ban,0.005016722408026756
said,0.004180602006688963
frustrate,0.0008361204013377926
tri,0.0008361204013377926
hype,0.0008361204013377926
presidencyalex,0.0008361204013377926
act,0.0008361204013377926
failed,0.0008361204013377926
left-leaning,0.0008361204013377926
efforts,0.0008361204013377926
reenter,0.0008361204013377926
could,0.011705685618729096
breaks,0.0008361204013377926
come,0.0016722408026755853
gas,0.0008361204013377926
similar,0.0008361204013377926
out,0.004180602006688963
millions,0.0008361204013377926
already,0.0008361204013377926
do,0.0016722408026755853
york,0.004180602006688963
destroys,0.0008361204013377926
texas,0.0008361204013377926
particular,0.0008361204013377926
2020,0.0008361204013377926
backed,0.0008361204013377926
criticized,0.0008361204013377926
tagline,0.0008361204013377926
saw,0.0008361204013377926
turning,0.0008361204013377926
wins,0.002508361204013378
court,0.0008361204013377926
media,0.00919732441471572
question,0.0008361204013377926
over,0.0033444816053511705
long-term,0.0008361204013377926
thrive,0.0008361204013377926
$16,0.0008361204013377926
et,0.0008361204013377926
framework,0.004180602006688963
warner&gtdiscovery,0.0008361204013377926
reporting,0.0008361204013377926
federal,0.0016722408026755853
plan,0.0033444816053511705
confirmed,0.0008361204013377926
hit,0.0008361204013377926
grieving,0.0008361204013377926
company,0.0008361204013377926
zisser/bi,0.0008361204013377926
applying,0.0008361204013377926
transparency,0.004180602006688963
presidency,0.0033444816053511705
saturday,0.0008361204013377926
artificial,0.0008361204013377926
(reuters),0.0016722408026755853
peru,0.0008361204013377926
companies,0.0008361204013377926
clean,0.0008361204013377926
design,0.0008361204013377926
vehicles,0.0016722408026755853
energy,0.0016722408026755853
state,0.0008361204013377926
bros,0.0008361204013377926
platform,0.002508361204013378
campaign,0.005852842809364548
opponents,0.0008361204013377926
they,0.002508361204013378
iab,0.004180602006688963
messy,0.0008361204013377926
whats,0.0008361204013377926
three,0.0016722408026755853
interviews,0.0008361204013377926
prepare,0.0008361204013377926
reviving,0.0008361204013377926
presidents,0.0016722408026755853
retailers,0.0016722408026755853
trump-musk,0.0008361204013377926
sunday,0.0008361204013377926
coming,0.0016722408026755853
insider,0.0008361204013377926
steelmaker,0.0008361204013377926
maxx,0.0016722408026755853
presidential,0.006688963210702341
partners,0.004180602006688963
drilling,0.0008361204013377926
small,0.0008361204013377926
administra,0.0008361204013377926
laying,0.0008361204013377926
dumbest,0.0008361204013377926
reverse,0.0008361204013377926
crypto,0.004180602006688963
reelection,0.0008361204013377926
mean,0.0008361204013377926
street,0.0033444816053511705
touting,0.0016722408026755853
weather,0.0008361204013377926
sales,0.0008361204013377926
joe,0.0016722408026755853
lowers,0.0008361204013377926
istock,0.0008361204013377926
immediately,0.0008361204013377926
likely,0.0008361204013377926
until,0.0008361204013377926
threatening,0.0008361204013377926
moved,0.0008361204013377926
make,0.0016722408026755853
democracy,0.0008361204013377926
aoc,0.0008361204013377926
(emphasis,0.0008361204013377926
play,0.0008361204013377926
era,0.0008361204013377926
becomes,0.0008361204013377926
have,0.004180602006688963
electronics,0.0008361204013377926
he,0.010033444816053512
looming,0.0008361204013377926
data,0.0008361204013377926
valleys,0.0016722408026755853
morning,0.0016722408026755853
if,0.010869565217391304
ideas,0.0008361204013377926
recommends,0.0008361204013377926
michael,0.0008361204013377926
brazils,0.0008361204013377926
landscape,0.0008361204013377926
regulations,0.0008361204013377926
developers,0.0016722408026755853
told,0.0008361204013377926
asian,0.0008361204013377926
weekly,0.0016722408026755853
deployment,0.0008361204013377926
comes,0.0016722408026755853
ventura,0.0008361204013377926
down,0.005016722408026756
shares,0.0016722408026755853
double,0.0008361204013377926
and/or,0.004180602006688963
candidate,0.002508361204013378
end,0.0016722408026755853
thinking,0.0008361204013377926
braskem,0.0008361204013377926
and,0.04933110367892977
shows,0.0008361204013377926
post,0.0008361204013377926
political,0.002508361204013378
talking,0.0008361204013377926
tarif,0.0008361204013377926
2025,0.0008361204013377926
trillion,0.002508361204013378
election,0.01254180602006689
domainmeanwhile,0.0008361204013377926
driverless,0.0008361204013377926
jamie,0.0016722408026755853
focus,0.0008361204013377926
controversial,0.0008361204013377926
4,0.0008361204013377926
threat,0.0008361204013377926
bro,0.0008361204013377926
economic,0.002508361204013378
october,0.0016722408026755853
known,0.0008361204013377926
promised,0.002508361204013378
deportation,0.0008361204013377926
etc,0.0008361204013377926
whether,0.0008361204013377926
trillions,0.0016722408026755853
digital,0.0008361204013377926
selling,0.0008361204013377926
youd,0.0008361204013377926
easier,0.0008361204013377926
housing,0.0016722408026755853
chainsaw,0.0008361204013377926
internet,0.0008361204013377926
chair,0.0008361204013377926
david,0.0008361204013377926
deal,0.0016722408026755853
$100000,0.0008361204013377926
hates,0.0016722408026755853
calling,0.0008361204013377926
coverage,0.0016722408026755853
toward,0.0033444816053511705
clear,0.0008361204013377926
incoming,0.0016722408026755853
defend,0.0008361204013377926
importers,0.0008361204013377926
give,0.0008361204013377926
stories,0.0016722408026755853
prices,0.004180602006688963
of,0.0451505016722408
pricing,0.0016722408026755853
previously,0.0008361204013377926
1035,0.0008361204013377926
north,0.0016722408026755853
states,0.002508361204013378
some,0.006688963210702341
key,0.0008361204013377926
was,0.002508361204013378
1-day,0.0008361204013377926
sold,0.0008361204013377926
microsoft,0.0008361204013377926
minority,0.0008361204013377926
wars,0.0008361204013377926
237,0.004180602006688963
editorial,0.0008361204013377926
los,0.0008361204013377926
apple,0.004180602006688963
mak,0.0008361204013377926
well,0.0016722408026755853
tax,0.002508361204013378
hurtling,0.0008361204013377926
looking,0.0008361204013377926
also,0.004180602006688963
agenda,0.0008361204013377926
expert,0.0008361204013377926
this,0.005016722408026756
border,0.0016722408026755853
unless,0.0008361204013377926
gabriel,0.0008361204013377926
boxy,0.0008361204013377926
consumer,0.0016722408026755853
one,0.004180602006688963
cnbc,0.0008361204013377926
revealed,0.0008361204013377926
kirton,0.0008361204013377926
2024,0.004180602006688963
want,0.0008361204013377926
prior,0.0008361204013377926
investors,0.0008361204013377926
what,0.007525083612040134
intends,0.0008361204013377926
enter,0.0008361204013377926
edition,0.0008361204013377926
gave,0.0008361204013377926
chaotic,0.0016722408026755853
warner,0.0008361204013377926
musk-inspired,0.0008361204013377926
discontent,0.0016722408026755853
leaning,0.0008361204013377926
biden,0.0033444816053511705
speech,0.0008361204013377926
producer,0.0008361204013377926
changer,0.0008361204013377926
can,0.005016722408026756
af,0.0008361204013377926
hymn,0.0008361204013377926
shock,0.0008361204013377926
officially,0.0016722408026755853
lead,0.0008361204013377926
products,0.0008361204013377926
3,0.0008361204013377926
than,0.0033444816053511705
throughout,0.0008361204013377926
removal,0.0008361204013377926
long,0.0008361204013377926
(alexandra,0.0008361204013377926
case,0.0008361204013377926
him,0.0016722408026755853
dating,0.0008361204013377926
tout,0.0008361204013377926
most,0.0033444816053511705
fossil,0.0008361204013377926
500,0.0008361204013377926
assorted,0.0008361204013377926
3%,0.0008361204013377926
lands,0.0008361204013377926
office,0.0008361204013377926
herehappy,0.0008361204013377926
human,0.0008361204013377926
democrat,0.0008361204013377926
sao,0.0008361204013377926
several,0.0008361204013377926
trumps,0.008361204013377926
regulation,0.0016722408026755853
times,0.0016722408026755853
gop,0.0016722408026755853
hed,0.0008361204013377926
stanley,0.0008361204013377926
with,0.01588628762541806
our,0.008361204013377926
due,0.0008361204013377926
under,0.004180602006688963
airport,0.0008361204013377926
trigger,0.0008361204013377926
readies,0.0008361204013377926
conference,0.0016722408026755853
buy,0.0008361204013377926
always,0.0008361204013377926
top,0.002508361204013378
are,0.016722408026755852
araujo,0.0008361204013377926
its,0.0033444816053511705
electric,0.0016722408026755853
dimon,0.0016722408026755853
u,0.0008361204013377926
fundamental,0.0008361204013377926
books,0.0008361204013377926
going,0.0008361204013377926
in,0.04598662207357859
range,0.0008361204013377926
doing,0.0008361204013377926
both,0.0016722408026755853
cost,0.0016722408026755853
poised,0.0008361204013377926
originally,0.0008361204013377926
users,0.002508361204013378
so,0.0008361204013377926
return,0.0008361204013377926
were,0.0008361204013377926
extend,0.0016722408026755853
boeings,0.0008361204013377926
or,0.002508361204013378
raging,0.0008361204013377926
dumped,0.0008361204013377926
staff,0.0016722408026755853
device,0.004180602006688963
homegoods,0.0008361204013377926
development,0.0008361204013377926
administration,0.006688963210702341
overflowing,0.0008361204013377926
completely,0.0008361204013377926
tank,0.0016722408026755853
links,0.0008361204013377926
post-trump,0.0008361204013377926
available,0.0008361204013377926
before,0.0008361204013377926
click,0.004180602006688963
cares,0.0008361204013377926
archive,0.0008361204013377926
site,0.0016722408026755853
administ,0.0008361204013377926
potential,0.002508361204013378
off,0.0008361204013377926
considering,0.0008361204013377926
re-elected,0.0008361204013377926
save,0.002508361204013378
understand,0.0016722408026755853
below,0.0008361204013377926
unveiled,0.0008361204013377926
spreading,0.0008361204013377926
ramping,0.0008361204013377926
considers,0.0008361204013377926
biggest,0.0033444816053511705
million,0.0016722408026755853
(bloomberg),0.0008361204013377926
where,0.0008361204013377926
you,0.008361204013377926
competition,0.0008361204013377926
47th,0.0008361204013377926
department,0.0016722408026755853
autozone,0.0008361204013377926
articles,0.0008361204013377926
powerful,0.0008361204013377926
valley,0.0033444816053511705
the,0.11705685618729098
met,0.0008361204013377926
momentum,0.0008361204013377926
skip,0.0008361204013377926
public,0.0016722408026755853
drawn,0.0008361204013377926
marshalls,0.0008361204013377926
expect,0.0016722408026755853
americas,0.0008361204013377926
nat,0.0008361204013377926
drill,0.002508361204013378
president-elect,0.011705685618729096
whilst,0.0008361204013377926
discussed,0.0008361204013377926
scrutiny,0.0008361204013377926
much,0.0008361204013377926
app,0.002508361204013378
embraces,0.0008361204013377926
groceries,0.0008361204013377926
role,0.0008361204013377926
surprise,0.0008361204013377926
admitted,0.0008361204013377926
y,0.0008361204013377926
broadband,0.0008361204013377926
table,0.0008361204013377926
hi,0.0016722408026755853
communica,0.0008361204013377926
linkedin,0.0008361204013377926
mergers,0.0016722408026755853
pencils,0.0016722408026755853
exist,0.0008361204013377926
dancing,0.0008361204013377926
else,0.0008361204013377926
permit,0.0008361204013377926
version,0.0008361204013377926
surge,0.0016722408026755853
according,0.0016722408026755853
lima,0.0008361204013377926
exclusive,0.0016722408026755853
zaslav,0.0008361204013377926
stocks,0.0016722408026755853
went,0.0008361204013377926
chicago,0.0008361204013377926
spending,0.002508361204013378
activating,0.0008361204013377926
since,0.0008361204013377926
storm,0.0008361204013377926
feiger,0.0008361204013377926
record,0.0016722408026755853
independence,0.0008361204013377926
execs,0.0008361204013377926
statement,0.0008361204013377926
tell,0.0008361204013377926
confident,0.0008361204013377926
influencers,0.0008361204013377926
appeal,0.002508361204013378
nears,0.0008361204013377926
had,0.0016722408026755853
supports,0.0008361204013377926
editor-in-chief,0.0008361204013377926
affect,0.0016722408026755853
proposed,0.0016722408026755853
manhattan,0.0008361204013377926
join,0.0016722408026755853
potentially,0.0008361204013377926
tiktok,0.00919732441471572
commanding,0.0008361204013377926
fantastic,0.0008361204013377926
survivethe,0.0008361204013377926
fuel,0.0008361204013377926
core,0.0008361204013377926
columbia,0.0008361204013377926
rear,0.0008361204013377926
reportedly,0.0008361204013377926
sang,0.0008361204013377926
40,0.0008361204013377926
two,0.002508361204013378
jen,0.0008361204013377926
open,0.0008361204013377926
remains,0.002508361204013378
covered,0.0008361204013377926
recently,0.0008361204013377926
mark,0.0008361204013377926
automotive,0.0008361204013377926
business-friendly,0.0008361204013377926
current,0.0008361204013377926
revis,0.0008361204013377926
changes,0.0008361204013377926
inter,0.0008361204013377926
tariffs,0.011705685618729096
accept,0.004180602006688963
fire,0.0008361204013377926
leads,0.0008361204013377926
announced,0.0008361204013377926
days,0.0016722408026755853
stop,0.0008361204013377926
here,0.0008361204013377926
laguardia,0.0008361204013377926
budget,0.0008361204013377926
only,0.0008361204013377926
real,0.0008361204013377926
traveling,0.0008361204013377926
advice,0.0008361204013377926
finds,0.0008361204013377926
inflations,0.0008361204013377926
ceo,0.0016722408026755853
year,0.0008361204013377926
ours)president-elect,0.0008361204013377926
once,0.0016722408026755853
ted,0.0008361204013377926
helps,0.0008361204013377926
been,0.002508361204013378
bitcoin,0.0033444816053511705
upend,0.0008361204013377926
meeti,0.0008361204013377926
technology,0.0008361204013377926
pursued,0.0008361204013377926
help,0.0008361204013377926
advocates,0.0008361204013377926
looks,0.0008361204013377926
function,0.0008361204013377926
it,0.007525083612040134
industry,0.0016722408026755853
escalation,0.0008361204013377926
next,0.0033444816053511705
dhs,0.0016722408026755853
trade,0.004180602006688963
a,0.05936454849498328
driving,0.0008361204013377926
friends,0.0008361204013377926
speculating,0.0008361204013377926
saying,0.0016722408026755853
[+],0.0008361204013377926
orders,0.0008361204013377926
day,0.0016722408026755853
off-road,0.0008361204013377926
polic,0.0008361204013377926
groundwork,0.0008361204013377926
exercises,0.0008361204013377926
steven,0.0008361204013377926
like,0.0016722408026755853
home,0.002508361204013378
strikingly,0.0008361204013377926
access,0.005016722408026756
alerigi,0.0008361204013377926
bidens,0.0008361204013377926
car,0.0008361204013377926
donald,0.03511705685618729
odds,0.0008361204013377926
term,0.0033444816053511705
banks,0.0008361204013377926
get,0.0008361204013377926
fellow,0.0008361204013377926
attitude,0.0008361204013377926
paulo/washington,0.0008361204013377926
katie,0.0008361204013377926
imposes,0.0008361204013377926
ra,0.0008361204013377926
support,0.0008361204013377926
cfo,0.0008361204013377926
enthusiasm,0.0016722408026755853
weve,0.0008361204013377926
todays,0.0008361204013377926
during,0.004180602006688963
indian,0.0008361204013377926
would,0.002508361204013378
reid,0.0008361204013377926
giants,0.0008361204013377926
about,0.004180602006688963
burgum,0.0008361204013377926
v,0.0016722408026755853
learn,0.0016722408026755853
head,0.002508361204013378
region,0.0016722408026755853
savior,0.0016722408026755853
alarm,0.0008361204013377926
magic,0.0008361204013377926
direct,0.0008361204013377926
brief,0.0008361204013377926
social,0.004180602006688963
damage,0.0008361204013377926
but,0.005016722408026756
firms,0.002508361204013378
including,0.005016722408026756
overturned,0.0008361204013377926
tribune/tnsthis,0.0008361204013377926
union,0.0008361204013377926
efficiencyangela,0.0008361204013377926
outside,0.0008361204013377926
honda,0.0008361204013377926
argentina,0.0008361204013377926
leah,0.0008361204013377926
people,0.0016722408026755853
apparently,0.0008361204013377926
try,0.0016722408026755853
1980s,0.0008361204013377926
cash,0.0008361204013377926
williams/cq,0.0008361204013377926
major,0.002508361204013378
first,0.0016722408026755853
(ev),0.0008361204013377926
page,0.002508361204013378
happen,0.0008361204013377926
musk,0.006688963210702341
hoffman,0.0008361204013377926
her,0.0008361204013377926
newsletter,0.004180602006688963
taps,0.0016722408026755853
journalists,0.0008361204013377926
impact,0.002508361204013378
indices,0.0008361204013377926
paul,0.0016722408026755853
pugliano/getty,0.0008361204013377926
