,0.03488372093023256
part,0.008372093023255815
words,0.0051162790697674414
splits,0.00046511627906976747
2022,0.00046511627906976747
patel,0.0009302325581395349
toni,0.00046511627906976747
bested,0.00046511627906976747
wouldnt,0.0009302325581395349
around,0.00046511627906976747
complaint,0.0009302325581395349
game,0.0009302325581395349
discretionary,0.00046511627906976747
jeffries,0.00046511627906976747
cutt,0.00046511627906976747
flashed,0.00046511627906976747
hostins,0.00046511627906976747
jenna,0.0009302325581395349
seizes,0.00046511627906976747
confronted,0.00046511627906976747
google,0.0013953488372093023
obamas,0.00046511627906976747
promise,0.00046511627906976747
helping,0.00046511627906976747
robust,0.00046511627906976747
island,0.0009302325581395349
outgoing,0.00046511627906976747
divisive,0.00046511627906976747
tim,0.0009302325581395349
winning,0.0009302325581395349
fighter,0.00046511627906976747
270,0.002325581395348837
congratulates,0.0009302325581395349
celebrate,0.00046511627906976747
struggles,0.00046511627906976747
truly,0.00046511627906976747
music,0.00046511627906976747
threshold,0.00046511627906976747
60,0.00046511627906976747
takedown,0.00046511627906976747
nov,0.0018604651162790699
nearly,0.00046511627906976747
shocking,0.00046511627906976747
backfires,0.0009302325581395349
nobody,0.0009302325581395349
inner,0.0009302325581395349
fbi,0.00046511627906976747
bef,0.00046511627906976747
moment,0.0018604651162790699
ever,0.00046511627906976747
protect,0.00046511627906976747
certainly,0.00046511627906976747
thomas,0.00046511627906976747
voters,0.007906976744186046
impersonation,0.00046511627906976747
decisive,0.00046511627906976747
hard,0.00046511627906976747
introducing,0.00046511627906976747
herself,0.00046511627906976747
worked,0.00046511627906976747
claims,0.0009302325581395349
insane,0.00046511627906976747
represent,0.00046511627906976747
stance,0.00046511627906976747
soon-to-be,0.00046511627906976747
2024ap,0.00046511627906976747
culture,0.00046511627906976747
elector,0.00046511627906976747
got,0.0013953488372093023
common,0.0009302325581395349
embrace,0.00046511627906976747
defensive,0.00046511627906976747
reshape,0.0009302325581395349
spread,0.00046511627906976747
vladimir,0.0009302325581395349
congratulations,0.00046511627906976747
h,0.00046511627906976747
sweating,0.00046511627906976747
his,0.022325581395348838
politics,0.0032558139534883722
comedians,0.00046511627906976747
tweet,0.00046511627906976747
repeated,0.00046511627906976747
opus,0.00046511627906976747
stallone,0.0009302325581395349
czar,0.00046511627906976747
sustained,0.00046511627906976747
picks,0.00046511627906976747
showing,0.0013953488372093023
after,0.01581395348837209
morrison,0.00046511627906976747
walkout,0.00046511627906976747
votes,0.002325581395348837
moderate,0.00046511627906976747
ticket,0.00046511627906976747
cohen,0.00046511627906976747
roast,0.00046511627906976747
bunny,0.00046511627906976747
asked,0.00046511627906976747
sen,0.0009302325581395349
cl,0.0009302325581395349
right,0.0032558139534883722
critical,0.0018604651162790699
arrives,0.00046511627906976747
passionate,0.0013953488372093023
expects,0.00046511627906976747
hand,0.0018604651162790699
uneducated,0.00046511627906976747
south,0.00046511627906976747
tech,0.0013953488372093023
back,0.004186046511627907
úisland,0.00046511627906976747
them,0.0013953488372093023
ive,0.00046511627906976747
issued,0.0009302325581395349
asking,0.0009302325581395349
conor,0.00046511627906976747
ass,0.00046511627906976747
anything,0.0013953488372093023
thing,0.00046511627906976747
stronghold,0.00046511627906976747
comments,0.0009302325581395349
repu,0.00046511627906976747
takes,0.00046511627906976747
enthusiast,0.00046511627906976747
series,0.00046511627906976747
last,0.0032558139534883722
rudolphs,0.00046511627906976747
$3m,0.00046511627906976747
whos,0.0013953488372093023
should,0.00046511627906976747
vehicle,0.00046511627906976747
courts,0.0013953488372093023
wish,0.00046511627906976747
direction,0.00046511627906976747
widespread,0.00046511627906976747
held,0.00046511627906976747
neck-and-neck,0.00046511627906976747
course,0.00046511627906976747
1892,0.00046511627906976747
nasas,0.00046511627906976747
smooth,0.00046511627906976747
cabinet,0.0013953488372093023
allegations,0.0009302325581395349
hackish,0.00046511627906976747
comparisons,0.00046511627906976747
house,0.0074418604651162795
philadelphia,0.0009302325581395349
2023,0.00046511627906976747
care,0.00046511627906976747
r,0.00046511627906976747
memes,0.00046511627906976747
although,0.00046511627906976747
providence,0.00046511627906976747
sons,0.00046511627906976747
subscribe,0.00046511627906976747
melania,0.0009302325581395349
seized,0.00046511627906976747
advantage,0.00046511627906976747
whole,0.0009302325581395349
dave,0.00046511627906976747
spectacularly,0.00046511627906976747
think,0.0013953488372093023
newsweekcom,0.00046511627906976747
fo,0.0013953488372093023
blow,0.0009302325581395349
groveling,0.00046511627906976747
broadcasting,0.00046511627906976747
bide,0.00046511627906976747
poli,0.00046511627906976747
kushner,0.0009302325581395349
free,0.00046511627906976747
<u,0.00046511627906976747
afternoon,0.00046511627906976747
l,0.0009302325581395349
threatened,0.00046511627906976747
theyre,0.0018604651162790699
continued,0.00046511627906976747
didnt,0.0013953488372093023
joy,0.00046511627906976747
security,0.00046511627906976747
el,0.00046511627906976747
recommendations,0.00046511627906976747
swing,0.0032558139534883722
electoral,0.0027906976744186047
advisers,0.00046511627906976747
run,0.0013953488372093023
mine,0.00046511627906976747
apologizes,0.00046511627906976747
sweeping,0.0009302325581395349
manchin,0.00046511627906976747
watch,0.0037209302325581397
86%,0.00046511627906976747
endlessly,0.00046511627906976747
race,0.0032558139534883722
i-hope-you-like-being-ripped-off-by-comcast,0.00046511627906976747
broadway,0.00046511627906976747
krust,0.00046511627906976747
taught,0.00046511627906976747
sunny,0.0009302325581395349
moving,0.00046511627906976747
july,0.0013953488372093023
subvert,0.00046511627906976747
armond/los,0.00046511627906976747
complex,0.00046511627906976747
study,0.00046511627906976747
friend,0.00046511627906976747
nominee,0.0009302325581395349
hurricanes,0.00046511627906976747
america,0.0013953488372093023
frustrated,0.00046511627906976747
will,0.01581395348837209
content,0.00046511627906976747
dash,0.00046511627906976747
values,0.00046511627906976747
that,0.017209302325581394
county,0.0018604651162790699
griffin,0.00046511627906976747
squirms,0.00046511627906976747
inflation,0.00046511627906976747
how,0.007906976744186046
buzz,0.0009302325581395349
evangelicals,0.00046511627906976747
trum,0.0009302325581395349
eva,0.0009302325581395349
display,0.00046511627906976747
baptist,0.00046511627906976747
wi,0.0009302325581395349
monday,0.0013953488372093023
ripped,0.00046511627906976747
electing,0.0009302325581395349
making,0.0018604651162790699
endorse,0.0013953488372093023
segregated,0.00046511627906976747
best,0.0009302325581395349
iconic,0.0013953488372093023
c,0.0009302325581395349
frenzied,0.00046511627906976747
because,0.0013953488372093023
liz,0.0009302325581395349
schwarzman,0.0013953488372093023
fresh,0.00046511627906976747
presi,0.00046511627906976747
doling,0.00046511627906976747
western,0.00046511627906976747
from,0.01441860465116279
came,0.0009302325581395349
ceos,0.0009302325581395349
agencys,0.00046511627906976747
ignominy,0.00046511627906976747
capable,0.0009302325581395349
again,0.0009302325581395349
say,0.0009302325581395349
notable,0.00046511627906976747
gives,0.0009302325581395349
behind,0.0009302325581395349
fervent,0.00046511627906976747
university,0.00046511627906976747
cleans,0.00046511627906976747
lose,0.00046511627906976747
denies,0.00046511627906976747
arguing,0.00046511627906976747
*,0.00046511627906976747
there,0.00046511627906976747
pledges,0.00046511627906976747
tall,0.00046511627906976747
blesses,0.00046511627906976747
typical,0.00046511627906976747
include,0.0009302325581395349
secretary,0.0013953488372093023
comment,0.0013953488372093023
methodology,0.00046511627906976747
pizzas,0.00046511627906976747
received,0.0009302325581395349
radically,0.00046511627906976747
trail,0.00046511627906976747
hopes,0.00046511627906976747
betting,0.0013953488372093023
final,0.004186046511627907
women,0.0018604651162790699
bluesky,0.00046511627906976747
smith,0.00046511627906976747
desantis,0.00046511627906976747
degrees,0.00046511627906976747
videos,0.00046511627906976747
de,0.0009302325581395349
images,0.004186046511627907
spend,0.00046511627906976747
racism,0.00046511627906976747
adminis,0.00046511627906976747
interfering,0.00046511627906976747
roasts,0.00046511627906976747
sending,0.0009302325581395349
curry,0.00046511627906976747
daughter,0.0009302325581395349
may,0.005581395348837209
úhe,0.00046511627906976747
cook,0.0013953488372093023
whammy,0.00046511627906976747
billions,0.00046511627906976747
remain,0.00046511627906976747
college,0.0013953488372093023
obstacles,0.0009302325581395349
longer,0.00046511627906976747
item,0.00046511627906976747
politically,0.00046511627906976747
united,0.002325581395348837
demonized,0.00046511627906976747
talked,0.00046511627906976747
minimal,0.00046511627906976747
react,0.00046511627906976747
nicky,0.0009302325581395349
information,0.0051162790697674414
participate,0.00046511627906976747
laura,0.00046511627906976747
harris,0.03255813953488372
post-election,0.00046511627906976747
ahead,0.0013953488372093023
am,0.0009302325581395349
electrifying,0.00046511627906976747
show,0.002325581395348837
right-wing,0.0009302325581395349
fade,0.00046511627906976747
georgia,0.0018604651162790699
allegiance,0.00046511627906976747
claiming,0.00046511627906976747
believed,0.00046511627906976747
las,0.00046511627906976747
ramped-up,0.00046511627906976747
trumpgetty,0.00046511627906976747
5,0.0013953488372093023
video,0.0009302325581395349
adult,0.00046511627906976747
investments,0.00046511627906976747
center,0.0013953488372093023
prosperity,0.00046511627906976747
battlegr,0.00046511627906976747
carolina,0.0032558139534883722
theyll,0.00046511627906976747
(yes,0.00046511627906976747
elections,0.0013953488372093023
st,0.0027906976744186047
im,0.0013953488372093023
worker,0.0009302325581395349
inve,0.00046511627906976747
distance,0.00046511627906976747
men,0.0027906976744186047
years,0.002325581395348837
optimistic,0.00046511627906976747
grew,0.00046511627906976747
himself,0.0013953488372093023
players,0.00046511627906976747
keeps,0.00046511627906976747
wally,0.00046511627906976747
luzerne,0.00046511627906976747
unpaid,0.00046511627906976747
delivered,0.0018604651162790699
means,0.0027906976744186047
grandmother,0.00046511627906976747
evolution,0.00046511627906976747
board,0.00046511627906976747
jokes,0.00046511627906976747
9000,0.0009302325581395349
includes,0.0009302325581395349
victory,0.009767441860465116
thiel,0.0013953488372093023
ballot,0.0009302325581395349
polices,0.00046511627906976747
policy,0.0009302325581395349
cant,0.002325581395348837
november,0.0009302325581395349
birthday,0.00046511627906976747
distanced,0.00046511627906976747
tmz,0.0009302325581395349
african,0.00046511627906976747
fact,0.0013953488372093023
january,0.00046511627906976747
begin,0.00046511627906976747
store,0.0051162790697674414
freedom,0.00046511627906976747
invested,0.00046511627906976747
haley,0.00046511627906976747
pressing,0.00046511627906976747
celebrated,0.00046511627906976747
pivot,0.00046511627906976747
republican,0.0027906976744186047
madison,0.0065116279069767444
showplace,0.00046511627906976747
idea,0.0009302325581395349
atlantic,0.00046511627906976747
photo,0.00046511627906976747
via,0.0009302325581395349
silicon,0.0013953488372093023
weiss/afp/getty,0.00046511627906976747
into,0.0027906976744186047
clock,0.0009302325581395349
alone,0.00046511627906976747
as,0.019069767441860466
tar,0.00046511627906976747
prevail,0.00046511627906976747
countrys,0.00046511627906976747
commending,0.00046511627906976747
members,0.0037209302325581397
sticking,0.00046511627906976747
mars,0.00046511627906976747
--,0.0065116279069767444
citys,0.00046511627906976747
maps,0.00046511627906976747
sprint,0.00046511627906976747
flexing,0.00046511627906976747
eastern,0.0013953488372093023
posse,0.00046511627906976747
cringe,0.00046511627906976747
jersey,0.00046511627906976747
wednesday,0.0032558139534883722
hes,0.002325581395348837
someone,0.00046511627906976747
agent,0.00046511627906976747
isnt,0.00046511627906976747
seeking,0.00046511627906976747
scripted,0.00046511627906976747
guy,0.00046511627906976747
wall,0.00046511627906976747
fondness,0.00046511627906976747
cheers,0.00046511627906976747
mistakes,0.002325581395348837
all,0.0060465116279069765
stole,0.00046511627906976747
extreme,0.0009302325581395349
air,0.00046511627906976747
minnesota,0.0009302325581395349
earlier,0.0018604651162790699
trump,0.11534883720930232
shitty,0.00046511627906976747
news,0.005581395348837209
russian,0.00046511627906976747
survey,0.00046511627906976747
chorus,0.00046511627906976747
southern,0.00046511627906976747
start,0.0009302325581395349
rally,0.011627906976744186
astra,0.00046511627906976747
market,0.00046511627906976747
target,0.00046511627906976747
antecedent,0.00046511627906976747
seated,0.00046511627906976747
seemed,0.00046511627906976747
shift,0.00046511627906976747
fcc,0.00046511627906976747
watching,0.00046511627906976747
deliver,0.0009302325581395349
away,0.0009302325581395349
results,0.004651162790697674
op-ed,0.0009302325581395349
time,0.002325581395348837
mcgregor,0.00046511627906976747
clevelands,0.0009302325581395349
impromptu,0.00046511627906976747
democratic,0.0032558139534883722
violent,0.0009302325581395349
four,0.0009302325581395349
southwest,0.00046511627906976747
opinion,0.00046511627906976747
jd,0.0013953488372093023
significance,0.00046511627906976747
accusations,0.00046511627906976747
works,0.00046511627906976747
project,0.002325581395348837
wright,0.00046511627906976747
follows,0.0009302325581395349
gaetz,0.00046511627906976747
voting,0.0037209302325581397
avoid,0.0009302325581395349
industrys,0.00046511627906976747
howard,0.00046511627906976747
australian,0.0009302325581395349
moneymaker/getty,0.00046511627906976747
cloud,0.0009302325581395349
projected,0.0032558139534883722
white,0.010232558139534883
every,0.0032558139534883722
arrived,0.00046511627906976747
claimed,0.00046511627906976747
king,0.00046511627906976747
consent,0.0051162790697674414
polls,0.0027906976744186047
wielding,0.00046511627906976747
advising,0.00046511627906976747
important,0.0013953488372093023
drum,0.00046511627906976747
úthe,0.00046511627906976747
polling,0.00046511627906976747
huffpost,0.00046511627906976747
speaking,0.00046511627906976747
nevada,0.0018604651162790699
five,0.00046511627906976747
note,0.00046511627906976747
buddy,0.00046511627906976747
an,0.013488372093023256
pounded,0.00046511627906976747
2nd,0.0009302325581395349
reason,0.00046511627906976747
mate,0.0009302325581395349
plans,0.0013953488372093023
headwinds,0.00046511627906976747
experiencegenerate,0.002325581395348837
preserve,0.00046511627906976747
fla,0.0009302325581395349
texting,0.00046511627906976747
f,0.002325581395348837
us,0.008837209302325582
halt,0.00046511627906976747
updates,0.0013953488372093023
george,0.0013953488372093023
b,0.0009302325581395349
27,0.00046511627906976747
says,0.0069767441860465115
oversee,0.00046511627906976747
options,0.0009302325581395349
resuming,0.00046511627906976747
bannons,0.00046511627906976747
might,0.0009302325581395349
kottkeorg,0.00046511627906976747
sits,0.00046511627906976747
jab,0.00046511627906976747
represented,0.00046511627906976747
judiciary,0.00046511627906976747
$2,0.00046511627906976747
concerns,0.00046511627906976747
wholly,0.00046511627906976747
johnson,0.00046511627906976747
albuquerques,0.00046511627906976747
praises,0.00046511627906976747
wait,0.00046511627906976747
&amp,0.0060465116279069765
work,0.0009302325581395349
ban,0.00046511627906976747
fusco,0.00046511627906976747
said,0.002325581395348837
hostin,0.00046511627906976747
crowd,0.0009302325581395349
instead,0.00046511627906976747
kn,0.00046511627906976747
unde,0.00046511627906976747
activists,0.00046511627906976747
failed,0.00046511627906976747
losing,0.0009302325581395349
le,0.00046511627906976747
efforts,0.00046511627906976747
projects,0.00046511627906976747
supermajority,0.00046511627906976747
come,0.0018604651162790699
upon,0.00046511627906976747
tv,0.00046511627906976747
landing,0.00046511627906976747
trashing,0.00046511627906976747
already,0.0018604651162790699
given,0.00046511627906976747
personally,0.00046511627906976747
york,0.004186046511627907
texas,0.00046511627906976747
responders,0.00046511627906976747
divided,0.00046511627906976747
searches,0.00046511627906976747
news/ipsos,0.00046511627906976747
refused,0.0013953488372093023
criticized,0.00046511627906976747
select,0.00046511627906976747
stat,0.00046511627906976747
saw,0.00046511627906976747
reggaeton,0.00046511627906976747
responsible,0.00046511627906976747
turning,0.00046511627906976747
wins,0.004186046511627907
court,0.0009302325581395349
over,0.0051162790697674414
warning,0.00046511627906976747
inspect,0.00046511627906976747
forth,0.00046511627906976747
opponent,0.00046511627906976747
dawn,0.00046511627906976747
line,0.0009302325581395349
finally,0.00046511627906976747
bid,0.00046511627906976747
fiercely,0.00046511627906976747
blocks,0.00046511627906976747
scramble,0.00046511627906976747
occupying,0.00046511627906976747
immigrants,0.00046511627906976747
endorses,0.0013953488372093023
plan,0.0009302325581395349
thrown,0.00046511627906976747
spirals,0.00046511627906976747
states<,0.00046511627906976747
transparency,0.0051162790697674414
deeper,0.00046511627906976747
level,0.0009302325581395349
inbox,0.0013953488372093023
result,0.00046511627906976747
true,0.00046511627906976747
saturday,0.0032558139534883722
map,0.00046511627906976747
aka,0.00046511627906976747
companies,0.00046511627906976747
baron,0.00046511627906976747
clean,0.00046511627906976747
hotly,0.00046511627906976747
rooftop,0.00046511627906976747
commerce,0.00046511627906976747
indeed,0.00046511627906976747
state,0.0037209302325581397
backlit,0.00046511627906976747
campaign,0.0069767441860465115
platform,0.00046511627906976747
product,0.00046511627906976747
dad,0.00046511627906976747
side,0.0009302325581395349
ephemera,0.00046511627906976747
talk,0.00046511627906976747
broadcast,0.00046511627906976747
neared,0.00046511627906976747
voter,0.0009302325581395349
extremists,0.00046511627906976747
three,0.00046511627906976747
politician,0.0009302325581395349
fusaro,0.00046511627906976747
prepare,0.0013953488372093023
fall,0.00046511627906976747
poll,0.0009302325581395349
wing,0.0013953488372093023
presidents,0.00046511627906976747
impassioned,0.00046511627906976747
anthony,0.00046511627906976747
sunday,0.0032558139534883722
coming,0.00046511627906976747
longoria,0.0009302325581395349
featured,0.00046511627906976747
gaetzs,0.00046511627906976747
vance,0.0018604651162790699
presidential,0.010697674418604652
divisions,0.00046511627906976747
became,0.00046511627906976747
partners,0.0051162790697674414
thought,0.00046511627906976747
selection,0.00046511627906976747
landslide,0.00046511627906976747
golden,0.00046511627906976747
influential,0.00046511627906976747
laying,0.00046511627906976747
dumbest,0.00046511627906976747
mcgillins,0.00046511627906976747
primary,0.00046511627906976747
pointing,0.00046511627906976747
lindsey,0.0009302325581395349
scares,0.00046511627906976747
certified,0.00046511627906976747
significant,0.0009302325581395349
inherently,0.00046511627906976747
rallies,0.00046511627906976747
perennially,0.00046511627906976747
joe,0.0051162790697674414
19,0.00046511627906976747
americans,0.002325581395348837
matter,0.00046511627906976747
lady,0.0009302325581395349
likely,0.0018604651162790699
son,0.00046511627906976747
until,0.0009302325581395349
eight,0.00046511627906976747
supreme,0.0013953488372093023
make,0.0037209302325581397
candidates,0.0009302325581395349
era,0.0013953488372093023
democracy,0.00046511627906976747
nationally,0.00046511627906976747
he,0.01441860465116279
if,0.010232558139534883
ideas,0.00046511627906976747
leader,0.0018604651162790699
recommends,0.00046511627906976747
adviser,0.00046511627906976747
double,0.00046511627906976747
down,0.0013953488372093023
candidate,0.0013953488372093023
dropped,0.00046511627906976747
sorts,0.00046511627906976747
thinking,0.00046511627906976747
shows,0.0009302325581395349
political,0.0032558139534883722
parents,0.00046511627906976747
frequent,0.00046511627906976747
cross,0.0013953488372093023
unlikely,0.00046511627906976747
michelle,0.0009302325581395349
hilariously,0.00046511627906976747
smiling,0.00046511627906976747
speak,0.00046511627906976747
trillion,0.00046511627906976747
election,0.03209302325581395
oldest,0.00046511627906976747
bass-thumping,0.00046511627906976747
shoc,0.00046511627906976747
sucked,0.00046511627906976747
narrowing,0.00046511627906976747
dragging,0.00046511627906976747
francisco,0.00046511627906976747
knuckling,0.00046511627906976747
october,0.0009302325581395349
6,0.0013953488372093023
minister,0.00046511627906976747
promised,0.0009302325581395349
jam,0.0009302325581395349
declined,0.0009302325581395349
wake,0.0009302325581395349
whether,0.00046511627906976747
loyalty,0.00046511627906976747
image,0.00046511627906976747
youd,0.00046511627906976747
snub,0.00046511627906976747
president-ele,0.00046511627906976747
internet,0.0013953488372093023
deal,0.00046511627906976747
coverage,0.0009302325581395349
constituency,0.00046511627906976747
scientific,0.0009302325581395349
feet,0.0009302325581395349
constitution,0.00046511627906976747
nor,0.00046511627906976747
cycle,0.00046511627906976747
overhaul,0.00046511627906976747
nazi,0.00046511627906976747
cent,0.0009302325581395349
pennsylv,0.0009302325581395349
leave,0.0009302325581395349
tip,0.00046511627906976747
was,0.013023255813953489
twice-weekly,0.0009302325581395349
late,0.0018604651162790699
ear,0.00046511627906976747
dts,0.00046511627906976747
237,0.0051162790697674414
cathy,0.00046511627906976747
crisscross,0.00046511627906976747
exotic,0.0009302325581395349
útough,0.00046511627906976747
los,0.00046511627906976747
apple,0.00046511627906976747
531,0.00046511627906976747
ranks,0.00046511627906976747
tax,0.00046511627906976747
helmuth,0.00046511627906976747
looking,0.00046511627906976747
this,0.020465116279069766
mad,0.00046511627906976747
pieces,0.00046511627906976747
border,0.00046511627906976747
hate-filled,0.00046511627906976747
challenging,0.0009302325581395349
low,0.0009302325581395349
one,0.0074418604651162795
power,0.0018604651162790699
what,0.004186046511627907
vs,0.00046511627906976747
remarkable,0.00046511627906976747
hinchcliffes,0.002325581395348837
mandate,0.0018604651162790699
gave,0.00046511627906976747
surprised,0.0009302325581395349
claim,0.0013953488372093023
doors,0.00046511627906976747
discontent,0.00046511627906976747
msg,0.0009302325581395349
editor,0.0018604651162790699
catholic,0.0013953488372093023
followed,0.00046511627906976747
speech,0.0037209302325581397
star,0.0018604651162790699
defeat,0.0009302325581395349
tressie,0.00046511627906976747
lead,0.0009302325581395349
starkly,0.00046511627906976747
receive,0.0009302325581395349
than,0.0009302325581395349
impression,0.00046511627906976747
meet,0.0009302325581395349
official,0.00046511627906976747
snapped,0.00046511627906976747
cleveland,0.0009302325581395349
most,0.0037209302325581397
institutionalist,0.00046511627906976747
supporters,0.0037209302325581397
office,0.0013953488372093023
register,0.00046511627906976747
cottom,0.00046511627906976747
acc,0.00046511627906976747
gay,0.0018604651162790699
trumps,0.013488372093023256
44,0.0013953488372093023
battleground,0.0009302325581395349
convention,0.0009302325581395349
with,0.020930232558139535
our,0.0065116279069767444
decision,0.0013953488372093023
reader,0.00046511627906976747
transfer,0.00046511627906976747
hold,0.0013953488372093023
condemning,0.00046511627906976747
know,0.0018604651162790699
under,0.0037209302325581397
returning,0.00046511627906976747
rips,0.0009302325581395349
checks,0.00046511627906976747
úive,0.00046511627906976747
top,0.0018604651162790699
always,0.0037209302325581397
relocated,0.00046511627906976747
aint,0.00046511627906976747
battle,0.00046511627906976747
are,0.015348837209302326
listen,0.002325581395348837
its,0.0032558139534883722
defined,0.00046511627906976747
pay,0.0009302325581395349
basically,0.00046511627906976747
wont,0.00046511627906976747
loss,0.0009302325581395349
hall,0.00046511627906976747
mcgraw,0.00046511627906976747
rise,0.00046511627906976747
going,0.0009302325581395349
in,0.07023255813953488
assault,0.00046511627906976747
general,0.0009302325581395349
range,0.00046511627906976747
2,0.00046511627906976747
billy,0.0009302325581395349
jenny,0.0009302325581395349
triumph,0.00046511627906976747
or,0.004186046511627907
albanese,0.0009302325581395349
proved,0.00046511627906976747
termthus,0.00046511627906976747
device,0.0051162790697674414
revenge,0.00046511627906976747
relentless,0.00046511627906976747
approach,0.00046511627906976747
flouted,0.00046511627906976747
tight,0.00046511627906976747
chevron,0.00046511627906976747
transcript,0.00046511627906976747
square,0.0065116279069767444
called,0.0018604651162790699
wh,0.00046511627906976747
last-minute,0.00046511627906976747
potential,0.00046511627906976747
off,0.0013953488372093023
causing,0.00046511627906976747
immunity,0.00046511627906976747
moon,0.0009302325581395349
based,0.0013953488372093023
blessed,0.00046511627906976747
heroes,0.00046511627906976747
spreading,0.00046511627906976747
using,0.0032558139534883722
million,0.0013953488372093023
coalition,0.00046511627906976747
where,0.0027906976744186047
(bloomberg),0.00046511627906976747
washingtons,0.00046511627906976747
not,0.008837209302325582
passed,0.00046511627906976747
blueprint,0.00046511627906976747
powerful,0.00046511627906976747
sticks,0.00046511627906976747
find,0.00046511627906976747
loses,0.00046511627906976747
the,0.16604651162790698
skip,0.00046511627906976747
advancement,0.00046511627906976747
problematic,0.00046511627906976747
public,0.0009302325581395349
drawn,0.00046511627906976747
gains,0.00046511627906976747
woman,0.0018604651162790699
americas,0.00046511627906976747
abc,0.004651162790697674
decide,0.00046511627906976747
<l,0.00046511627906976747
sift,0.00046511627906976747
scorches,0.00046511627906976747
pull,0.00046511627906976747
suburban,0.00046511627906976747
storied,0.00046511627906976747
signs,0.0018604651162790699
homes,0.0018604651162790699
registered,0.00046511627906976747
role,0.00046511627906976747
phone,0.00046511627906976747
screen,0.00046511627906976747
attack,0.0013953488372093023
table,0.00046511627906976747
crime,0.00046511627906976747
motivate,0.00046511627906976747
chris,0.0009302325581395349
army,0.0009302325581395349
oilfield,0.00046511627906976747
grandson,0.00046511627906976747
weekend,0.002325581395348837
ambassador,0.00046511627906976747
swung,0.00046511627906976747
debate,0.00046511627906976747
fìk,0.00046511627906976747
high-profile,0.00046511627906976747
version,0.00046511627906976747
racist,0.0013953488372093023
begun,0.00046511627906976747
episode,0.00046511627906976747
zegler,0.0009302325581395349
spending,0.00046511627906976747
latin,0.00046511627906976747
since,0.0018604651162790699
right),0.00046511627906976747
shit,0.00046511627906976747
mcmillan,0.00046511627906976747
prime,0.00046511627906976747
stopped,0.00046511627906976747
(r-fl),0.00046511627906976747
assaulting,0.00046511627906976747
applewhite,0.00046511627906976747
unprecedented,0.0013953488372093023
grandma,0.0009302325581395349
had,0.002325581395348837
abortion,0.0009302325581395349
harris-walz,0.00046511627906976747
enters,0.00046511627906976747
fired,0.0018604651162790699
enemies,0.00046511627906976747
self-,0.00046511627906976747
far-right,0.0009302325581395349
live,0.0013953488372093023
worries,0.00046511627906976747
hide,0.00046511627906976747
conservative,0.0018604651162790699
lines,0.00046511627906976747
resigns,0.00046511627906976747
ufc,0.0009302325581395349
explaining,0.00046511627906976747
arab,0.0018604651162790699
relief,0.00046511627906976747
tomorrow,0.00046511627906976747
825,0.00046511627906976747
two,0.004186046511627907
open,0.00046511627906976747
celebrations,0.00046511627906976747
raucous,0.00046511627906976747
path,0.00046511627906976747
mark,0.0013953488372093023
personality,0.00046511627906976747
tendencies,0.0009302325581395349
concession,0.00046511627906976747
judges,0.00046511627906976747
issues,0.0013953488372093023
reading,0.0009302325581395349
within,0.00046511627906976747
accept,0.005581395348837209
fire,0.00046511627906976747
leads,0.0009302325581395349
match,0.002325581395348837
nyc,0.00046511627906976747
2017,0.00046511627906976747
contested,0.00046511627906976747
strategist,0.00046511627906976747
tens,0.00046511627906976747
stop,0.00046511627906976747
health,0.0009302325581395349
dominated,0.00046511627906976747
sledding,0.00046511627906976747
involve,0.00046511627906976747
erosion,0.00046511627906976747
doornail,0.00046511627906976747
task,0.00046511627906976747
real,0.00046511627906976747
420,0.00046511627906976747
filling,0.00046511627906976747
floating,0.0009302325581395349
third,0.0009302325581395349
nearby,0.00046511627906976747
taylor,0.00046511627906976747
once,0.0013953488372093023
peaceful,0.00046511627906976747
parties,0.00046511627906976747
local,0.0013953488372093023
kash,0.0009302325581395349
becoming,0.00046511627906976747
gallo,0.00046511627906976747
essay,0.00046511627906976747
attributed,0.00046511627906976747
own,0.00046511627906976747
handwringing,0.00046511627906976747
ads,0.00046511627906976747
it,0.008372093023255815
next,0.002325581395348837
yangs,0.0009302325581395349
feels,0.00046511627906976747
a,0.07627906976744186
healthy,0.00046511627906976747
[+],0.00046511627906976747
sylvester,0.0009302325581395349
mass,0.00046511627906976747
con,0.00046511627906976747
phil,0.0009302325581395349
party,0.0013953488372093023
like,0.0037209302325581397
article,0.005581395348837209
president-,0.00046511627906976747
balances,0.00046511627906976747
ongoing,0.00046511627906976747
answer,0.00046511627906976747
access,0.0051162790697674414
management,0.0009302325581395349
milwaukee,0.0013953488372093023
shot,0.0013953488372093023
mention,0.00046511627906976747
meanest,0.00046511627906976747
bidens,0.0009302325581395349
wo,0.00046511627906976747
bills,0.00046511627906976747
me,0.002325581395348837
cards,0.00046511627906976747
globe,0.00046511627906976747
concedes,0.0009302325581395349
support,0.004651162790697674
weve,0.0009302325581395349
lost,0.00046511627906976747
todays,0.00046511627906976747
during,0.0032558139534883722
vain,0.00046511627906976747
foundation,0.00046511627906976747
w,0.0009302325581395349
heard,0.0009302325581395349
head,0.00046511627906976747
learn,0.00046511627906976747
trash,0.00046511627906976747
social,0.0009302325581395349
including,0.0060465116279069765
brand,0.0009302325581395349
th,0.00046511627906976747
union,0.00046511627906976747
conservati,0.00046511627906976747
outside,0.00046511627906976747
bad,0.0013953488372093023
allegedly,0.0013953488372093023
essentially,0.00046511627906976747
p,0.00046511627906976747
somewhat,0.00046511627906976747
rfk,0.0013953488372093023
major,0.0013953488372093023
vocals,0.00046511627906976747
page,0.00046511627906976747
shortage,0.00046511627906976747
newsletter,0.0027906976744186047
arm,0.00046511627906976747
impact,0.00046511627906976747
paul,0.0009302325581395349
heres,0.0013953488372093023
frontman,0.00046511627906976747
mike,0.00046511627906976747
albuquerque,0.00046511627906976747
named,0.00046511627906976747
o,0.00046511627906976747
hate,0.00046511627906976747
simpsons,0.00046511627906976747
per,0.00046511627906976747
harriss,0.00046511627906976747
groused,0.00046511627906976747
loudest,0.0013953488372093023
bit,0.00046511627906976747
hayes,0.00046511627906976747
prevailed,0.00046511627906976747
greenberg,0.00046511627906976747
carlson,0.00046511627906976747
senator,0.0009302325581395349
challenge,0.00046511627906976747
laundry,0.00046511627906976747
mom,0.0009302325581395349
auditorium,0.00046511627906976747
more,0.0018604651162790699
privilege,0.00046511627906976747
yard,0.00046511627906976747
jobs,0.00046511627906976747
axelrod,0.00046511627906976747
pressed,0.00046511627906976747
any,0.0013953488372093023
close,0.00046511627906976747
pledge,0.00046511627906976747
good,0.0013953488372093023
vances,0.00046511627906976747
campaigned,0.0009302325581395349
water,0.00046511627906976747
frenzy,0.00046511627906976747
helped,0.0013953488372093023
thursday,0.0013953488372093023
gross,0.00046511627906976747
immense,0.00046511627906976747
improve,0.002325581395348837
ties,0.00046511627906976747
electorally,0.00046511627906976747
offended,0.00046511627906976747
stood,0.0009302325581395349
stump,0.00046511627906976747
superior,0.00046511627906976747
stops,0.00046511627906976747
agains,0.00046511627906976747
mail-in,0.00046511627906976747
exit,0.0018604651162790699
úfuck,0.00046511627906976747
legacy,0.0009302325581395349
pets,0.00046511627906976747
discover,0.00046511627906976747
evangelist,0.00046511627906976747
podcaster,0.00046511627906976747
host,0.0009302325581395349
circles,0.00046511627906976747
gets,0.00046511627906976747
economy,0.0013953488372093023
just,0.0037209302325581397
dr,0.0009302325581395349
sacks,0.00046511627906976747
alongside,0.00046511627906976747
trump-supporting,0.0009302325581395349
turned,0.0013953488372093023
astronaut,0.00046511627906976747
clown,0.00046511627906976747
declares,0.0009302325581395349
pretty,0.00046511627906976747
predicted,0.00046511627906976747
new,0.011162790697674419
m,0.0013953488372093023
thousands,0.0009302325581395349
50-50,0.00046511627906976747
charlotte-born,0.00046511627906976747
who,0.010232558139534883
republicans,0.0032558139534883722
date,0.00046511627906976747
starting,0.00046511627906976747
pro-abortion,0.00046511627906976747
won,0.0051162790697674414
pennsylvania,0.0032558139534883722
space,0.0009302325581395349
booth,0.00046511627906976747
empty,0.00046511627906976747
set,0.0027906976744186047
marco,0.00046511627906976747
leaves,0.00046511627906976747
re-election,0.0009302325581395349
even,0.002325581395348837
detroit,0.00046511627906976747
which,0.0037209302325581397
chips,0.00046511627906976747
rebuke,0.00046511627906976747
many,0.00046511627906976747
government,0.00046511627906976747
angeles,0.00046511627906976747
ripping,0.0013953488372093023
need,0.0009302325581395349
photo/evan,0.00046511627906976747
cities,0.00046511627906976747
city,0.0018604651162790699
dance,0.00046511627906976747
person,0.00046511627906976747
racially,0.00046511627906976747
putin,0.0009302325581395349
convince,0.00046511627906976747
president,0.037209302325581395
excerpted,0.00046511627906976747
cuban,0.0013953488372093023
newsweek,0.0009302325581395349
<,0.00046511627906976747
aldrin,0.0009302325581395349
dressed,0.00046511627906976747
foreign,0.00046511627906976747
pundits,0.00046511627906976747
rodgers,0.00046511627906976747
avid,0.00046511627906976747
young,0.00046511627906976747
father,0.00046511627906976747
for,0.037209302325581395
watched,0.00046511627906976747
normal,0.0009302325581395349
policies,0.0009302325581395349
different,0.00046511627906976747
laughs,0.00046511627906976747
allies,0.0013953488372093023
calls,0.0013953488372093023
cited,0.00046511627906976747
to,0.08046511627906977
30,0.00046511627906976747
grants,0.00046511627906976747
month,0.0013953488372093023
fec,0.0009302325581395349
urges,0.00046511627906976747
investigation,0.00046511627906976747
poin,0.00046511627906976747
van,0.00046511627906976747
less,0.00046511627906976747
beach,0.002325581395348837
counties,0.00046511627906976747
anti-trump,0.00046511627906976747
hispanic-majority,0.00046511627906976747
believe,0.00046511627906976747
festooned,0.00046511627906976747
yahoo,0.002325581395348837
possible,0.0013953488372093023
backlash,0.00046511627906976747
ballots,0.00046511627906976747
1885-1889,0.00046511627906976747
dramatically,0.00046511627906976747
rubio,0.0009302325581395349
spent,0.0009302325581395349
bet,0.0009302325581395349
elon,0.0060465116279069765
exposure,0.00046511627906976747
those,0.0009302325581395349
i,0.0060465116279069765
has,0.01953488372093023
leadership,0.0013953488372093023
getty,0.0018604651162790699
excitement,0.00046511627906976747
up,0.0074418604651162795
pose,0.00046511627906976747
vote,0.0009302325581395349
sola,0.00046511627906976747
baby,0.00046511627906976747
predicts,0.00046511627906976747
showed,0.00046511627906976747
attending,0.00046511627906976747
terms,0.0013953488372093023
press,0.002325581395348837
hometown,0.00046511627906976747
screens,0.00046511627906976747
interest,0.00046511627906976747
emergency,0.0009302325581395349
bully,0.00046511627906976747
d,0.0009302325581395349
lies,0.0009302325581395349
remnick,0.00046511627906976747
rogan,0.0032558139534883722
let,0.0013953488372093023
nowinski,0.00046511627906976747
arguments,0.0009302325581395349
forward,0.00046511627906976747
cult,0.00046511627906976747
hosted,0.00046511627906976747
drew,0.0009302325581395349
across,0.0009302325581395349
their,0.004186046511627907
your,0.0032558139534883722
rachel,0.0009302325581395349
comedian,0.0027906976744186047
winner,0.0013953488372093023
contempt,0.00046511627906976747
mind,0.0009302325581395349
reno,0.00046511627906976747
efficient,0.00046511627906976747
disaster,0.00046511627906976747
substantial,0.00046511627906976747
surveyas,0.00046511627906976747
doesnt,0.0009302325581395349
better,0.00046511627906976747
following,0.0013953488372093023
traditionally,0.00046511627906976747
apology,0.00046511627906976747
leaders,0.0018604651162790699
endorsement,0.0018604651162790699
dove,0.00046511627906976747
mcmorris,0.00046511627906976747
tuition,0.00046511627906976747
tiger,0.00046511627906976747
showcasing,0.00046511627906976747
shouldnt,0.0009302325581395349
manufacturing,0.00046511627906976747
published,0.0009302325581395349
stage,0.002325581395348837
washington,0.005581395348837209
recent,0.0013953488372093023
boot,0.00046511627906976747
pro-trump,0.0013953488372093023
garbage,0.0018604651162790699
countless,0.00046511627906976747
concerned,0.00046511627906976747
kam,0.00046511627906976747
perform,0.0009302325581395349
advertisement,0.00046511627906976747
piece,0.00046511627906976747
described,0.0009302325581395349
fast,0.00046511627906976747
forced,0.00046511627906976747
self-preservation,0.00046511627906976747
mostly,0.00046511627906976747
response,0.00046511627906976747
finger-pointing,0.00046511627906976747
mexico,0.0009302325581395349
conservatives,0.0009302325581395349
few,0.0009302325581395349
entire,0.00046511627906976747
ale,0.00046511627906976747
history,0.0009302325581395349
abo,0.00046511627906976747
dept,0.0009302325581395349
altercation,0.00046511627906976747
explorers,0.00046511627906976747
rescinding,0.00046511627906976747
1789,0.00046511627906976747
great,0.00046511627906976747
certify,0.0009302325581395349
appeared,0.002325581395348837
montage,0.0009302325581395349
somebody,0.00046511627906976747
overcame,0.0009302325581395349
while,0.0027906976744186047
latest,0.0018604651162790699
address,0.00046511627906976747
fascist,0.0013953488372093023
refuse,0.00046511627906976747
vox,0.00046511627906976747
resigned,0.00046511627906976747
run-up,0.00046511627906976747
nfl,0.0009302325581395349
grover,0.002325581395348837
electionanna,0.00046511627906976747
night,0.005581395348837209
massive,0.0009302325581395349
on-field,0.00046511627906976747
hurt,0.00046511627906976747
comparing,0.00046511627906976747
order,0.00046511627906976747
is,0.024186046511627906
labeling,0.0009302325581395349
comedy,0.00046511627906976747
retirement,0.00046511627906976747
other,0.008372093023255815
engage,0.00046511627906976747
bosa,0.00046511627906976747
bonkers,0.00046511627906976747
eagles,0.00046511627906976747
move,0.00046511627906976747
guides,0.00046511627906976747
popular,0.00046511627906976747
ken,0.00046511627906976747
misconduct,0.00046511627906976747
schedule,0.00046511627906976747
jonathan,0.0009302325581395349
explore,0.00046511627906976747
aggressive,0.00046511627906976747
hilarious,0.00046511627906976747
road,0.0009302325581395349
having,0.0009302325581395349
trumpwho,0.00046511627906976747
gambit,0.00046511627906976747
highlight,0.00046511627906976747
vermont,0.00046511627906976747
kentucky,0.00046511627906976747
cut,0.00046511627906976747
wasp,0.0009302325581395349
serve,0.0013953488372093023
jared,0.0009302325581395349
debates,0.00046511627906976747
closing,0.0009302325581395349
(ap),0.00046511627906976747
telling,0.0013953488372093023
defense,0.00046511627906976747
jim,0.00046511627906976747
retracts,0.00046511627906976747
falsely,0.00046511627906976747
far,0.00046511627906976747
imagine,0.00046511627906976747
events,0.0013953488372093023
talks,0.00046511627906976747
granddaughter,0.0009302325581395349
karl,0.0009302325581395349
preside,0.00046511627906976747
refusing,0.00046511627906976747
use,0.0065116279069767444
essential,0.00046511627906976747
working,0.0013953488372093023
úirish,0.00046511627906976747
heads,0.0009302325581395349
against,0.002325581395348837
season,0.00046511627906976747
system,0.00046511627906976747
campaigning,0.00046511627906976747
chatting,0.00046511627906976747
extending,0.00046511627906976747
joke,0.0009302325581395349
ai,0.0027906976744186047
ohio,0.00046511627906976747
taking,0.0009302325581395349
halloween,0.00046511627906976747
stand,0.00046511627906976747
running,0.0013953488372093023
multiple,0.00046511627906976747
big,0.0027906976744186047
moist,0.00046511627906976747
no,0.0037209302325581397
tony,0.0032558139534883722
info,0.002325581395348837
meyers,0.0009302325581395349
podcast,0.0009302325581395349
friday,0.0009302325581395349
everything,0.00046511627906976747
squarely,0.00046511627906976747
fires,0.00046511627906976747
jones,0.00046511627906976747
way,0.0018604651162790699
exact,0.00046511627906976747
story,0.0009302325581395349
dick,0.0009302325581395349
cont,0.00046511627906976747
wrote,0.00046511627906976747
reclaim,0.00046511627906976747
classified,0.00046511627906976747
american,0.0051162790697674414
president-elects,0.00046511627906976747
bloc,0.00046511627906976747
olde,0.00046511627906976747
spotify,0.0009302325581395349
too,0.00046511627906976747
team,0.0013953488372093023
second,0.0069767441860465115
ex,0.00046511627906976747
coco,0.00046511627906976747
overcome,0.00046511627906976747
mere,0.00046511627906976747
depend,0.00046511627906976747
surviving,0.00046511627906976747
youre,0.0009302325581395349
these,0.0009302325581395349
through,0.0009302325581395349
lopez,0.0013953488372093023
wednesdays,0.00046511627906976747
panned,0.0009302325581395349
roll,0.00046511627906976747
become,0.00046511627906976747
porn,0.0013953488372093023
ago,0.0013953488372093023
member,0.00046511627906976747
chang-rodriguez/bi,0.0009302325581395349
sign,0.0027906976744186047
surpass,0.00046511627906976747
novi,0.00046511627906976747
life,0.00046511627906976747
ire,0.0009302325581395349
transition,0.00046511627906976747
stock,0.00046511627906976747
(working,0.00046511627906976747
trump-harris,0.00046511627906976747
difference,0.00046511627906976747
compared,0.0009302325581395349
closest,0.00046511627906976747
stunt,0.00046511627906976747
upto,0.0009302325581395349
returns,0.00046511627906976747
list,0.00046511627906976747
especially,0.0009302325581395349
scrambling,0.00046511627906976747
derailed,0.00046511627906976747
pitch,0.00046511627906976747
between,0.0013953488372093023
imp,0.00046511627906976747
when,0.0060465116279069765
week,0.0027906976744186047
dont,0.0018604651162790699
closed,0.00046511627906976747
viewed,0.00046511627906976747
suspected,0.00046511627906976747
decided,0.00046511627906976747
supporting,0.00046511627906976747
metal,0.00046511627906976747
tuesday,0.00046511627906976747
weighing,0.00046511627906976747
geraldo,0.00046511627906976747
walk,0.00046511627906976747
left,0.002325581395348837
false,0.00046511627906976747
immigration,0.00046511627906976747
step,0.0013953488372093023
force,0.00046511627906976747
carolinas,0.00046511627906976747
win,0.0065116279069767444
kamala,0.010697674418604652
voice,0.00046511627906976747
war,0.00046511627906976747
terry,0.00046511627906976747
alyssa,0.00046511627906976747
evening,0.0009302325581395349
another,0.00046511627906976747
opens,0.00046511627906976747
former,0.021395348837209303
lengthy,0.00046511627906976747
by,0.011162790697674419
loyalist,0.00046511627906976747
florida,0.0018604651162790699
dumb,0.00046511627906976747
absolut,0.00046511627906976747
$100,0.00046511627906976747
10,0.00046511627906976747
made,0.0013953488372093023
past,0.0009302325581395349
insi,0.00046511627906976747
sent,0.0009302325581395349
regular,0.00046511627906976747
michigan,0.0027906976744186047
now,0.002325581395348837
on,0.044651162790697675
warns,0.00046511627906976747
representative,0.0009302325581395349
expanded,0.00046511627906976747
business,0.0009302325581395349
early,0.0009302325581395349
hours,0.00046511627906976747
justice,0.00046511627906976747
extent,0.00046511627906976747
promoting,0.0009302325581395349
still,0.0018604651162790699
reality,0.00046511627906976747
pushing,0.00046511627906976747
reasons,0.0009302325581395349
(in,0.0051162790697674414
be,0.0069767441860465115
musks,0.0013953488372093023
chief,0.002325581395348837
argued,0.00046511627906976747
beginning,0.00046511627906976747
we,0.008837209302325582
dc,0.0013953488372093023
measure,0.00046511627906976747
crucial,0.0009302325581395349
broken,0.00046511627906976747
country,0.00046511627906976747
strong,0.00046511627906976747
surging,0.00046511627906976747
sally,0.0009302325581395349
advance,0.00046511627906976747
fierce,0.00046511627906976747
biracial,0.00046511627906976747
my,0.0027906976744186047
somodevilla/getty,0.00046511627906976747
handful,0.00046511627906976747
she,0.0074418604651162795
tweets,0.00046511627906976747
delivers,0.00046511627906976747
vice,0.011627906976744186
take,0.002325581395348837
figures,0.00046511627906976747
can-we-stop-the-stupidity,0.00046511627906976747
oval,0.0009302325581395349
daily,0.00046511627906976747
contrasting,0.00046511627906976747
trap,0.00046511627906976747
future,0.00046511627906976747
largely,0.00046511627906976747
steps,0.00046511627906976747
1,0.00046511627906976747
competitive,0.00046511627906976747
message,0.002325581395348837
in-person,0.00046511627906976747
least,0.00046511627906976747
ready,0.00046511627906976747
gone,0.0009302325581395349
resounding,0.00046511627906976747
tradition,0.0009302325581395349
world,0.0009302325581395349
referred,0.0009302325581395349
along,0.00046511627906976747
ruling,0.00046511627906976747
billionaire,0.0013953488372093023
package,0.00046511627906976747
call,0.0009302325581395349
offers,0.0009302325581395349
pastor,0.00046511627906976747
being,0.0027906976744186047
klinkenborg,0.00046511627906976747
68,0.00046511627906976747
offered,0.0009302325581395349
ricos,0.00046511627906976747
at,0.023255813953488372
declared,0.002325581395348837
why,0.0013953488372093023
stints,0.00046511627906976747
never,0.0018604651162790699
collective,0.00046511627906976747
trumpìkamala,0.00046511627906976747
49ers,0.00046511627906976747
faith,0.00046511627906976747
endorsed,0.0027906976744186047
calculus,0.00046511627906976747
sparked,0.00046511627906976747
ticking,0.00046511627906976747
buzzfeed,0.00046511627906976747
leaving,0.00046511627906976747
circled,0.00046511627906976747
generate,0.002325581395348837
neutrality,0.00046511627906976747
li,0.00046511627906976747
spoke,0.0009302325581395349
september,0.00046511627906976747
responding,0.00046511627906976747
backing,0.00046511627906976747
relying,0.00046511627906976747
braces,0.00046511627906976747
phone-bankers,0.00046511627906976747
steve,0.0018604651162790699
transit,0.00046511627906976747
gained,0.00046511627906976747
nomination,0.00046511627906976747
survivors,0.00046511627906976747
retaliation,0.00046511627906976747
placing,0.00046511627906976747
verlyn,0.00046511627906976747
hereth,0.00046511627906976747
income,0.00046511627906976747
act,0.00046511627906976747
fas,0.00046511627906976747
attention,0.00046511627906976747
could,0.004186046511627907
unable,0.00046511627906976747
promising,0.00046511627906976747
out,0.0069767441860465115
similar,0.00046511627906976747
decades,0.00046511627906976747
themselves,0.0009302325581395349
do,0.002325581395348837
anne,0.00046511627906976747
destroys,0.00046511627906976747
deletes,0.00046511627906976747
2020,0.0009302325581395349
numerical,0.00046511627906976747
perceived,0.00046511627906976747
npr,0.00046511627906976747
shown,0.00046511627906976747
vetting,0.00046511627906976747
media,0.0013953488372093023
well-being,0.00046511627906976747
long-term,0.00046511627906976747
et,0.0013953488372093023
framework,0.0051162790697674414
effective,0.00046511627906976747
ricans,0.00046511627906976747
change,0.0009302325581395349
celebrating,0.00046511627906976747
musician,0.00046511627906976747
eating,0.00046511627906976747
reporting,0.002325581395348837
experience,0.00046511627906976747
federal,0.0037209302325581397
bezos,0.00046511627906976747
photo/j,0.00046511627906976747
network,0.00046511627906976747
each,0.0009302325581395349
obama,0.0009302325581395349
membership,0.00046511627906976747
presidency,0.0027906976744186047
voted,0.0018604651162790699
casting,0.00046511627906976747
arrested,0.0009302325581395349
slots,0.00046511627906976747
boosts,0.00046511627906976747
filing,0.00046511627906976747
margins,0.00046511627906976747
percentage,0.00046511627906976747
energy,0.00046511627906976747
tool,0.0009302325581395349
entrepreneur,0.00046511627906976747
initiatives,0.00046511627906976747
they,0.0051162790697674414
shook,0.00046511627906976747
iab,0.0051162790697674414
whats,0.002325581395348837
cleve,0.00046511627906976747
trump-musk,0.00046511627906976747
issue,0.0009302325581395349
prom,0.00046511627906976747
isol,0.00046511627906976747
blackstone,0.0009302325581395349
hurricane,0.0009302325581395349
unemployment,0.00046511627906976747
ally,0.00046511627906976747
spain,0.00046511627906976747
everyone,0.00046511627906976747
interpret,0.00046511627906976747
bring,0.00046511627906976747
rallys,0.00046511627906976747
waiting,0.00046511627906976747
underway,0.00046511627906976747
among,0.002325581395348837
months,0.002325581395348837
reelection,0.002325581395348837
mean,0.00046511627906976747
street,0.00046511627906976747
hinchcliffe,0.0009302325581395349
crus,0.00046511627906976747
roles,0.00046511627906976747
loyal,0.00046511627906976747
arena,0.00046511627906976747
fraud,0.0018604651162790699
have,0.010232558139534883
deserves,0.00046511627906976747
throwing,0.00046511627906976747
san,0.00046511627906976747
morning,0.0018604651162790699
dead,0.00046511627906976747
hurricane-ravaged,0.00046511627906976747
concept,0.00046511627906976747
michael,0.0018604651162790699
circle,0.0009302325581395349
told,0.0037209302325581397
comes,0.00046511627906976747
locked,0.00046511627906976747
remarks,0.002325581395348837
and/or,0.0051162790697674414
t,0.002325581395348837
fema,0.0009302325581395349
end,0.0027906976744186047
and,0.06372093023255813
uncertain,0.00046511627906976747
post,0.00046511627906976747
workers,0.00046511627906976747
boost,0.00046511627906976747
talking,0.0009302325581395349
2025,0.002325581395348837
messages,0.00046511627906976747
controversial,0.00046511627906976747
e,0.00046511627906976747
bowen,0.0009302325581395349
toolbox,0.0009302325581395349
4,0.00046511627906976747
event,0.0018604651162790699
scientist,0.00046511627906976747
starts,0.00046511627906976747
bellwethers,0.00046511627906976747
near,0.00046511627906976747
economic,0.00046511627906976747
seth,0.0009302325581395349
fears,0.00046511627906976747
turn,0.0009302325581395349
merchan,0.00046511627906976747
promises,0.00046511627906976747
insulted,0.00046511627906976747
wisconsin,0.0018604651162790699
unmitigated,0.00046511627906976747
brutal,0.00046511627906976747
seriously,0.00046511627906976747
$130,0.00046511627906976747
sense,0.00046511627906976747
vegas,0.00046511627906976747
makes,0.0009302325581395349
50,0.0009302325581395349
played,0.0009302325581395349
finish,0.00046511627906976747
jurists,0.00046511627906976747
dozen,0.00046511627906976747
par,0.00046511627906976747
david,0.0009302325581395349
chair,0.00046511627906976747
capital,0.00046511627906976747
stake,0.00046511627906976747
john,0.0009302325581395349
behavior,0.00046511627906976747
facing,0.00046511627906976747
populace,0.00046511627906976747
calling,0.0009302325581395349
count,0.00046511627906976747
growth,0.00046511627906976747
toward,0.0009302325581395349
bitterly,0.00046511627906976747
clear,0.0009302325581395349
push,0.0009302325581395349
took,0.0009302325581395349
keys,0.00046511627906976747
maher,0.0009302325581395349
fair,0.00046511627906976747
campus,0.00046511627906976747
stories,0.0018604651162790699
rough,0.00046511627906976747
of,0.06790697674418604
look,0.00046511627906976747
powers,0.00046511627906976747
north,0.0032558139534883722
states,0.0069767441860465115
pick,0.0009302325581395349
some,0.0060465116279069765
key,0.005581395348837209
reaction,0.00046511627906976747
nick,0.00046511627906976747
bar,0.00046511627906976747
robert,0.0009302325581395349
believes,0.00046511627906976747
minority,0.00046511627906976747
oakland,0.00046511627906976747
$3,0.00046511627906976747
collapse,0.00046511627906976747
cardi,0.0009302325581395349
conversation,0.0009302325581395349
rico-slandering,0.00046511627906976747
well,0.0013953488372093023
column,0.00046511627906976747
also,0.0060465116279069765
field,0.0009302325581395349
campai,0.00046511627906976747
bucket-list,0.00046511627906976747
fans,0.00046511627906976747
pm,0.0013953488372093023
killed,0.00046511627906976747
reshaped,0.00046511627906976747
headed,0.00046511627906976747
since-deleted,0.00046511627906976747
democrats,0.004186046511627907
2024,0.013488372093023256
want,0.0009302325581395349
chance,0.00046511627906976747
astronauts,0.00046511627906976747
orderhe,0.00046511627906976747
moore,0.0009302325581395349
edition,0.00046511627906976747
heel,0.00046511627906976747
bizarrely,0.00046511627906976747
associated,0.0009302325581395349
elect,0.0013953488372093023
biden,0.0032558139534883722
jr,0.002325581395348837
can,0.0018604651162790699
garden,0.0060465116279069765
replied,0.00046511627906976747
hoping,0.0009302325581395349
famous,0.00046511627906976747
lay,0.00046511627906976747
throughout,0.00046511627906976747
latina,0.00046511627906976747
hakeem,0.00046511627906976747
hotel,0.00046511627906976747
long,0.0018604651162790699
compelling,0.00046511627906976747
case,0.0009302325581395349
vucci,0.00046511627906976747
ride,0.00046511627906976747
him,0.0060465116279069765
womens,0.0009302325581395349
liberals,0.00046511627906976747
realize,0.00046511627906976747
legendary,0.0009302325581395349
swelling,0.00046511627906976747
gather,0.00046511627906976747
45th,0.00046511627906976747
neither,0.00046511627906976747
comca,0.00046511627906976747
democrat,0.00046511627906976747
mar-a-lago,0.00046511627906976747
roundtable,0.00046511627906976747
evolved,0.00046511627906976747
alive,0.00046511627906976747
several,0.00046511627906976747
takeaways,0.004651162790697674
rights,0.0013953488372093023
maya,0.00046511627906976747
old,0.00046511627906976747
times,0.0018604651162790699
gop,0.0013953488372093023
tradwives,0.00046511627906976747
electiongetty,0.00046511627906976747
hot,0.0009302325581395349
jameson,0.0009302325581395349
group,0.00046511627906976747
wherever,0.0009302325581395349
tucker,0.00046511627906976747
riveras,0.00046511627906976747
arent,0.00046511627906976747
round,0.00046511627906976747
scott,0.00046511627906976747
focused,0.00046511627906976747
mental,0.00046511627906976747
scathing,0.00046511627906976747
writers,0.00046511627906976747
vying,0.00046511627906976747
deportations,0.00046511627906976747
credited,0.00046511627906976747
11,0.0009302325581395349
cold,0.00046511627906976747
understandably,0.00046511627906976747
joined,0.0013953488372093023
architect,0.00046511627906976747
0459,0.00046511627906976747
cheating,0.00046511627906976747
debating,0.00046511627906976747
both,0.002325581395348837
snl,0.0032558139534883722
thanked,0.00046511627906976747
poised,0.0009302325581395349
historic,0.0027906976744186047
ivanka,0.0009302325581395349
interference,0.00046511627906976747
watson/afp/getty,0.00046511627906976747
check,0.0013953488372093023
collection,0.00046511627906976747
trashes,0.00046511627906976747
so,0.00046511627906976747
return,0.0027906976744186047
were,0.0027906976744186047
trumpism,0.00046511627906976747
blame,0.00046511627906976747
truth,0.00046511627906976747
thinks,0.0009302325581395349
administration,0.0037209302325581397
posted,0.00046511627906976747
tank,0.00046511627906976747
enright,0.00046511627906976747
before,0.0037209302325581397
click,0.005581395348837209
galen,0.00046511627906976747
offici,0.00046511627906976747
chip,0.00046511627906976747
often,0.00046511627906976747
graham,0.0018604651162790699
site,0.00046511627906976747
sack,0.00046511627906976747
west,0.002325581395348837
net,0.00046511627906976747
save,0.00046511627906976747
campaigns,0.00046511627906976747
things,0.0013953488372093023
understand,0.00046511627906976747
peter,0.0013953488372093023
full,0.00046511627906976747
údemocracy,0.00046511627906976747
harr,0.00046511627906976747
club,0.00046511627906976747
octagon,0.00046511627906976747
biggest,0.00046511627906976747
tells,0.0013953488372093023
mcconnell,0.00046511627906976747
you,0.010697674418604652
fake,0.0009302325581395349
úbecause,0.00046511627906976747
47th,0.00046511627906976747
non-consecutive,0.0018604651162790699
lot,0.00046511627906976747
book,0.00046511627906976747
valley,0.0009302325581395349
roaring,0.0009302325581395349
separated,0.00046511627906976747
community,0.0009302325581395349
infiltrating,0.00046511627906976747
cheney,0.0018604651162790699
go,0.002325581395348837
roberts,0.0013953488372093023
expect,0.0009302325581395349
paths,0.0009302325581395349
launched,0.00046511627906976747
influence,0.00046511627906976747
agency,0.0009302325581395349
point,0.00046511627906976747
president-elect,0.0060465116279069765
much,0.0009302325581395349
lives,0.00046511627906976747
hair,0.00046511627906976747
conducting,0.00046511627906976747
√óhello,0.00046511627906976747
emotional,0.00046511627906976747
matt,0.0009302325581395349
incorporating,0.00046511627906976747
kicked,0.00046511627906976747
dissipate,0.00046511627906976747
built,0.00046511627906976747
vincent,0.0009302325581395349
feel,0.0013953488372093023
playbook,0.00046511627906976747
apollo,0.0013953488372093023
features,0.00046511627906976747
reiterating,0.00046511627906976747
supervisor,0.0009302325581395349
g,0.00046511627906976747
seen,0.00046511627906976747
dana,0.0009302325581395349
really,0.0009302325581395349
actions,0.00046511627906976747
haitian,0.00046511627906976747
according,0.002325581395348837
weigh,0.00046511627906976747
instilled,0.00046511627906976747
knew,0.0009302325581395349
vehemently,0.00046511627906976747
shared,0.0018604651162790699
heats,0.00046511627906976747
went,0.00046511627906976747
shifts,0.00046511627906976747
pop,0.00046511627906976747
tied,0.0009302325581395349
cheekily,0.00046511627906976747
installing,0.00046511627906976747
theres,0.0009302325581395349
designated,0.00046511627906976747
reveal,0.00046511627906976747
record,0.00046511627906976747
conventionjason,0.00046511627906976747
absolutely,0.0013953488372093023
independence,0.00046511627906976747
execs,0.00046511627906976747
drawing,0.0009302325581395349
tell,0.00046511627906976747
mismanagement,0.00046511627906976747
deadlines,0.00046511627906976747
town,0.0009302325581395349
bomb,0.00046511627906976747
blasting,0.00046511627906976747
arizona,0.0009302325581395349
counters,0.00046511627906976747
comeback,0.00046511627906976747
proposed,0.00046511627906976747
puerto,0.004651162790697674
presence,0.00046511627906976747
absurdity,0.00046511627906976747
posts,0.00046511627906976747
heritage,0.00046511627906976747
trim,0.00046511627906976747
stupid,0.0009302325581395349
join,0.00046511627906976747
miserable,0.00046511627906976747
television,0.00046511627906976747
present,0.00046511627906976747
greg,0.00046511627906976747
fun,0.00046511627906976747
crossing,0.00046511627906976747
40,0.0013953488372093023
mounti,0.00046511627906976747
remains,0.00046511627906976747
recently,0.00046511627906976747
blames,0.00046511627906976747
current,0.0009302325581395349
jennifer,0.0013953488372093023
cnn,0.00046511627906976747
grievance,0.00046511627906976747
progressives,0.00046511627906976747
stubbornly,0.00046511627906976747
doubt,0.00046511627906976747
electionap,0.00046511627906976747
opportunities,0.00046511627906976747
national,0.00046511627906976747
subscribeapple,0.0009302325581395349
announced,0.00046511627906976747
dems,0.00046511627906976747
days,0.0032558139534883722
exception,0.00046511627906976747
palm,0.002325581395348837
congratulating,0.00046511627906976747
here,0.0027906976744186047
only,0.0018604651162790699
encouraged,0.00046511627906976747
actor,0.00046511627906976747
dark,0.00046511627906976747
did,0.0018604651162790699
modicum,0.00046511627906976747
advice,0.0009302325581395349
despite,0.0013953488372093023
megalomaniac,0.00046511627906976747
ceo,0.0018604651162790699
year,0.0027906976744186047
helps,0.0027906976744186047
shortly,0.0009302325581395349
been,0.004186046511627907
yorker,0.00046511627906976747
correspondent,0.0009302325581395349
82-year-old,0.0009302325581395349
help,0.0018604651162790699
looks,0.0009302325581395349
edit,0.00046511627906976747
writes,0.0009302325581395349
family,0.00046511627906976747
projections,0.00046511627906976747
kennedy,0.0009302325581395349
attacks,0.00046511627906976747
bill,0.0009302325581395349
saying,0.0032558139534883722
atlanta,0.00046511627906976747
moonwalker,0.00046511627906976747
clarifies,0.00046511627906976747
day,0.0060465116279069765
groundwork,0.0009302325581395349
christian,0.0009302325581395349
meeting,0.0009302325581395349
later,0.00046511627906976747
nauseously,0.00046511627906976747
read,0.0009302325581395349
willard,0.00046511627906976747
maga,0.0018604651162790699
files,0.00046511627906976747
guys,0.00046511627906976747
courage,0.00046511627906976747
grows,0.00046511627906976747
donald,0.0572093023255814
term,0.0060465116279069765
without,0.00046511627906976747
ugly,0.00046511627906976747
get,0.0027906976744186047
900-page,0.00046511627906976747
x,0.0009302325581395349
officials,0.0009302325581395349
sure,0.00046511627906976747
at&ampt,0.00046511627906976747
securing,0.0009302325581395349
hands,0.00046511627906976747
integrity,0.0009302325581395349
would,0.0037209302325581397
about,0.009302325581395349
safe,0.0009302325581395349
test,0.0009302325581395349
v,0.00046511627906976747
same,0.00046511627906976747
monopoly,0.00046511627906976747
french,0.00046511627906976747
standing,0.0009302325581395349
rely,0.00046511627906976747
brief,0.0009302325581395349
projection,0.00046511627906976747
raw,0.00046511627906976747
but,0.0065116279069767444
juggalos,0.00046511627906976747
extremist,0.00046511627906976747
da,0.00046511627906976747
moments,0.00046511627906976747
senate,0.0018604651162790699
jake,0.0009302325581395349
18,0.00046511627906976747
phoenix,0.00046511627906976747
people,0.0018604651162790699
repeatedly,0.00046511627906976747
yearangela,0.00046511627906976747
try,0.0013953488372093023
photo-op,0.00046511627906976747
cast,0.0018604651162790699
does,0.0009302325581395349
rico,0.002325581395348837
first,0.005581395348837209
úso,0.00046511627906976747
gotten,0.0009302325581395349
endorsements,0.0009302325581395349
tak,0.00046511627906976747
inst,0.0009302325581395349
musk,0.004186046511627907
her,0.008837209302325582
reporters,0.0009302325581395349
j,0.0013953488372093023
