and,0.027131782945736434
when,0.003875968992248062
courts,0.003875968992248062
into,0.003875968992248062
heres,0.003875968992248062
mike,0.003875968992248062
direction,0.003875968992248062
buzzfeed,0.003875968992248062
as,0.027131782945736434
final,0.003875968992248062
bit,0.003875968992248062
countrys,0.003875968992248062
women,0.003875968992248062
election,0.015503875968992248
implement,0.003875968992248062
tearing,0.003875968992248062
2022,0.007751937984496124
options,0.003875968992248062
tuesday,0.003875968992248062
--,0.007751937984496124
votes,0.003875968992248062
pillars,0.003875968992248062
put,0.003875968992248062
cabinet,0.003875968992248062
eve,0.003875968992248062
might,0.003875968992248062
accessand,0.003875968992248062
surpassed,0.003875968992248062
nominees,0.003875968992248062
under,0.007751937984496124
house,0.011627906976744186
more,0.007751937984496124
has,0.007751937984496124
care,0.007751937984496124
wednesday,0.003875968992248062
known,0.003875968992248062
up,0.003875968992248062
with,0.007751937984496124
bets,0.003875968992248062
isnt,0.007751937984496124
vote,0.003875968992248062
reelected,0.007751937984496124
speaker,0.003875968992248062
dobbs,0.003875968992248062
jackson,0.003875968992248062
act,0.003875968992248062
promise,0.003875968992248062
its,0.003875968992248062
supr,0.003875968992248062
wake,0.003875968992248062
may,0.007751937984496124
suggestion,0.003875968992248062
could,0.003875968992248062
literally,0.003875968992248062
campaigned,0.003875968992248062
scientists,0.003875968992248062
events,0.003875968992248062
out,0.003875968992248062
in,0.03488372093023256
winning,0.003875968992248062
promising,0.003875968992248062
former,0.007751937984496124
270,0.003875968992248062
issues,0.003875968992248062
judges,0.003875968992248062
ended,0.003875968992248062
millions,0.003875968992248062
number,0.003875968992248062
philosophie,0.003875968992248062
vaccine,0.003875968992248062
stake,0.003875968992248062
weeks,0.003875968992248062
10,0.003875968992248062
count,0.003875968992248062
check,0.003875968992248062
affordable,0.003875968992248062
coverage,0.003875968992248062
health,0.027131782945736434
wade,0.003875968992248062
heads,0.003875968992248062
return,0.003875968992248062
trump,0.05813953488372093
mail-in,0.003875968992248062
were,0.003875968992248062
here,0.003875968992248062
wins,0.003875968992248062
court,0.007751937984496124
now,0.003875968992248062
their,0.003875968992248062
on,0.023255813953488372
credit,0.003875968992248062
over,0.003875968992248062
of,0.046511627906976744
look,0.003875968992248062
electoral,0.003875968992248062
your,0.007751937984496124
administration,0.007751937984496124
stand,0.003875968992248062
states,0.01937984496124031
protect,0.007751937984496124
pill,0.003875968992248062
harris,0.003875968992248062
voters,0.003875968992248062
some,0.003875968992248062
ability,0.003875968992248062
key,0.003875968992248062
big,0.003875968992248062
was,0.003875968992248062
federal,0.003875968992248062
potential,0.003875968992248062
no,0.003875968992248062
causing,0.003875968992248062
plan,0.003875968992248062
be,0.003875968992248062
uncertainty,0.003875968992248062
elected,0.003875968992248062
organizationtwo,0.003875968992248062
position,0.003875968992248062
jrs,0.003875968992248062
pro-life,0.003875968992248062
protected,0.003875968992248062
who,0.003875968992248062
presidency,0.003875968992248062
voted,0.007751937984496124
republicans,0.003875968992248062
it,0.003875968992248062
nights,0.003875968992248062
well,0.003875968992248062
headache,0.003875968992248062
viral,0.003875968992248062
taken,0.003875968992248062
where,0.003875968992248062
country,0.003875968992248062
not,0.003875968992248062
next,0.003875968992248062
passed,0.003875968992248062
a,0.031007751937984496
reconcile,0.003875968992248062
also,0.003875968992248062
saying,0.003875968992248062
teases,0.003875968992248062
will,0.007751937984496124
won,0.003875968992248062
recent,0.003875968992248062
campaign,0.007751937984496124
set,0.003875968992248062
that,0.015503875968992248
like,0.003875968992248062
man,0.003875968992248062
speakers,0.003875968992248062
voti,0.003875968992248062
the,0.12015503875968993
reform,0.007751937984496124
his,0.003875968992248062
access,0.007751937984496124
three,0.011627906976744186
public,0.007751937984496124
interviews,0.003875968992248062
johnsons,0.003875968992248062
woman,0.003875968992248062
how,0.011627906976744186
obamacare,0.003875968992248062
2024,0.011627906976744186
donald,0.01937984496124031
term,0.003875968992248062
voting,0.003875968992248062
years,0.003875968992248062
issue,0.003875968992248062
congress,0.003875968992248062
procedure,0.003875968992248062
what,0.011627906976744186
power,0.003875968992248062
particularly,0.003875968992248062
after,0.003875968992248062
agencies,0.003875968992248062
presidential,0.003875968992248062
roe,0.003875968992248062
white,0.003875968992248062
pills,0.003875968992248062
second,0.007751937984496124
affecting,0.003875968992248062
steps,0.003875968992248062
constitutional,0.003875968992248062
many,0.003875968992248062
claimed,0.003875968992248062
would,0.003875968992248062
amid,0.003875968992248062
await,0.003875968992248062
president-elect,0.003875968992248062
biden,0.007751937984496124
about,0.003875968992248062
suburban,0.003875968992248062
message,0.003875968992248062
jr,0.003875968992248062
itself,0.003875968992248062
need,0.003875968992248062
trumpa,0.003875968992248062
secure,0.003875968992248062
v,0.007751937984496124
learn,0.003875968992248062
starkly,0.003875968992248062
single,0.003875968992248062
right,0.003875968992248062
from,0.003875968992248062
seven,0.003875968992248062
president,0.015503875968992248
reproductive,0.003875968992248062
joe,0.003875968992248062
fulfilled,0.003875968992248062
americans,0.003875968992248062
overturned,0.003875968992248062
ruling,0.003875968992248062
important,0.003875968992248062
dread,0.003875968992248062
womens,0.003875968992248062
including,0.003875968992248062
ballot,0.003875968992248062
june,0.003875968992248062
huffpost,0.003875968992248062
supreme,0.011627906976744186
measures,0.003875968992248062
make,0.003875968992248062
heat,0.003875968992248062
bans,0.003875968992248062
have,0.007751937984496124
an,0.007751937984496124
appoint,0.003875968992248062
asking,0.003875968992248062
regulate,0.003875968992248062
2nd,0.003875968992248062
at,0.007751937984496124
went,0.003875968992248062
for,0.027131782945736434
dead,0.003875968992248062
night,0.003875968992248062
if,0.007751937984496124
why,0.003875968992248062
massive,0.007751937984496124
register,0.003875968992248062
morning,0.003875968992248062
policies,0.003875968992248062
different,0.003875968992248062
rfk,0.007751937984496124
short-lived,0.003875968992248062
2016,0.003875968992248062
to,0.06201550387596899
distances,0.003875968992248062
woke,0.003875968992248062
presiden,0.003875968992248062
anti-abortion,0.003875968992248062
rights,0.011627906976744186
us,0.015503875968992248
is,0.011627906976744186
down,0.003875968992248062
deadlines,0.003875968992248062
abortion,0.023255813953488372
other,0.003875968992248062
returned,0.003875968992248062
