,0.01848249027237354
confirm,0.0009727626459143969
heres,0.0009727626459143969
part,0.0029182879377431907
mike,0.007782101167315175
named,0.0029182879377431907
gov,0.0048638132295719845
words,0.0029182879377431907
ch,0.0009727626459143969
b,0.0009727626459143969
predictable,0.0009727626459143969
says,0.0038910505836575876
speaks,0.0009727626459143969
generate,0.0009727626459143969
reenters,0.0009727626459143969
performed,0.0009727626459143969
fund,0.0019455252918287938
disrupt,0.0009727626459143969
reported,0.0019455252918287938
might,0.0009727626459143969
confrontation,0.0009727626459143969
challenge,0.0009727626459143969
signals,0.0009727626459143969
senator,0.0009727626459143969
billionaires,0.0009727626459143969
represented,0.0009727626459143969
wouldnt,0.0009727626459143969
getting,0.0009727626459143969
services,0.0019455252918287938
presiding,0.0009727626459143969
more,0.0019455252918287938
spacexs,0.0009727626459143969
&amp,0.0029182879377431907
work,0.0009727626459143969
food,0.0009727626459143969
said,0.007782101167315175
jobs,0.0009727626459143969
unconven,0.0009727626459143969
nomination,0.0009727626459143969
any,0.0009727626459143969
appointments,0.0019455252918287938
boy,0.0009727626459143969
bowed,0.0009727626459143969
promise,0.0009727626459143969
losing,0.0009727626459143969
brenner,0.0009727626459143969
remained,0.0009727626459143969
unilaterally,0.0009727626459143969
could,0.0038910505836575876
campaigned,0.0009727626459143969
abuse,0.0009727626459143969
wrestling,0.0009727626459143969
choose,0.0009727626459143969
cantor,0.0009727626459143969
out,0.0038910505836575876
winning,0.0009727626459143969
thursday,0.0038910505836575876
histransition,0.0009727626459143969
already,0.0009727626459143969
fighter,0.0009727626459143969
improve,0.0009727626459143969
overvalued,0.0009727626459143969
withdrawal,0.0009727626459143969
do,0.0019455252918287938
child,0.0019455252918287938
york,0.0038910505836575876
gifted,0.0009727626459143969
circulating,0.0009727626459143969
continues,0.0019455252918287938
announce,0.0029182879377431907
2020,0.0009727626459143969
bureaucracy,0.0009727626459143969
criticized,0.0009727626459143969
congressman,0.0048638132295719845
generals,0.0019455252918287938
select,0.0009727626459143969
example,0.0009727626459143969
ultimately,0.0009727626459143969
unp,0.0009727626459143969
skipped,0.0009727626459143969
nearly,0.0009727626459143969
images),0.0009727626459143969
court,0.0009727626459143969
media,0.0038910505836575876
over,0.0019455252918287938
congresswoman,0.0009727626459143969
warning,0.0009727626459143969
sudden,0.0009727626459143969
et,0.0009727626459143969
framework,0.0029182879377431907
termproject,0.0009727626459143969
linda,0.005836575875486381
opponent,0.0009727626459143969
moment,0.0009727626459143969
weight,0.0009727626459143969
secret,0.0009727626459143969
line,0.0009727626459143969
protect,0.0009727626459143969
host,0.006809338521400778
gets,0.0009727626459143969
ha,0.0019455252918287938
just,0.0038910505836575876
longtime,0.0029182879377431907
tracking,0.0009727626459143969
above,0.0009727626459143969
dr,0.0009727626459143969
reporting,0.0009727626459143969
martin,0.0009727626459143969
bensinger,0.0009727626459143969
executive,0.0038910505836575876
federal,0.009727626459143969
introduce,0.0009727626459143969
regime,0.0009727626459143969
company,0.0009727626459143969
elected,0.0029182879377431907
new,0.01264591439688716
transparency,0.0029182879377431907
secu,0.0009727626459143969
who,0.016536964980544747
presidency,0.0019455252918287938
hopkins,0.0019455252918287938
claims,0.0009727626459143969
true,0.0009727626459143969
saturday,0.0019455252918287938
carr,0.0029182879377431907
republicans,0.005836575875486381
signa,0.0009727626459143969
bondi,0.009727626459143969
echoed,0.0009727626459143969
military,0.0009727626459143969
remembered,0.0009727626459143969
matters,0.0009727626459143969
energy,0.0009727626459143969
embrace,0.0019455252918287938
entrepreneur,0.0009727626459143969
pennsylvania,0.0009727626459143969
won,0.0019455252918287938
commerce,0.0019455252918287938
score,0.0009727626459143969
staunch,0.0019455252918287938
miller,0.0019455252918287938
campaign,0.005836575875486381
platform,0.0019455252918287938
set,0.0009727626459143969
state,0.0019455252918287938
marco,0.0038910505836575876
they,0.0019455252918287938
h,0.0009727626459143969
leaves,0.0009727626459143969
iab,0.0029182879377431907
assumes,0.0009727626459143969
whats,0.0019455252918287938
his,0.0622568093385214
rid,0.0019455252918287938
politician,0.0009727626459143969
account,0.0009727626459143969
fall,0.0009727626459143969
even,0.0019455252918287938
effect,0.0009727626459143969
sunday,0.0009727626459143969
aide,0.0009727626459143969
which,0.0038910505836575876
picks,0.01848249027237354
after,0.008754863813229572
presidential,0.0038910505836575876
partners,0.0029182879377431907
decade,0.0009727626459143969
august,0.0009727626459143969
inside,0.0009727626459143969
program,0.0009727626459143969
selection,0.0009727626459143969
rep,0.01556420233463035
votes,0.0009727626459143969
many,0.0019455252918287938
fame,0.0009727626459143969
await,0.0009727626459143969
influential,0.0009727626459143969
government,0.005836575875486381
decisions,0.0009727626459143969
ticket,0.0009727626459143969
ally,0.0019455252918287938
small,0.0009727626459143969
audience,0.0009727626459143969
face,0.0009727626459143969
genuine,0.0009727626459143969
regulation-slashing,0.0009727626459143969
block,0.0009727626459143969
need,0.0009727626459143969
chooses,0.0009727626459143969
aim,0.0009727626459143969
teamsters-backed,0.0009727626459143969
servant,0.0009727626459143969
asked,0.0019455252918287938
reverse,0.0009727626459143969
person,0.0019455252918287938
mean,0.0019455252918287938
online,0.0019455252918287938
significant,0.0019455252918287938
rumor,0.0009727626459143969
deputy,0.0019455252918287938
sen,0.0019455252918287938
street,0.0009727626459143969
president,0.010700389105058366
joe,0.0019455252918287938
functionally,0.0009727626459143969
elise,0.0029182879377431907
place,0.0009727626459143969
roles,0.0019455252918287938
strutted,0.0009727626459143969
matter,0.0029182879377431907
hand,0.0009727626459143969
bastion,0.0009727626459143969
likely,0.0009727626459143969
fill,0.0009727626459143969
pace,0.0009727626459143969
south,0.0029182879377431907
wants,0.0038910505836575876
supreme,0.0019455252918287938
chosen,0.0038910505836575876
make,0.0009727626459143969
(and,0.0009727626459143969
generaltom,0.0009727626459143969
foreign,0.0009727626459143969
candidates,0.0009727626459143969
have,0.0048638132295719845
appoint,0.0009727626459143969
asking,0.0009727626459143969
regains,0.0009727626459143969
familiar,0.0038910505836575876
@thenbacentel,0.0009727626459143969
youngest,0.0009727626459143969
he,0.032101167315175094
for,0.042801556420233464
morning,0.0009727626459143969
warned,0.0009727626459143969
smart,0.0019455252918287938
if,0.0048638132295719845
rages,0.0009727626459143969
michael,0.0009727626459143969
recommends,0.0009727626459143969
name,0.0029182879377431907
allies,0.0009727626459143969
nom,0.0009727626459143969
promote,0.0009727626459143969
to,0.1264591439688716
believer,0.0009727626459143969
4,0.0009727626459143969
regulations,0.0019455252918287938
contrarian,0.0019455252918287938
karoline,0.0038910505836575876
told,0.0009727626459143969
anti-woke,0.0009727626459143969
israel,0.0019455252918287938
month,0.0009727626459143969
last,0.0019455252918287938
adviser,0.0048638132295719845
and/or,0.0029182879377431907
candidate,0.0009727626459143969
leavitt,0.0048638132295719845
and,0.05252918287937743
less,0.0019455252918287938
courts,0.0019455252918287938
powell,0.0048638132295719845
post,0.0029182879377431907
nomi,0.0009727626459143969
workers,0.0009727626459143969
direction,0.0009727626459143969
firstwith,0.0009727626459143969
held,0.0009727626459143969
2025,0.006809338521400778
wrestlin,0.0009727626459143969
accused,0.0009727626459143969
course,0.0019455252918287938
yahoo,0.0009727626459143969
election,0.0038910505836575876
counsel,0.0009727626459143969
citing,0.0009727626459143969
investor,0.0009727626459143969
controversial,0.0029182879377431907
cabinet,0.013618677042801557
rubio,0.0048638132295719845
elon,0.013618677042801557
holds,0.0009727626459143969
those,0.0038910505836575876
hell,0.0019455252918287938
house,0.010700389105058366
event,0.0009727626459143969
contributors,0.0009727626459143969
hhstom,0.0009727626459143969
environment,0.0009727626459143969
has,0.04571984435797665
education,0.0009727626459143969
getty,0.0009727626459143969
i,0.0009727626459143969
restrained,0.0009727626459143969
signal,0.0009727626459143969
labor,0.0009727626459143969
thoughts,0.0009727626459143969
boss,0.0009727626459143969
background,0.0009727626459143969
deploys,0.0009727626459143969
up,0.0009727626459143969
minister,0.0009727626459143969
jay,0.0009727626459143969
protective,0.0019455252918287938
input,0.0009727626459143969
co-chair,0.0019455252918287938
(r-ore),0.0009727626459143969
promised,0.0019455252918287938
nba,0.0019455252918287938
private,0.0009727626459143969
incredibly,0.0009727626459143969
sa,0.0009727626459143969
think,0.0009727626459143969
currently,0.0009727626459143969
whether,0.0019455252918287938
consid,0.0009727626459143969
appoints,0.0019455252918287938
successor,0.0009727626459143969
press,0.0048638132295719845
vowed,0.0009727626459143969
lutn,0.0009727626459143969
oversees,0.0009727626459143969
chair,0.005836575875486381
afternoon,0.0009727626459143969
lockdowns,0.0019455252918287938
appointment,0.0019455252918287938
released,0.0009727626459143969
john,0.0019455252918287938
facing,0.0009727626459143969
naming,0.0029182879377431907
organization,0.0009727626459143969
continued,0.0009727626459143969
toward,0.0009727626459143969
jerome,0.0019455252918287938
push,0.0009727626459143969
stephen,0.0019455252918287938
incoming,0.0009727626459143969
didnt,0.0009727626459143969
took,0.0009727626459143969
security,0.007782101167315175
hardly,0.0009727626459143969
across,0.0009727626459143969
televised,0.0009727626459143969
of,0.07295719844357977
parts,0.0009727626459143969
overhaul,0.0009727626459143969
warsh,0.0019455252918287938
advisers,0.0019455252918287938
run,0.0029182879377431907
regi,0.0009727626459143969
director,0.0038910505836575876
bask,0.0009727626459143969
william,0.0009727626459143969
previously,0.0009727626459143969
environmental,0.0029182879377431907
states,0.0019455252918287938
enforcement,0.0019455252918287938
leave,0.0019455252918287938
pick,0.010700389105058366
hasnt,0.0009727626459143969
key,0.0048638132295719845
announces,0.0038910505836575876
some,0.0029182879377431907
short-circuit,0.0009727626459143969
doesnt,0.0009727626459143969
celebrity,0.0009727626459143969
was,0.005836575875486381
onstage,0.0009727626459143969
tenacious,0.0009727626459143969
robert,0.005836575875486381
senior,0.0009727626459143969
sai,0.0009727626459143969
financial,0.0009727626459143969
names,0.0038910505836575876
offering,0.0019455252918287938
237,0.0029182879377431907
spacex,0.0009727626459143969
mild,0.0009727626459143969
bessent,0.0048638132295719845
transportation,0.0009727626459143969
reflect,0.0009727626459143969
nominee,0.0019455252918287938
well,0.0009727626459143969
reserve,0.0019455252918287938
author,0.0009727626459143969
stage,0.0009727626459143969
pete,0.007782101167315175
hegseth,0.007782101167315175
chavez-deremer,0.0019455252918287938
also,0.0038910505836575876
america,0.0038910505836575876
washington,0.0029182879377431907
halls,0.0009727626459143969
will,0.020428015564202335
zeldin,0.0038910505836575876
this,0.007782101167315175
recent,0.0009727626459143969
agenda,0.0009727626459143969
border,0.0009727626459143969
shape,0.0009727626459143969
playing,0.0009727626459143969
that,0.019455252918287938
garbage,0.0009727626459143969
jumping,0.0009727626459143969
ramasw,0.0009727626459143969
protection,0.0029182879377431907
predecessor,0.0009727626459143969
challenging,0.0009727626459143969
lee,0.0038910505836575876
pm,0.0009727626459143969
excess,0.0009727626459143969
co-president,0.0009727626459143969
seats,0.0009727626459143969
one,0.0038910505836575876
democrats,0.0009727626459143969
expected,0.0038910505836575876
something,0.0009727626459143969
how,0.0038910505836575876
communications,0.0019455252918287938
2024,0.0009727626459143969
r-fla,0.0009727626459143969
described,0.0009727626459143969
wal,0.0009727626459143969
power,0.0029182879377431907
law,0.0029182879377431907
website,0.0009727626459143969
what,0.005836575875486381
doug,0.0029182879377431907
building,0.0019455252918287938
n,0.0009727626459143969
vivek,0.0048638132295719845
nominates,0.0019455252918287938
mandate,0.0009727626459143969
agencies,0.0009727626459143969
sexual,0.0009727626459143969
baptist,0.0009727626459143969
firm,0.0009727626459143969
monday,0.0019455252918287938
andrew,0.0009727626459143969
marks,0.0009727626459143969
history,0.0009727626459143969
biden,0.0048638132295719845
jr,0.006809338521400778
star,0.0019455252918287938
can,0.0009727626459143969
gift,0.0009727626459143969
garden,0.0009727626459143969
fresh,0.0009727626459143969
administrator,0.0009727626459143969
drain,0.0009727626459143969
duffy,0.0029182879377431907
personal,0.0009727626459143969
lead,0.021400778210116732
great,0.0019455252918287938
appeared,0.0009727626459143969
regret,0.0009727626459143969
than,0.0029182879377431907
from,0.010700389105058366
applause,0.0009727626459143969
wright,0.0019455252918287938
brought,0.0009727626459143969
meet,0.0009727626459143969
guardrails,0.0009727626459143969
case,0.0009727626459143969
him,0.005836575875486381
latest,0.0009727626459143969
mcmahon,0.006809338521400778
qualified,0.0019455252918287938
most,0.0009727626459143969
again,0.0019455252918287938
fossil,0.0009727626459143969
say,0.0029182879377431907
nikki,0.0009727626459143969
tulsi,0.0019455252918287938
behind,0.0019455252918287938
hard-liner,0.0009727626459143969
office,0.006809338521400778
takeover,0.0009727626459143969
meant,0.0009727626459143969
human,0.0009727626459143969
surgeon,0.0019455252918287938
night,0.0029182879377431907
úwoke,0.0009727626459143969
there,0.0009727626459143969
confirmation,0.0029182879377431907
maka,0.0009727626459143969
homeland,0.0038910505836575876
acc,0.0009727626459143969
several,0.0038910505836575876
worth,0.0009727626459143969
secretary,0.01848249027237354
trumps,0.010700389105058366
comment,0.0009727626459143969
takeaways,0.0019455252918287938
old,0.0009727626459143969
times,0.0009727626459143969
is,0.0311284046692607
pul,0.0009727626459143969
publicly,0.0009727626459143969
charged,0.0009727626459143969
gop,0.005836575875486381
with,0.01264591439688716
other,0.0048638132295719845
our,0.0029182879377431907
began,0.0019455252918287938
trail,0.0009727626459143969
trademark,0.0009727626459143969
guest,0.0009727626459143969
large,0.0009727626459143969
ken,0.0009727626459143969
seat,0.0009727626459143969
misconduct,0.0009727626459143969
lacked,0.0019455252918287938
tr,0.0009727626459143969
harnik/getty,0.0009727626459143969
demote,0.0009727626459143969
apprehensive,0.0009727626459143969
recess,0.0019455252918287938
mixed,0.0009727626459143969
embattled,0.0009727626459143969
oil,0.0019455252918287938
know,0.0009727626459143969
appe,0.0009727626459143969
de,0.0009727626459143969
visit,0.0009727626459143969
scott,0.0048638132295719845
under,0.0019455252918287938
trigger,0.0009727626459143969
focused,0.0009727626459143969
donalds,0.0009727626459143969
makary,0.0029182879377431907
images,0.0009727626459143969
having,0.0019455252918287938
journal,0.0009727626459143969
picked,0.0048638132295719845
assistant,0.0009727626459143969
remember,0.0009727626459143969
emerged,0.0009727626459143969
sending,0.0009727626459143969
always,0.0009727626459143969
top,0.0029182879377431907
serve,0.009727626459143969
commissioner,0.0009727626459143969
dismantle,0.0009727626459143969
manager,0.0019455252918287938
vision,0.0009727626459143969
battle,0.0009727626459143969
are,0.006809338521400778
selected,0.0038910505836575876
its,0.0048638132295719845
fitzgerald,0.0009727626459143969
listed,0.0009727626459143969
kevin,0.0019455252918287938
may,0.0019455252918287938
officer,0.0009727626459143969
fortune,0.0009727626459143969
senators,0.0019455252918287938
wishlis,0.0009727626459143969
hall,0.0009727626459143969
defense,0.0038910505836575876
install,0.0009727626459143969
rise,0.0009727626459143969
dakota,0.0029182879377431907
signed,0.0029182879377431907
tapped,0.006809338521400778
far,0.0019455252918287938
ramaswamy,0.0038910505836575876
skewers,0.0009727626459143969
in,0.033073929961089495
russell,0.0029182879377431907
engagements,0.0009727626459143969
general,0.013618677042801557
range,0.0009727626459143969
both,0.0019455252918287938
karl,0.0019455252918287938
13,0.0009727626459143969
ratcliffe,0.0019455252918287938
poised,0.0009727626459143969
vaccine,0.0019455252918287938
20,0.0009727626459143969
elevating,0.0009727626459143969
pandemic,0.0009727626459143969
use,0.0029182879377431907
gabbard,0.0019455252918287938
relentlessly,0.0009727626459143969
check,0.0009727626459143969
retired,0.0009727626459143969
ironic,0.0009727626459143969
reports,0.0009727626459143969
united,0.0029182879377431907
nations,0.0009727626459143969
against,0.0019455252918287938
charting,0.0009727626459143969
return,0.0009727626459143969
or,0.0029182879377431907
laid,0.0009727626459143969
very,0.0009727626459143969
ai,0.0009727626459143969
staff,0.0019455252918287938
truth,0.0009727626459143969
device,0.0029182879377431907
development,0.0009727626459143969
posted,0.0009727626459143969
administration,0.006809338521400778
information,0.0029182879377431907
multiple,0.0019455252918287938
drug,0.0009727626459143969
before,0.0009727626459143969
click,0.0029182879377431907
hat,0.0009727626459143969
harris,0.0009727626459143969
appointed,0.0009727626459143969
square,0.0009727626459143969
ahead,0.0009727626459143969
institute,0.0009727626459143969
resistance,0.0009727626459143969
ethics,0.0009727626459143969
fearful,0.0009727626459143969
controversy,0.0019455252918287938
no,0.0029182879377431907
off,0.0009727626459143969
considering,0.0019455252918287938
disavowing,0.0009727626459143969
potential,0.0009727626459143969
stefanik,0.0019455252918287938
info,0.0009727626459143969
regul,0.0009727626459143969
24,0.0009727626459143969
action,0.0009727626459143969
georgia,0.0019455252918287938
shake,0.0009727626459143969
wit,0.0009727626459143969
unveiled,0.0009727626459143969
intention,0.0009727626459143969
friday,0.0019455252918287938
deeply,0.0009727626459143969
spectacle,0.0009727626459143969
committee,0.0009727626459143969
using,0.0029182879377431907
biggest,0.0009727626459143969
withdrew,0.0009727626459143969
mcginley,0.0019455252918287938
prematurely,0.0009727626459143969
marty,0.0009727626459143969
not,0.0009727626459143969
wasnt,0.0009727626459143969
carry,0.0019455252918287938
you,0.0038910505836575876
associate,0.0009727626459143969
trialmarking,0.0009727626459143969
department,0.01556420233463035
way,0.0009727626459143969
story,0.0019455252918287938
abroad,0.0009727626459143969
harness,0.0009727626459143969
then,0.0019455252918287938
moderate,0.0009727626459143969
hawa,0.0009727626459143969
(r-fla),0.0009727626459143969
the,0.11089494163424124
consideration,0.0019455252918287938
covid,0.0029182879377431907
go,0.0009727626459143969
noting,0.0009727626459143969
solution,0.0009727626459143969
public,0.0048638132295719845
cia,0.0009727626459143969
skeptic,0.0019455252918287938
nominated,0.010700389105058366
donor,0.0019455252918287938
american,0.0009727626459143969
years,0.0029182879377431907
abc,0.0009727626459143969
sonia,0.0009727626459143969
influence,0.0009727626459143969
agency,0.0048638132295719845
himself,0.0019455252918287938
staffing,0.0029182879377431907
point,0.0009727626459143969
authors,0.0009727626459143969
too,0.0019455252918287938
team,0.005836575875486381
second,0.008754863813229572
ex,0.0019455252918287938
president-elect,0.05544747081712062
means,0.0009727626459143969
scrutiny,0.0009727626459143969
increase,0.0009727626459143969
serves,0.0009727626459143969
stands,0.0009727626459143969
itself,0.0009727626459143969
role,0.0048638132295719845
matt,0.009727626459143969
surprise,0.0009727626459143969
packed,0.0009727626459143969
swamp,0.0009727626459143969
attorney,0.01848249027237354
figure,0.0019455252918287938
ring,0.0009727626459143969
source,0.0019455252918287938
confirming,0.0009727626459143969
army,0.0009727626459143969
chris,0.0019455252918287938
theyve,0.0009727626459143969
served,0.0009727626459143969
high-stakes,0.0009727626459143969
become,0.0029182879377431907
roll,0.0019455252918287938
flipping,0.0009727626459143969
ambassador,0.0048638132295719845
faces,0.0009727626459143969
updated,0.0009727626459143969
ago,0.0009727626459143969
familiar),0.0009727626459143969
policy,0.0038910505836575876
november,0.0009727626459143969
actions,0.0009727626459143969
questioning,0.0009727626459143969
according,0.0029182879377431907
control,0.0029182879377431907
couldnt,0.0009727626459143969
begun,0.0009727626459143969
tap,0.0009727626459143969
transition,0.0019455252918287938
distanced,0.0009727626459143969
centers,0.0009727626459143969
went,0.0009727626459143969
shifts,0.0009727626459143969
collins,0.0019455252918287938
january,0.0009727626459143969
spending,0.0009727626459143969
begin,0.0019455252918287938
since,0.0019455252918287938
treasury,0.0048638132295719845
store,0.0029182879377431907
sources,0.0019455252918287938
newyorktimes,0.0009727626459143969
lat,0.0009727626459143969
commission,0.0009727626459143969
haley,0.0009727626459143969
returns,0.0009727626459143969
list,0.0009727626459143969
orbit,0.0009727626459143969
statement,0.0019455252918287938
republican,0.0048638132295719845
knowledge,0.0009727626459143969
unprecedented,0.0009727626459143969
madison,0.0009727626459143969
slash,0.0009727626459143969
fed,0.0029182879377431907
via,0.0009727626459143969
between,0.0009727626459143969
lori,0.0009727626459143969
when,0.0029182879377431907
town,0.0019455252918287938
into,0.0009727626459143969
week,0.0019455252918287938
dont,0.0009727626459143969
agreements,0.0009727626459143969
tough,0.0019455252918287938
nytimescom,0.0009727626459143969
as,0.04474708171206226
supporting,0.0009727626459143969
members,0.0038910505836575876
tuesday,0.007782101167315175
join,0.0009727626459143969
weighing,0.0009727626459143969
conservative,0.0009727626459143969
nominees,0.0019455252918287938
praised,0.0029182879377431907
impeachment,0.0029182879377431907
dismantling,0.0009727626459143969
fuel,0.0009727626459143969
left,0.0009727626459143969
25-basis-point,0.0009727626459143969
reportedly,0.0009727626459143969
opposition,0.0019455252918287938
reporta,0.0009727626459143969
wednesday,0.0029182879377431907
two,0.0009727626459143969
pitch-black,0.0009727626459143969
hes,0.005836575875486381
open,0.0009727626459143969
immigration,0.0019455252918287938
remains,0.0009727626459143969
invited,0.0009727626459143969
recently,0.0009727626459143969
majority,0.0009727626459143969
(fcc),0.0009727626459143969
kamala,0.0009727626459143969
personality,0.0009727626459143969
asks,0.0009727626459143969
current,0.0009727626459143969
regulating,0.0019455252918287938
war,0.0009727626459143969
cnn,0.0009727626459143969
lawyer,0.0019455252918287938
another,0.0029182879377431907
noem,0.0038910505836575876
representatives,0.0009727626459143969
former,0.0311284046692607
wall,0.0009727626459143969
issues,0.0009727626459143969
chavez-d,0.0009727626459143969
tariffs,0.0009727626459143969
nominate,0.007782101167315175
national,0.009727626459143969
founder,0.0009727626459143969
mistakes,0.0009727626459143969
match,0.0009727626459143969
all,0.0038910505836575876
accept,0.0029182879377431907
fire,0.0019455252918287938
oversight,0.0009727626459143969
announced,0.014591439688715954
by,0.0038910505836575876
florida,0.007782101167315175
days,0.0009727626459143969
health,0.006809338521400778
made,0.0009727626459143969
sent,0.0009727626459143969
trump,0.1575875486381323
lutnick,0.0019455252918287938
news,0.006809338521400778
rescind,0.0009727626459143969
on,0.03404669260700389
now,0.0019455252918287938
hedge,0.0019455252918287938
budget,0.0009727626459143969
waltz,0.0038910505836575876
nominating,0.0019455252918287938
business,0.0019455252918287938
wwe,0.0009727626459143969
warns,0.0009727626459143969
shell,0.0009727626459143969
early,0.0009727626459143969
did,0.0009727626459143969
real,0.0009727626459143969
hours,0.0009727626459143969
justice,0.0029182879377431907
positions,0.0009727626459143969
urging,0.0009727626459143969
fda,0.0009727626459143969
filling,0.0009727626459143969
despite,0.0009727626459143969
richest,0.0009727626459143969
informed,0.0009727626459143969
meets,0.0009727626459143969
market,0.0009727626459143969
ceo,0.0048638132295719845
year,0.0009727626459143969
scale,0.0009727626459143969
once,0.0009727626459143969
still,0.0009727626459143969
helps,0.0009727626459143969
53,0.0009727626459143969
ceremonial,0.0009727626459143969
been,0.009727626459143969
mond,0.0009727626459143969
be,0.023346303501945526
(in,0.0029182879377431907
personnel,0.0009727626459143969
chief,0.005836575875486381
argued,0.0019455252918287938
help,0.0019455252918287938
own,0.0009727626459143969
unconstitutional,0.0009727626459143969
suddenly,0.0019455252918287938
virtually,0.0009727626459143969
we,0.0029182879377431907
today,0.0019455252918287938
it,0.0019455252918287938
annoying,0.0009727626459143969
kennedy,0.005836575875486381
next,0.0029182879377431907
crowds,0.0009727626459143969
affairs,0.0009727626459143969
time,0.0019455252918287938
co-author,0.0009727626459143969
strong,0.0019455252918287938
a,0.06809338521400778
attacks,0.0009727626459143969
bill,0.0009727626459143969
veteran,0.0009727626459143969
kristi,0.0048638132295719845
legal,0.0009727626459143969
democratic,0.0038910505836575876
day,0.0019455252918287938
orders,0.0009727626459143969
huckabee,0.0048638132295719845
regards,0.0009727626459143969
like,0.0009727626459143969
party,0.0009727626459143969
article,0.0019455252918287938
(cps),0.0009727626459143969
outright,0.0009727626459143969
provoke,0.0009727626459143969
fox,0.006809338521400778
four,0.0009727626459143969
however,0.0009727626459143969
she,0.0009727626459143969
later,0.0009727626459143969
rumored,0.0009727626459143969
pam,0.008754863813229572
access,0.0029182879377431907
maga,0.0009727626459143969
vice,0.0009727626459143969
fixed,0.0009727626459143969
management,0.0009727626459143969
sex,0.0009727626459143969
take,0.0009727626459143969
judicial,0.0009727626459143969
works,0.0009727626459143969
project,0.005836575875486381
infused,0.0009727626459143969
oval,0.0029182879377431907
waited,0.0009727626459143969
bidens,0.0009727626459143969
car,0.0009727626459143969
wo,0.0009727626459143969
donald,0.07003891050583658
job,0.0019455252918287938
term,0.0048638132295719845
gaetz,0.009727626459143969
get,0.0029182879377431907
fellow,0.0009727626459143969
guard,0.0009727626459143969
howard,0.0019455252918287938
future,0.0009727626459143969
x,0.0009727626459143969
deem,0.0009727626459143969
cloud,0.0009727626459143969
white,0.008754863813229572
projected,0.0009727626459143969
reporter,0.0009727626459143969
every,0.0009727626459143969
support,0.0019455252918287938
300,0.0009727626459143969
lost,0.0009727626459143969
president-e,0.0009727626459143969
during,0.0038910505836575876
governor,0.0019455252918287938
s,0.0009727626459143969
efficiency,0.0029182879377431907
foundation,0.0009727626459143969
would,0.0048638132295719845
proceedings,0.0009727626459143969
defender,0.0009727626459143969
about,0.0048638132295719845
amid,0.0019455252918287938
king,0.0009727626459143969
success,0.0009727626459143969
struggle,0.0009727626459143969
message,0.0009727626459143969
setback,0.0009727626459143969
consent,0.0029182879377431907
ready,0.0009727626459143969
least,0.0009727626459143969
johns,0.0019455252918287938
termtrump,0.0009727626459143969
yet,0.0009727626459143969
head,0.0048638132295719845
arkansas,0.0029182879377431907
triggered,0.0009727626459143969
tradition,0.0019455252918287938
same,0.0019455252918287938
thus,0.0009727626459143969
ag,0.0009727626459143969
world,0.0029182879377431907
direct,0.0009727626459143969
referred,0.0009727626459143969
social,0.0029182879377431907
along,0.0009727626459143969
announcing,0.0019455252918287938
but,0.0048638132295719845
vought,0.0019455252918287938
including,0.0038910505836575876
billionaire,0.0038910505836575876
surr,0.0009727626459143969
th,0.0029182879377431907
senate,0.009727626459143969
call,0.0029182879377431907
controlling,0.0009727626459143969
contributor,0.0019455252918287938
being,0.0009727626459143969
speaking,0.0009727626459143969
an,0.007782101167315175
ominous,0.0009727626459143969
veterans,0.0009727626459143969
allegedly,0.0009727626459143969
radical,0.0009727626459143969
announcement,0.0009727626459143969
zeldins,0.0009727626459143969
repeatedly,0.0009727626459143969
at,0.007782101167315175
p,0.0009727626459143969
service,0.0009727626459143969
reason,0.0009727626459143969
does,0.0009727626459143969
breakneck,0.0009727626459143969
bank,0.0009727626459143969
critic,0.0019455252918287938
williams/cq,0.0009727626459143969
brendan,0.0029182879377431907
rfk,0.0009727626459143969
plans,0.0038910505836575876
malone,0.0019455252918287938
major,0.0038910505836575876
little-known,0.0009727626459143969
experiencegenerate,0.0009727626459143969
sean,0.0019455252918287938
first,0.006809338521400778
administrationheres,0.0009727626459143969
423,0.0009727626459143969
f,0.005836575875486381
us,0.009727626459143969
requires,0.0009727626459143969
musk,0.01556420233463035
intelligence,0.0029182879377431907
central,0.0009727626459143969
taps,0.010700389105058366
her,0.0038910505836575876
sotomayor,0.0009727626459143969
epa,0.0009727626459143969
reporters,0.0009727626459143969
j,0.0009727626459143969
sparked,0.0009727626459143969
