,0.010330578512396695
sections,0.002066115702479339
trail,0.002066115702479339
part,0.008264462809917356
updates,0.002066115702479339
words,0.008264462809917356
decision,0.004132231404958678
b,0.002066115702479339
bucks,0.002066115702479339
harriss,0.002066115702479339
warmest,0.002066115702479339
tucker,0.002066115702479339
says,0.004132231404958678
commoditize,0.002066115702479339
pl,0.002066115702479339
generate,0.004132231404958678
natural,0.002066115702479339
spoke,0.002066115702479339
characterized,0.002066115702479339
eve,0.002066115702479339
carlson,0.002066115702479339
might,0.002066115702479339
senator,0.002066115702479339
relations,0.002066115702479339
un,0.002066115702479339
niece,0.002066115702479339
around,0.002066115702479339
responding,0.002066115702479339
foster,0.002066115702479339
images,0.004132231404958678
praises,0.002066115702479339
sets,0.002066115702479339
&amp,0.008264462809917356
protectionist,0.004132231404958678
hawked,0.002066115702479339
said,0.006198347107438017
sending,0.002066115702479339
ukraine,0.010330578512396695
always,0.004132231404958678
useful,0.002066115702479339
reassessing,0.002066115702479339
benjamin,0.002066115702479339
extraction,0.002066115702479339
are,0.014462809917355372
placing,0.002066115702479339
may,0.004132231404958678
upset,0.002066115702479339
install,0.002066115702479339
could,0.006198347107438017
come,0.002066115702479339
out,0.002066115702479339
in,0.05991735537190083
bala,0.002066115702479339
decades,0.002066115702479339
thursday,0.002066115702479339
improve,0.004132231404958678
uncle,0.002066115702479339
secretary-general,0.002066115702479339
remain,0.002066115702479339
york,0.002066115702479339
drive,0.002066115702479339
london,0.002066115702479339
agreement,0.002066115702479339
obstacles,0.002066115702479339
use,0.008264462809917356
destroying,0.002066115702479339
working,0.002066115702479339
retired,0.002066115702479339
outlined,0.002066115702479339
israe,0.002066115702479339
counter,0.002066115702479339
chennai,0.004132231404958678
united,0.004132231404958678
so,0.004132231404958678
nations,0.002066115702479339
escalate,0.002066115702479339
were,0.002066115702479339
european,0.004132231404958678
bombards,0.002066115702479339
over,0.002066115702479339
ai,0.004132231404958678
ohio,0.002066115702479339
taking,0.002066115702479339
device,0.008264462809917356
framework,0.008264462809917356
grand,0.002066115702479339
information,0.008264462809917356
china,0.008264462809917356
change,0.002066115702479339
before,0.004132231404958678
click,0.008264462809917356
bid,0.002066115702479339
harris,0.002066115702479339
ha,0.002066115702479339
voters,0.004132231404958678
called,0.002066115702479339
reporting,0.004132231404958678
often,0.002066115702479339
graham,0.002066115702479339
devices,0.002066115702479339
no,0.002066115702479339
putins,0.002066115702479339
plan,0.002066115702479339
info,0.004132231404958678
rutte,0.002066115702479339
transparency,0.008264462809917356
peace,0.004132231404958678
new,0.002066115702479339
invite,0.002066115702479339
who,0.010330578512396695
claims,0.002066115702479339
friday,0.002066115702479339
voted,0.002066115702479339
using,0.006198347107438017
republicans,0.004132231404958678
regional,0.002066115702479339
tells,0.002066115702479339
radio,0.002066115702479339
stance,0.002066115702479339
unleashed,0.002066115702479339
not,0.008264462809917356
matters,0.002066115702479339
you,0.008264462809917356
5,0.002066115702479339
story,0.002066115702479339
trumpchandan,0.002066115702479339
pennsylvania,0.002066115702479339
video,0.002066115702479339
state,0.002066115702479339
campaign,0.004132231404958678
eye,0.004132231404958678
vladimir,0.004132231404958678
kremlin,0.004132231404958678
dozens,0.002066115702479339
mines,0.002066115702479339
man,0.002066115702479339
the,0.08264462809917356
geopolitical,0.002066115702479339
iab,0.008264462809917356
talk,0.002066115702479339
brigade,0.002066115702479339
gaza,0.004132231404958678
contentious,0.002066115702479339
whats,0.004132231404958678
his,0.006198347107438017
wrote,0.002066115702479339
cheney,0.002066115702479339
isolated,0.002066115702479339
yar,0.002066115702479339
boundaries,0.002066115702479339
account,0.002066115702479339
tons,0.002066115702479339
american,0.004132231404958678
probably,0.002066115702479339
negotiate,0.002066115702479339
regarding,0.002066115702479339
abc,0.002066115702479339
sunday,0.002066115702479339
which,0.002066115702479339
showing,0.002066115702479339
hurricane,0.002066115702479339
chips,0.004132231404958678
presidential,0.004132231404958678
partners,0.008264462809917356
inside,0.002066115702479339
rep,0.002066115702479339
votes,0.002066115702479339
president-elect,0.006198347107438017
many,0.002066115702479339
golden,0.002066115702479339
means,0.004132231404958678
dan,0.002066115702479339
various,0.002066115702479339
bring,0.002066115702479339
face,0.002066115702479339
signs,0.002066115702479339
itself,0.004132231404958678
win</l,0.002066115702479339
among,0.002066115702479339
lindsey,0.002066115702479339
city,0.002066115702479339
phone,0.004132231404958678
putin,0.010330578512396695
attack,0.002066115702479339
right,0.002066115702479339
resisting,0.002066115702479339
steadfast,0.002066115702479339
president,0.01652892561983471
joe,0.002066115702479339
24th,0.002066115702479339
dona,0.002066115702479339
piles,0.002066115702479339
us-made,0.002066115702479339
likely,0.002066115702479339
ballot,0.002066115702479339
extremely,0.002066115702479339
hope,0.002066115702479339
keeping,0.002066115702479339
make,0.002066115702479339
november,0.002066115702479339
hawk,0.004132231404958678
play,0.002066115702479339
foreign,0.002066115702479339
have,0.004132231404958678
palace,0.002066115702479339
relationship,0.002066115702479339
transition,0.002066115702479339
father,0.002066115702479339
he,0.008264462809917356
for,0.01652892561983471
watched,0.002066115702479339
if,0.008264462809917356
xi,0.004132231404958678
see,0.002066115702479339
theres,0.002066115702479339
allies,0.004132231404958678
expressed,0.002066115702479339
calls,0.002066115702479339
to,0.05371900826446281
asian,0.004132231404958678
store,0.008264462809917356
distances,0.002066115702479339
takes,0.002066115702479339
prime,0.004132231404958678
told,0.002066115702479339
month,0.002066115702479339
counting,0.002066115702479339
not-so-friendly,0.002066115702479339
israel,0.008264462809917356
celebrated,0.002066115702479339
macron,0.002066115702479339
master,0.002066115702479339
list,0.002066115702479339
resources,0.002066115702479339
republican,0.002066115702479339
unprecedented,0.002066115702479339
ì,0.002066115702479339
down,0.002066115702479339
scrambling,0.002066115702479339
and/or,0.008264462809917356
-,0.004132231404958678
professional,0.002066115702479339
t,0.002066115702479339
greater,0.002066115702479339
via,0.004132231404958678
khanna/afp,0.002066115702479339
strikes,0.002066115702479339
jinping,0.002066115702479339
and,0.04338842975206612
when,0.002066115702479339
had,0.002066115702479339
dialogue,0.002066115702479339
enters,0.002066115702479339
post,0.002066115702479339
political,0.002066115702479339
closed,0.002066115702479339
direction,0.002066115702479339
emmanuel,0.002066115702479339
agreements,0.002066115702479339
jong,0.002066115702479339
affect,0.002066115702479339
arizona,0.002066115702479339
accused,0.004132231404958678
speak,0.002066115702479339
yahoo,0.004132231404958678
as,0.01652892561983471
disinfo,0.002066115702479339
election,0.008264462809917356
advised,0.002066115702479339
ballots,0.006198347107438017
willing,0.004132231404958678
--,0.004132231404958678
netanyahu,0.004132231404958678
confront,0.002066115702479339
budapest,0.002066115702479339
lines,0.002066115702479339
those,0.002066115702479339
i,0.002066115702479339
4,0.002066115702479339
welcomed,0.002066115702479339
has,0.008264462809917356
getty,0.002066115702479339
choice,0.002066115702479339
near,0.002066115702479339
economic,0.002066115702479339
wednesday,0.002066115702479339
apparel,0.002066115702479339
october,0.002066115702479339
two,0.002066115702479339
hes,0.004132231404958678
minister,0.004132231404958678
up,0.002066115702479339
trans-atlantic,0.002066115702479339
mary,0.002066115702479339
emphasis,0.002066115702479339
mark,0.002066115702479339
kamala,0.002066115702479339
war,0.006198347107438017
50,0.004132231404958678
another,0.002066115702479339
former,0.006198347107438017
bilateral,0.002066115702479339
muslims,0.002066115702479339
accept,0.008264462809917356
mistakes,0.004132231404958678
handing,0.002066115702479339
match,0.004132231404958678
all,0.012396694214876033
l,0.002066115702479339
by,0.008264462809917356
d,0.002066115702479339
al-balah,0.002066115702479339
chinas,0.002066115702479339
india,0.004132231404958678
toward,0.002066115702479339
past,0.002066115702479339
expat,0.002066115702479339
quite,0.002066115702479339
trump,0.05991735537190083
here,0.002066115702479339
northern,0.002066115702479339
their,0.006198347107438017
russian,0.006198347107438017
on,0.028925619834710745
tiny,0.002066115702479339
of,0.0371900826446281
opportunity,0.002066115702479339
north,0.002066115702479339
deir,0.002066115702479339
southern,0.002066115702479339
states,0.006198347107438017
orb√°n,0.002066115702479339
raja,0.002066115702479339
key,0.004132231404958678
tip,0.002066115702479339
promoting,0.002066115702479339
scale,0.002066115702479339
effort,0.002066115702479339
year,0.002066115702479339
was,0.004132231404958678
helps,0.004132231404958678
lebanon,0.004132231404958678
been,0.002066115702479339
late,0.002066115702479339
following,0.002066115702479339
(in,0.008264462809917356
leaders,0.008264462809917356
be,0.006198347107438017
children,0.002066115702479339
growing,0.002066115702479339
blog,0.002066115702479339
237,0.008264462809917356
israeli,0.004132231404958678
zelenskyy,0.002066115702479339
we,0.010330578512396695
pro-israel,0.002066115702479339
moscowcontributor/getty,0.002066115702479339
today,0.002066115702479339
it,0.004132231404958678
brimming,0.002066115702479339
electronic,0.002066115702479339
putinin,0.002066115702479339
estranged,0.002066115702479339
affairs,0.002066115702479339
country,0.002066115702479339
uses,0.002066115702479339
trade,0.004132231404958678
a,0.03305785123966942
also,0.008264462809917356
america,0.002066115702479339
washington,0.002066115702479339
will,0.01859504132231405
con,0.002066115702479339
this,0.014462809917355372
mobilizing,0.002066115702479339
handle,0.002066115702479339
day,0.002066115702479339
drought,0.002066115702479339
rhetoric,0.004132231404958678
violent,0.002066115702479339
anti-tank,0.002066115702479339
pro-trump,0.002066115702479339
ftcom,0.002066115702479339
county,0.002066115702479339
that,0.002066115702479339
article,0.008264462809917356
beijing,0.002066115702479339
sitting,0.002066115702479339
killed,0.002066115702479339
however,0.002066115702479339
opinion,0.002066115702479339
troops,0.002066115702479339
30oleg,0.002066115702479339
later,0.002066115702479339
one,0.002066115702479339
access,0.008264462809917356
shes,0.002066115702479339
vice,0.002066115702479339
conflicts,0.002066115702479339
how,0.006198347107438017
2024,0.008264462809917356
donald,0.01859504132231405
get,0.002066115702479339
rich,0.002066115702479339
seek,0.002066115702479339
what,0.004132231404958678
officials,0.004132231404958678
ap,0.002066115702479339
chinese,0.002066115702479339
volodymyr,0.002066115702479339
indian,0.002066115702479339
s,0.002066115702479339
history,0.002066115702479339
forming,0.002066115702479339
message,0.002066115702479339
biden,0.004132231404958678
experts,0.002066115702479339
hungary,0.002066115702479339
pushes,0.002066115702479339
countries,0.002066115702479339
w,0.002066115702479339
because,0.002066115702479339
consent,0.008264462809917356
ready,0.002066115702479339
liz,0.002066115702479339
can,0.004132231404958678
polls,0.002066115702479339
ukrainian,0.004132231404958678
fresh,0.002066115702479339
yet,0.002066115702479339
head,0.002066115702479339
hoping,0.002066115702479339
appeared,0.002066115702479339
keepsakes,0.002066115702479339
world,0.010330578512396695
french,0.002066115702479339
chasiv,0.002066115702479339
from,0.012396694214876033
beholden,0.004132231404958678
referred,0.002066115702479339
front,0.002066115702479339
wrong,0.002066115702479339
along,0.002066115702479339
but,0.004132231404958678
including,0.012396694214876033
mechanised,0.002066115702479339
kim,0.002066115702479339
enamored,0.004132231404958678
aff,0.002066115702479339
call,0.002066115702479339
say,0.002066115702479339
measures,0.002066115702479339
being,0.002066115702479339
recorded,0.002066115702479339
hungarian,0.002066115702479339
petrasiuk/ukrainian,0.002066115702479339
an,0.006198347107438017
caribbean,0.002066115702479339
seed,0.002066115702479339
people,0.002066115702479339
radical,0.002066115702479339
at,0.002066115702479339
reason,0.002066115702479339
there,0.002066115702479339
cast,0.002066115702479339
tra,0.002066115702479339
koreas,0.002066115702479339
overseas,0.002066115702479339
experiencegenerate,0.004132231404958678
trumps,0.006198347107438017
comment,0.002066115702479339
takeaways,0.008264462809917356
strip,0.002066115702479339
nato,0.002066115702479339
us,0.014462809917355372
merchandise,0.002066115702479339
is,0.026859504132231406
valuable,0.002066115702479339
her,0.006198347107438017
assess,0.002066115702479339
with,0.012396694214876033
other,0.012396694214876033
our,0.008264462809917356
engage,0.002066115702479339
