,0.01991150442477876
filmúthe,0.0007374631268436578
o,0.0007374631268436578
heres,0.0014749262536873156
part,0.007374631268436578
mike,0.0007374631268436578
named,0.0007374631268436578
gov,0.0007374631268436578
words,0.00663716814159292
mastermind,0.0007374631268436578
dodges,0.0007374631268436578
jan,0.0014749262536873156
straight,0.0007374631268436578
dt,0.0007374631268436578
thriving,0.0007374631268436578
underscored,0.0014749262536873156
ruled,0.0007374631268436578
reported,0.0022123893805309734
senator,0.0007374631268436578
challenge,0.0007374631268436578
around,0.0007374631268436578
please,0.0007374631268436578
more,0.005162241887905605
spacexs,0.0007374631268436578
highly-anticipated,0.0007374631268436578
attend,0.0014749262536873156
summit,0.0007374631268436578
sentencing,0.004424778761061947
broad,0.0007374631268436578
any,0.0007374631268436578
close,0.0014749262536873156
pardon,0.0022123893805309734
helping,0.0007374631268436578
good,0.0014749262536873156
whatever,0.0007374631268436578
vances,0.0014749262536873156
divisive,0.0007374631268436578
campaigned,0.0007374631268436578
psychotherapists,0.0007374631268436578
re,0.0007374631268436578
17,0.0007374631268436578
celebrates,0.0007374631268436578
thursday,0.0029498525073746312
winning,0.0014749262536873156
helped,0.0007374631268436578
improve,0.0007374631268436578
congratulates,0.0007374631268436578
periodically,0.0007374631268436578
owners,0.0007374631268436578
rovers,0.0007374631268436578
records,0.0007374631268436578
briefing,0.0007374631268436578
miles,0.0007374631268436578
nov,0.0022123893805309734
reacted,0.0007374631268436578
residents,0.0007374631268436578
nearly,0.0007374631268436578
llc,0.0014749262536873156
voiced,0.0007374631268436578
dismissed,0.0007374631268436578
actually,0.0007374631268436578
splashy,0.0007374631268436578
ever,0.0007374631268436578
protect,0.0014749262536873156
abolishing,0.0007374631268436578
glee,0.0007374631268436578
gets,0.0029498525073746312
related,0.0007374631268436578
just,0.003687315634218289
investigators,0.0007374631268436578
quiet,0.0007374631268436578
vitriol,0.0007374631268436578
apprentice,0.0007374631268436578
pretty,0.0007374631268436578
elected,0.0007374631268436578
new,0.014749262536873156
thousands,0.0007374631268436578
epstein,0.0014749262536873156
who,0.014011799410029498
demands,0.0007374631268436578
claims,0.0007374631268436578
conclusively,0.0007374631268436578
overseeing,0.0007374631268436578
republicans,0.0007374631268436578
stint,0.0007374631268436578
starting,0.0014749262536873156
delay,0.0014749262536873156
got,0.0007374631268436578
jeffrey,0.0014749262536873156
won,0.0022123893805309734
pennsylvania,0.0014749262536873156
status,0.0014749262536873156
awkwardly,0.0007374631268436578
spread,0.0007374631268436578
inseparable,0.0007374631268436578
set,0.003687315634218289
clone,0.0007374631268436578
h,0.0014749262536873156
leaves,0.0007374631268436578
sweating,0.0007374631268436578
columnist,0.0007374631268436578
his,0.02728613569321534
approved,0.0007374631268436578
alvin,0.0007374631268436578
100,0.0007374631268436578
ratings,0.0007374631268436578
comedians,0.0007374631268436578
even,0.0014749262536873156
room,0.0007374631268436578
sover,0.0007374631268436578
aide,0.0007374631268436578
which,0.0029498525073746312
picks,0.0014749262536873156
after,0.01327433628318584
preelection,0.0007374631268436578
rep,0.0014749262536873156
many,0.0007374631268436578
government,0.0022123893805309734
stars,0.0007374631268436578
roast,0.0007374631268436578
need,0.0007374631268436578
file,0.0007374631268436578
cities,0.0014749262536873156
city,0.0014749262536873156
asked,0.0007374631268436578
op,0.0007374631268436578
person,0.0007374631268436578
online,0.0007374631268436578
single,0.0007374631268436578
viewer,0.0007374631268436578
president,0.016224188790560472
hand,0.0007374631268436578
purchase,0.0007374631268436578
pack,0.0007374631268436578
<,0.0007374631268436578
civil,0.0007374631268436578
wants,0.004424778761061947
critics,0.0014749262536873156
used,0.0007374631268436578
guests,0.0007374631268436578
fight,0.0007374631268436578
(and,0.0007374631268436578
back,0.0029498525073746312
them,0.0007374631268436578
wash,0.0007374631268436578
issued,0.0007374631268436578
young,0.0007374631268436578
father,0.0007374631268436578
pray,0.0007374631268436578
for,0.025073746312684365
úyoung,0.0007374631268436578
warned,0.0007374631268436578
watched,0.0007374631268436578
watters,0.0007374631268436578
see,0.0007374631268436578
thing,0.0007374631268436578
laughs,0.0007374631268436578
comments,0.0022123893805309734
allies,0.0014749262536873156
defending,0.0007374631268436578
to,0.07079646017699115
appears,0.0007374631268436578
margo,0.0007374631268436578
grants,0.0007374631268436578
series,0.0007374631268436578
off-color,0.0007374631268436578
last,0.004424778761061947
husbands,0.0007374631268436578
-,0.0029498525073746312
chummy,0.0007374631268436578
should,0.0014749262536873156
beach,0.0014749262536873156
courts,0.0007374631268436578
therapy,0.0007374631268436578
eric,0.0022123893805309734
held,0.0007374631268436578
oklahoma,0.0007374631268436578
yahoo,0.0007374631268436578
possible,0.0014749262536873156
personalities,0.0007374631268436578
teams,0.0014749262536873156
indictments,0.0014749262536873156
hitler,0.0007374631268436578
citing,0.0007374631268436578
rele,0.0007374631268436578
spent,0.0014749262536873156
cabinet,0.0014749262536873156
allegations,0.0007374631268436578
elon,0.014011799410029498
confidence,0.0014749262536873156
those,0.0022123893805309734
i,0.003687315634218289
house,0.004424778761061947
billion,0.0007374631268436578
lawmakers,0.0007374631268436578
has,0.011799410029498525
environment,0.0007374631268436578
getty,0.0022123893805309734
r,0.0007374631268436578
tainted,0.0007374631268436578
up,0.003687315634218289
singapore,0.0007374631268436578
melania,0.0029498525073746312
heavily,0.0007374631268436578
filed,0.0007374631268436578
speaker,0.0007374631268436578
focuses,0.0007374631268436578
think,0.0014749262536873156
currently,0.0007374631268436578
showed,0.0007374631268436578
trialcurtis,0.0007374631268436578
mayor,0.0007374631268436578
attending,0.0007374631268436578
disputes,0.0007374631268436578
free,0.0007374631268436578
aviation,0.0007374631268436578
úelectric,0.0007374631268436578
interest,0.0007374631268436578
weeks,0.0029498525073746312
emergency,0.0007374631268436578
d,0.0007374631268436578
rules,0.0007374631268436578
continued,0.0014749262536873156
theyre,0.0007374631268436578
hiring,0.0007374631268436578
arguments,0.0007374631268436578
didnt,0.0029498525073746312
flocked,0.0007374631268436578
across,0.0014749262536873156
their,0.0014749262536873156
details,0.0007374631268436578
safety,0.0007374631268436578
violating,0.0007374631268436578
el,0.0007374631268436578
swing,0.0007374631268436578
advisers,0.0007374631268436578
your,0.0007374631268436578
comedian,0.0007374631268436578
starship,0.003687315634218289
treat,0.0007374631268436578
watch,0.0022123893805309734
population,0.0007374631268436578
keep,0.0014749262536873156
thank,0.0007374631268436578
1982,0.0007374631268436578
donning,0.0007374631268436578
views,0.0007374631268436578
doesnt,0.0007374631268436578
onstage,0.0007374631268436578
tapper,0.0029498525073746312
following,0.0014749262536873156
leaders,0.0007374631268436578
absurd,0.0007374631268436578
yells,0.0007374631268436578
rival,0.0007374631268436578
34,0.0014749262536873156
explicitly,0.0007374631268436578
nominee,0.0029498525073746312
taken,0.0007374631268436578
lured,0.0007374631268436578
published,0.0007374631268436578
abu,0.0007374631268436578
stage,0.0007374631268436578
america,0.0007374631268436578
washington,0.0058997050147492625
will,0.011061946902654867
rhetoric,0.0007374631268436578
recent,0.0014749262536873156
free-range,0.0007374631268436578
hear,0.0007374631268436578
that,0.016224188790560472
shapiro,0.0007374631268436578
social-media,0.0007374631268436578
garbage,0.0029498525073746312
evidence,0.0007374631268436578
county,0.0007374631268436578
entourage,0.0007374631268436578
expected,0.0007374631268436578
dodge,0.0007374631268436578
congratulate,0.0007374631268436578
how,0.003687315634218289
halted,0.0014749262536873156
piece,0.0007374631268436578
evangelicals,0.0007374631268436578
aileen,0.0007374631268436578
law,0.0007374631268436578
rallyjabin,0.0007374631268436578
rich,0.0007374631268436578
n,0.0007374631268436578
agencies,0.0007374631268436578
high,0.0007374631268436578
breaking,0.0007374631268436578
firm,0.0007374631268436578
trial,0.0014749262536873156
monday,0.0022123893805309734
po,0.0007374631268436578
making,0.0014749262536873156
few,0.0007374631268436578
entire,0.0014749262536873156
accusing,0.0007374631268436578
individuals,0.0007374631268436578
c,0.0014749262536873156
59%,0.0007374631268436578
because,0.0014749262536873156
liz,0.0022123893805309734
dept,0.0007374631268436578
view,0.0007374631268436578
administrator,0.0007374631268436578
argument,0.0007374631268436578
presi,0.0007374631268436578
prancing,0.0007374631268436578
appeared,0.0014749262536873156
from,0.011061946902654867
came,0.0014749262536873156
uncharacteristically,0.0007374631268436578
while,0.003687315634218289
latest,0.0022123893805309734
statues,0.0014749262536873156
again,0.0007374631268436578
testified,0.0014749262536873156
refuse,0.0007374631268436578
truck,0.0007374631268436578
say,0.0007374631268436578
gives,0.0007374631268436578
behind,0.0014749262536873156
university,0.0007374631268436578
there,0.0007374631268436578
night,0.0029498525073746312
insults,0.0007374631268436578
massive,0.0007374631268436578
2024chip,0.0007374631268436578
secretary,0.0007374631268436578
comment,0.0007374631268436578
order,0.0007374631268436578
coke,0.0007374631268436578
is,0.022861356932153392
pul,0.0007374631268436578
charged,0.0014749262536873156
stans,0.0007374631268436578
received,0.0007374631268436578
comedy,0.0007374631268436578
other,0.009587020648967551
ambulance,0.0007374631268436578
sebastian,0.0014749262536873156
acro,0.0007374631268436578
criminal,0.004424778761061947
large,0.0007374631268436578
popular,0.0007374631268436578
wor,0.0007374631268436578
final,0.0014749262536873156
women,0.0007374631268436578
desantis,0.0014749262536873156
vest,0.0007374631268436578
base,0.0007374631268436578
de,0.0007374631268436578
un,0.0007374631268436578
visit,0.0007374631268436578
dimensions,0.0007374631268436578
images,0.003687315634218289
road,0.0007374631268436578
having,0.0007374631268436578
spend,0.0007374631268436578
required,0.0007374631268436578
dubious,0.0007374631268436578
location,0.0007374631268436578
indefinitelypossibly,0.0007374631268436578
workshopping,0.0007374631268436578
6th,0.0007374631268436578
capitol,0.0007374631268436578
money,0.0029498525073746312
closing,0.0007374631268436578
may,0.0014749262536873156
silk,0.0007374631268436578
upset,0.0007374631268436578
(ap),0.0014749262536873156
defense,0.0007374631268436578
tesla,0.0014749262536873156
tapped,0.0014749262536873156
events,0.0007374631268436578
granddaughter,0.0007374631268436578
send,0.0007374631268436578
preside,0.0007374631268436578
refusing,0.0007374631268436578
joins,0.0007374631268436578
vengeance,0.0007374631268436578
cocaine,0.0007374631268436578
use,0.008112094395280236
gabbard,0.0007374631268436578
retired,0.0007374631268436578
masters,0.0007374631268436578
msnbcs,0.0007374631268436578
against,0.007374631268436578
campaigning,0.0007374631268436578
donate,0.0007374631268436578
proven,0.0007374631268436578
ai,0.0007374631268436578
úactors,0.0007374631268436578
information,0.00663716814159292
theorists,0.0014749262536873156
running,0.0007374631268436578
chairman,0.0007374631268436578
enough,0.0007374631268436578
harris,0.0014749262536873156
ahead,0.0014749262536873156
suggesting,0.0007374631268436578
am,0.0014749262536873156
operates,0.0007374631268436578
show,0.0022123893805309734
tony,0.0022123893805309734
no,0.005162241887905605
hush,0.0022123893805309734
womans,0.0014749262536873156
break,0.0007374631268436578
info,0.0007374631268436578
georgia,0.0014749262536873156
single-handedly,0.0007374631268436578
podcast,0.0014749262536873156
friday,0.0014749262536873156
firing,0.0007374631268436578
útopless,0.0007374631268436578
focal,0.0007374631268436578
search,0.0007374631268436578
launch,0.0022123893805309734
fires,0.0007374631268436578
ellipse,0.0007374631268436578
5,0.0014749262536873156
prez-elect,0.0007374631268436578
lap,0.0014749262536873156
fallen,0.0007374631268436578
story,0.0007374631268436578
way,0.0007374631268436578
video,0.003687315634218289
mich,0.0007374631268436578
hacky,0.0007374631268436578
adult,0.0007374631268436578
then,0.0007374631268436578
eddy,0.0014749262536873156
center,0.0007374631268436578
sta,0.0007374631268436578
consideration,0.0014749262536873156
wrote,0.0014749262536873156
probe,0.0007374631268436578
outcome,0.0007374631268436578
post-screening,0.0007374631268436578
traits,0.0007374631268436578
men,0.0007374631268436578
years,0.0022123893805309734
prejudice,0.0007374631268436578
himself,0.0007374631268436578
permitted,0.0007374631268436578
additional,0.0007374631268436578
feinb,0.0007374631268436578
telegraph,0.0007374631268436578
invites,0.0007374631268436578
crude,0.0007374631268436578
second,0.0014749262536873156
fro,0.0007374631268436578
means,0.0022123893805309734
photos,0.0022123893805309734
generally,0.0007374631268436578
board,0.0014749262536873156
jokes,0.0022123893805309734
colbert,0.0014749262536873156
these,0.0007374631268436578
abruptly,0.0007374631268436578
formed,0.0007374631268436578
through,0.0007374631268436578
attorney,0.00663716814159292
rocket,0.0022123893805309734
conviction,0.0007374631268436578
theyve,0.0007374631268436578
sides,0.0007374631268436578
served,0.0007374631268436578
become,0.0007374631268436578
victory,0.004424778761061947
mumtalakat,0.0014749262536873156
students,0.0007374631268436578
ago,0.0007374631268436578
policy,0.0007374631268436578
dismissing,0.0007374631268436578
keeping,0.0007374631268436578
cant,0.0007374631268436578
hawk,0.0022123893805309734
november,0.0014749262536873156
novi,0.0007374631268436578
allow,0.0007374631268436578
structures,0.0007374631268436578
control,0.0007374631268436578
laughing,0.0007374631268436578
transition,0.0007374631268436578
stock,0.0014749262536873156
january,0.0007374631268436578
expressed,0.0007374631268436578
store,0.00663716814159292
future),0.0007374631268436578
meanwhile,0.0007374631268436578
republican,0.003687315634218289
madison,0.004424778761061947
idea,0.0014749262536873156
photo,0.0007374631268436578
via,0.0022123893805309734
returned,0.0014749262536873156
when,0.0007374631268436578
week,0.004424778761061947
into,0.0029498525073746312
temporary,0.0007374631268436578
felony,0.0007374631268436578
as,0.017699115044247787
tuesday,0.005162241887905605
willing,0.0007374631268436578
citys,0.0014749262536873156
--,0.0022123893805309734
korean,0.0007374631268436578
walk,0.0007374631268436578
criti,0.0007374631268436578
implications,0.0007374631268436578
left,0.0014749262536873156
attempt,0.0007374631268436578
wednesday,0.0014749262536873156
hes,0.0022123893805309734
immigration,0.0007374631268436578
force,0.0014749262536873156
woodward,0.0007374631268436578
win,0.0014749262536873156
kamala,0.0007374631268436578
accompanied,0.0007374631268436578
holding,0.0014749262536873156
war,0.0022123893805309734
thats,0.0007374631268436578
another,0.0014749262536873156
wall,0.0007374631268436578
convicted,0.0014749262536873156
former,0.014011799410029498
bombed,0.0007374631268436578
passenger,0.0007374631268436578
mistakes,0.0007374631268436578
boss,0.0007374631268436578
all,0.008849557522123894
postpones,0.0007374631268436578
by,0.008849557522123894
loyalist,0.0014749262536873156
florida,0.008112094395280236
10,0.0007374631268436578
air,0.0007374631268436578
made,0.0022123893805309734
earlier,0.0007374631268436578
past,0.0007374631268436578
sent,0.0007374631268436578
lashed,0.0007374631268436578
trump,0.10545722713864307
lennard,0.0007374631268436578
news,0.0014749262536873156
now,0.003687315634218289
lawsuit,0.0029498525073746312
on,0.0420353982300885
rescind,0.0007374631268436578
warns,0.0007374631268436578
business,0.0014749262536873156
district,0.0022123893805309734
cause,0.0007374631268436578
justice,0.003687315634218289
wed,0.0007374631268436578
mclarenautomotive,0.0007374631268436578
rally,0.00663716814159292
poten,0.0007374631268436578
q&ampa,0.0007374631268436578
still,0.0014749262536873156
reuters,0.0007374631268436578
seemed,0.0014749262536873156
paving,0.0007374631268436578
(in,0.00663716814159292
be,0.007374631268436578
watching,0.0007374631268436578
musks,0.008112094395280236
beginning,0.0014749262536873156
deliver,0.0007374631268436578
apa,0.0007374631268436578
flight,0.0014749262536873156
away,0.0022123893805309734
suddenly,0.0007374631268436578
we,0.008849557522123894
dc,0.0022123893805309734
apart,0.0007374631268436578
today,0.0007374631268436578
jesse,0.0007374631268436578
scarborough,0.0007374631268436578
country,0.0007374631268436578
time,0.004424778761061947
strong,0.0007374631268436578
postponed,0.0022123893805309734
democratic,0.0007374631268436578
violent,0.0014749262536873156
employees,0.0007374631268436578
my,0.0007374631268436578
describe,0.0007374631268436578
somodevilla/getty,0.0007374631268436578
four,0.0007374631268436578
fox,0.0007374631268436578
however,0.0007374631268436578
she,0.004424778761061947
troops,0.0007374631268436578
opinion,0.0007374631268436578
jd,0.0029498525073746312
anderson,0.0014749262536873156
laughter,0.0007374631268436578
vice,0.0014749262536873156
reasoning,0.0007374631268436578
take,0.003687315634218289
pam,0.0014749262536873156
either,0.0007374631268436578
gaetz,0.004424778761061947
future,0.0007374631268436578
criticism,0.0007374631268436578
(faa),0.0007374631268436578
white,0.0058997050147492625
largely,0.0007374631268436578
every,0.0007374631268436578
appearances,0.0007374631268436578
president-e,0.0007374631268436578
proceedings,0.0007374631268436578
1,0.0022123893805309734
therapist,0.0007374631268436578
grant,0.0007374631268436578
judge,0.004424778761061947
message,0.0007374631268436578
drop,0.0007374631268436578
variety,0.0007374631268436578
least,0.0007374631268436578
consent,0.00663716814159292
ready,0.0014749262536873156
pointed,0.0007374631268436578
dodged,0.0007374631268436578
prepares,0.0007374631268436578
ag,0.0007374631268436578
joint,0.0007374631268436578
world,0.0007374631268436578
fulton,0.0007374631268436578
referred,0.0007374631268436578
mocking,0.0007374631268436578
important,0.0007374631268436578
billionaire,0.003687315634218289
úthe,0.0007374631268436578
chiefs,0.0007374631268436578
encounter,0.0007374631268436578
defends,0.0007374631268436578
administrative,0.0007374631268436578
update,0.0014749262536873156
speaking,0.0007374631268436578
intriguingly,0.0007374631268436578
buddy,0.0007374631268436578
buddi,0.0007374631268436578
an,0.00663716814159292
dinner,0.0007374631268436578
percent,0.0014749262536873156
discrimination,0.0007374631268436578
radical,0.0007374631268436578
at,0.024336283185840708
service,0.0007374631268436578
mate,0.0007374631268436578
why,0.0014749262536873156
gatekeepers,0.0007374631268436578
heading,0.0007374631268436578
practitioners,0.0007374631268436578
plans,0.0014749262536873156
summer,0.0007374631268436578
experiencegenerate,0.0007374631268436578
never,0.0007374631268436578
us,0.0058997050147492625
businesses,0.0007374631268436578
indefinitelypotentially,0.0007374631268436578
husband,0.0007374631268436578
updates,0.0007374631268436578
b,0.0014749262536873156
hits,0.0007374631268436578
punches,0.0007374631268436578
says,0.0022123893805309734
speaks,0.0007374631268436578
triggers,0.0007374631268436578
generate,0.0007374631268436578
withdrawl,0.0007374631268436578
spoke,0.0022123893805309734
murder-for-hire,0.0007374631268436578
might,0.0014749262536873156
responding,0.0007374631268436578
johnson,0.0014749262536873156
otherwise,0.0007374631268436578
&amp,0.007374631268436578
girls,0.0014749262536873156
work,0.0007374631268436578
said,0.003687315634218289
pledged,0.0007374631268436578
congressjeff,0.0007374631268436578
appointments,0.0007374631268436578
friendly,0.0007374631268436578
joking,0.0007374631268436578
bowed,0.0007374631268436578
failed,0.0014749262536873156
efforts,0.0007374631268436578
wordand,0.0007374631268436578
could,0.0014749262536873156
promising,0.0007374631268436578
tv,0.0022123893805309734
out,0.0029498525073746312
similar,0.0007374631268436578
pedophile,0.0007374631268436578
already,0.0022123893805309734
tires,0.0007374631268436578
given,0.0007374631268436578
bob,0.0007374631268436578
do,0.003687315634218289
theyd,0.0007374631268436578
york,0.0058997050147492625
numbersthe,0.0007374631268436578
participation,0.0007374631268436578
texas,0.0007374631268436578
robot,0.0014749262536873156
2020,0.0029498525073746312
meg,0.0007374631268436578
backed,0.0007374631268436578
prosecutors,0.0007374631268436578
example,0.0014749262536873156
court,0.0007374631268436578
wins,0.0007374631268436578
media,0.004424778761061947
celebrities,0.0007374631268436578
over,0.007374631268436578
et,0.0007374631268436578
framework,0.00663716814159292
estimated,0.0007374631268436578
ron,0.0007374631268436578
boosting,0.0014749262536873156
secret,0.0007374631268436578
utilized,0.0007374631268436578
line,0.0022123893805309734
watches,0.0007374631268436578
fiercely,0.0007374631268436578
musician,0.0007374631268436578
martin,0.0007374631268436578
reporting,0.0007374631268436578
federal,0.005162241887905605
plan,0.0007374631268436578
confirmed,0.0007374631268436578
hit,0.0007374631268436578
network,0.0007374631268436578
supposedly,0.0007374631268436578
transparency,0.00663716814159292
sues,0.0007374631268436578
career,0.0007374631268436578
presidency,0.0029498525073746312
true,0.0007374631268436578
saturday,0.0014749262536873156
boosts,0.0007374631268436578
bondi,0.0014749262536873156
w/,0.0007374631268436578
(reuters),0.0014749262536873156
cases,0.0022123893805309734
investigative,0.0014749262536873156
fury,0.0007374631268436578
state,0.0014749262536873156
campaign,0.0058997050147492625
eye,0.0007374631268436578
bond,0.0007374631268436578
they,0.003687315634218289
escalates,0.0007374631268436578
iab,0.00663716814159292
talk,0.0007374631268436578
whats,0.0007374631268436578
natasha,0.0007374631268436578
school,0.0014749262536873156
creator,0.0007374631268436578
three,0.0007374631268436578
questions,0.0014749262536873156
trump-musk,0.0007374631268436578
sunday,0.003687315634218289
negative,0.0007374631268436578
vance,0.0014749262536873156
presidential,0.008112094395280236
gaetzs,0.0007374631268436578
partners,0.00663716814159292
selection,0.0007374631268436578
post/the,0.0007374631268436578
worried,0.0007374631268436578
decisions,0.0007374631268436578
audience,0.0007374631268436578
face,0.0007374631268436578
kids,0.0007374631268436578
waiting,0.0014749262536873156
mother,0.0007374631268436578
months,0.0022123893805309734
reelection,0.0007374631268436578
significant,0.0007374631268436578
rallies,0.0014749262536873156
street,0.0007374631268436578
hinchcliffe,0.0014749262536873156
joe,0.003687315634218289
roles,0.0007374631268436578
americans,0.0007374631268436578
josh,0.0007374631268436578
likely,0.0007374631268436578
ther,0.0007374631268436578
son,0.0007374631268436578
until,0.0022123893805309734
rock,0.0007374631268436578
june,0.0014749262536873156
threatening,0.0007374631268436578
sweet,0.0007374631268436578
eight,0.0007374631268436578
supreme,0.0014749262536873156
arena,0.0007374631268436578
fraud,0.0007374631268436578
aid,0.0007374631268436578
expecting,0.0007374631268436578
exploring,0.0007374631268436578
make,0.0014749262536873156
candidates,0.0007374631268436578
play,0.0007374631268436578
have,0.009587020648967551
deserves,0.0007374631268436578
ariz,0.0007374631268436578
appoint,0.0007374631268436578
consequences,0.0007374631268436578
youngest,0.0007374631268436578
he,0.014011799410029498
looming,0.0007374631268436578
effects,0.0007374631268436578
morning,0.0022123893805309734
if,0.008849557522123894
rican,0.0007374631268436578
wreak,0.0007374631268436578
leader,0.0007374631268436578
name,0.0007374631268436578
stan,0.0007374631268436578
2016,0.0029498525073746312
regulations,0.0014749262536873156
told,0.0014749262536873156
prevents,0.0007374631268436578
comes,0.0007374631268436578
investment,0.0007374631268436578
1974,0.0007374631268436578
remarks,0.0007374631268436578
vids,0.0007374631268436578
down,0.0007374631268436578
double,0.0014749262536873156
and/or,0.00663716814159292
t,0.0029498525073746312
rev,0.0007374631268436578
candidate,0.0014749262536873156
gett,0.0007374631268436578
end,0.0007374631268436578
forbes,0.0007374631268436578
fema,0.0014749262536873156
officejudge,0.0007374631268436578
and,0.03982300884955752
dropped,0.0014749262536873156
shows,0.0022123893805309734
post,0.0014749262536873156
political,0.0014749262536873156
workers,0.0014749262536873156
talking,0.0007374631268436578
jong,0.0007374631268436578
refers,0.0007374631268436578
reminder,0.0007374631268436578
2019,0.0007374631268436578
election,0.011061946902654867
cyvn,0.0007374631268436578
releasing,0.0007374631268436578
309,0.0007374631268436578
adams,0.0014749262536873156
4,0.0007374631268436578
event,0.0014749262536873156
arriving,0.0007374631268436578
thoughts,0.0007374631268436578
economic,0.0014749262536873156
known,0.0007374631268436578
6,0.0014749262536873156
merchan,0.0007374631268436578
commentary,0.0007374631268436578
mattered,0.0007374631268436578
brutal,0.0007374631268436578
wake,0.0007374631268436578
whether,0.0007374631268436578
blow-up,0.0007374631268436578
50,0.0007374631268436578
courtroom,0.0007374631268436578
goin,0.0007374631268436578
paragraph,0.0007374631268436578
internet,0.0007374631268436578
requests,0.0014749262536873156
calling,0.0014749262536873156
stripes,0.0014749262536873156
clear,0.0007374631268436578
stephen,0.0014749262536873156
sundays,0.0007374631268436578
took,0.0014749262536873156
give,0.0007374631268436578
exasperated,0.0007374631268436578
of,0.0471976401179941
robotic,0.0007374631268436578
look,0.0007374631268436578
swiped,0.0007374631268436578
previously,0.0014749262536873156
congressmans,0.0007374631268436578
north,0.0007374631268436578
states,0.0007374631268436578
sarah,0.0007374631268436578
leave,0.0014749262536873156
pick,0.0014749262536873156
some,0.0022123893805309734
key,0.0007374631268436578
latinos,0.0007374631268436578
celebrity,0.0007374631268436578
was,0.01032448377581121
late,0.0014749262536873156
flabbergasted,0.0007374631268436578
orange,0.0022123893805309734
mika,0.0007374631268436578
237,0.00663716814159292
spacex,0.003687315634218289
editorial,0.0014749262536873156
scope,0.0007374631268436578
pre-election,0.0014749262536873156
shameless,0.0007374631268436578
mak,0.0007374631268436578
appearing,0.0007374631268436578
well,0.0014749262536873156
insisting,0.0007374631268436578
adjourn,0.0022123893805309734
looking,0.0014749262536873156
hegseth,0.0007374631268436578
also,0.01032448377581121
residence,0.0014749262536873156
blue-collar,0.0007374631268436578
agenda,0.0007374631268436578
this,0.008849557522123894
land,0.0007374631268436578
bottari/zuffa,0.0007374631268436578
agreed,0.0007374631268436578
crush,0.0007374631268436578
degree,0.0007374631268436578
killed,0.0007374631268436578
gen,0.0007374631268436578
punch,0.0007374631268436578
shes,0.0007374631268436578
one,0.0029498525073746312
democrats,0.0014749262536873156
something,0.0007374631268436578
2024,0.0058997050147492625
hush-money,0.0014749262536873156
power,0.0014749262536873156
what,0.004424778761061947
2018,0.0007374631268436578
glendale,0.0007374631268436578
hinchcliffes,0.0007374631268436578
short,0.0007374631268436578
sexual,0.0014749262536873156
bash,0.0007374631268436578
elect,0.0007374631268436578
claim,0.0014749262536873156
andrew,0.0007374631268436578
msg,0.0007374631268436578
biden,0.004424778761061947
jr,0.003687315634218289
speech,0.0014749262536873156
botsford/the,0.0007374631268436578
can,0.0022123893805309734
garden,0.003687315634218289
gatekeeping,0.0007374631268436578
personal,0.0007374631268436578
lead,0.0014749262536873156
famous,0.0007374631268436578
unger/zuffa,0.0007374631268436578
than,0.0014749262536873156
wife,0.0007374631268436578
such,0.0007374631268436578
brought,0.0022123893805309734
official,0.0014749262536873156
case,0.003687315634218289
him,0.007374631268436578
most,0.003687315634218289
legendary,0.0007374631268436578
supporters,0.0014749262536873156
intercept,0.0007374631268436578
blackmail-able,0.0007374631268436578
avenue,0.0014749262536873156
mar-a-lago,0.003687315634218289
waste,0.0007374631268436578
several,0.0014749262536873156
worth,0.0014749262536873156
varietys,0.0007374631268436578
trumps,0.012536873156342183
complete,0.0007374631268436578
takeaways,0.0014749262536873156
delayed,0.0007374631268436578
rights,0.0007374631268436578
battleground,0.0007374631268436578
old,0.0014749262536873156
times,0.0022123893805309734
counts,0.0007374631268436578
convention,0.0007374631268436578
06,0.0007374631268436578
gop,0.0022123893805309734
attends,0.0007374631268436578
with,0.014749262536873156
our,0.00663716814159292
springsteen,0.0014749262536873156
due,0.0007374631268436578
group,0.0007374631268436578
decision,0.0007374631268436578
included,0.0014749262536873156
seat,0.0007374631268436578
$11,0.0007374631268436578
choke,0.0007374631268436578
hold,0.0007374631268436578
put,0.0007374631268436578
arent,0.0014749262536873156
know,0.0007374631268436578
brzezinski,0.0007374631268436578
under,0.0022123893805309734
infringement,0.0007374631268436578
minute,0.0007374631268436578
placed,0.0014749262536873156
journal,0.0007374631268436578
purcha,0.0007374631268436578
rips,0.0007374631268436578
always,0.0007374631268436578
top,0.0007374631268436578
dhabi-based,0.0007374631268436578
ulbricht,0.0007374631268436578
are,0.014749262536873156
interview,0.0007374631268436578
foreseeable,0.0007374631268436578
its,0.0029498525073746312
electric,0.0007374631268436578
nose,0.0007374631268436578
rare,0.0007374631268436578
hall,0.0014749262536873156
alleging,0.0007374631268436578
vi,0.0007374631268436578
going,0.0022123893805309734
binds,0.0007374631268436578
in,0.03761061946902655
temptation,0.0007374631268436578
general,0.004424778761061947
both,0.0014749262536873156
snl,0.0007374631268436578
13,0.0007374631268436578
úwell,0.0007374631268436578
willis,0.0007374631268436578
copyright,0.0007374631268436578
hosts,0.0014749262536873156
actors,0.0022123893805309734
cannon,0.0007374631268436578
reports,0.0014749262536873156
so,0.0014749262536873156
leading,0.0014749262536873156
were,0.0022123893805309734
return,0.0007374631268436578
or,0.0014749262536873156
further,0.0007374631268436578
staff,0.003687315634218289
truth,0.0007374631268436578
device,0.00663716814159292
administration,0.0058997050147492625
indefinitely,0.0007374631268436578
before,0.0014749262536873156
click,0.00663716814159292
square,0.004424778761061947
defendant,0.0007374631268436578
wave,0.0007374631268436578
firestorm,0.0007374631268436578
site,0.0007374631268436578
fitness,0.0007374631268436578
suing,0.0007374631268436578
potential,0.0022123893805309734
off,0.0022123893805309734
heels,0.0007374631268436578
west,0.0007374631268436578
mockery,0.0014749262536873156
net,0.0007374631268436578
action,0.0007374631268436578
full,0.0014749262536873156
satirical,0.0007374631268436578
crack,0.0007374631268436578
club,0.0014749262536873156
closes,0.0007374631268436578
using,0.0029498525073746312
body,0.0022123893805309734
withdrew,0.0007374631268436578
pool/getty,0.0007374631268436578
eviscerated,0.0007374631268436578
where,0.0007374631268436578
viral,0.0007374631268436578
thunder,0.0007374631268436578
prosecutor,0.0014749262536873156
not,0.0058997050147492625
wasnt,0.0007374631268436578
you,0.008112094395280236
superintendent,0.0007374631268436578
hs,0.0007374631268436578
department,0.0029498525073746312
powerful,0.0007374631268436578
ou,0.0007374631268436578
book,0.0007374631268436578
express,0.0007374631268436578
speakers,0.0007374631268436578
milley,0.0007374631268436578
the,0.10693215339233038
loyalists,0.0007374631268436578
self-driving,0.0007374631268436578
cheney,0.0022123893805309734
ethical,0.0007374631268436578
go,0.0007374631268436578
felon,0.0007374631268436578
supporter,0.0007374631268436578
public,0.0007374631268436578
woman,0.0014749262536873156
cnns,0.0014749262536873156
premise,0.0007374631268436578
americas,0.0014749262536873156
expect,0.0007374631268436578
206000,0.0007374631268436578
influence,0.0014749262536873156
agency,0.0007374631268436578
ask,0.0007374631268436578
point,0.0007374631268436578
anchor,0.0007374631268436578
cooper,0.0014749262536873156
visited,0.0007374631268436578
president-elect,0.01696165191740413
aware,0.0007374631268436578
tremendously,0.0007374631268436578
much,0.0029498525073746312
lives,0.0007374631268436578
app,0.0007374631268436578
investigates,0.0007374631268436578
conspiracy,0.0014749262536873156
settle,0.0007374631268436578
matt,0.0029498525073746312
surprise,0.0007374631268436578
moody,0.0007374631268436578
phone,0.0007374631268436578
bragg,0.0007374631268436578
attack,0.0014749262536873156
army,0.0007374631268436578
starships,0.0007374631268436578
elites,0.0007374631268436578
language,0.0014749262536873156
epstein-trump,0.0007374631268436578
supervisor,0.0007374631268436578
faces,0.0014749262536873156
weekend,0.0022123893805309734
úmandate,0.0007374631268436578
beyonc√©,0.0007374631268436578
seen,0.0007374631268436578
dana,0.0007374631268436578
tapes,0.0007374631268436578
really,0.0022123893805309734
weigh,0.0007374631268436578
according,0.0022123893805309734
racist,0.0022123893805309734
couldnt,0.0007374631268436578
relationship,0.0007374631268436578
episode,0.0007374631268436578
kick,0.0007374631268436578
trying,0.0007374631268436578
shared,0.0007374631268436578
mess,0.0007374631268436578
21,0.0014749262536873156
dangerous,0.0007374631268436578
spending,0.0007374631268436578
since,0.0022123893805309734
offensive,0.0007374631268436578
record,0.0007374631268436578
lynch,0.0007374631268436578
overturn,0.0007374631268436578
statement,0.0007374631268436578
possibly,0.0007374631268436578
had,0.005162241887905605
enemies,0.0007374631268436578
arizona,0.0007374631268436578
outrage,0.0007374631268436578
reflects,0.0007374631268436578
puerto,0.0014749262536873156
manhattan,0.0014749262536873156
posts,0.0007374631268436578
elicit,0.0007374631268436578
juan,0.0007374631268436578
bromance,0.0007374631268436578
principal,0.0014749262536873156
dogs,0.0014749262536873156
reportedly,0.0014749262536873156
ufc,0.0007374631268436578
viper,0.0007374631268436578
grappling,0.0007374631268436578
two,0.0029498525073746312
rallied,0.0007374631268436578
guns,0.0007374631268436578
mark,0.0007374631268436578
current,0.0007374631268436578
cnn,0.0014749262536873156
historically,0.0007374631268436578
lawyer,0.0007374631268436578
enterprise,0.0007374631268436578
judges,0.0007374631268436578
accept,0.00663716814159292
fire,0.0022123893805309734
match,0.0007374631268436578
prison,0.0007374631268436578
announced,0.0007374631268436578
weirdly,0.0007374631268436578
denying,0.0007374631268436578
days,0.0029498525073746312
tens,0.0007374631268436578
stop,0.0007374631268436578
thanksgiving,0.0007374631268436578
palm,0.0014749262536873156
wondered,0.0007374631268436578
charges,0.0007374631268436578
ambulances,0.0007374631268436578
here,0.0029498525073746312
úfalsifying,0.0007374631268436578
ashley,0.0007374631268436578
fani,0.0007374631268436578
only,0.0014749262536873156
actor,0.0007374631268436578
task,0.0007374631268436578
=,0.0007374631268436578
did,0.0014749262536873156
prominent,0.0014749262536873156
oppon,0.0007374631268436578
msnb,0.0007374631268436578
bronze-colored,0.0007374631268436578
pause,0.0014749262536873156
despite,0.0014749262536873156
barron,0.0007374631268436578
sprouting,0.0007374631268436578
bump,0.0007374631268436578
ceo,0.0007374631268436578
year,0.0007374631268436578
scale,0.0007374631268436578
once,0.0022123893805309734
helps,0.0007374631268436578
ross,0.0007374631268436578
been,0.0029498525073746312
correspondent,0.0007374631268436578
shortly,0.0007374631268436578
becoming,0.0007374631268436578
upend,0.0007374631268436578
appearance,0.0022123893805309734
technology,0.0007374631268436578
togetherchris,0.0007374631268436578
progressive,0.0007374631268436578
olentangy,0.0014749262536873156
help,0.0014749262536873156
sin,0.0007374631268436578
looks,0.0007374631268436578
delays,0.0007374631268436578
disinvites,0.0007374631268436578
unconstitutional,0.0007374631268436578
soar,0.0007374631268436578
it,0.004424778761061947
industry,0.0007374631268436578
surveys,0.0007374631268436578
separation,0.0007374631268436578
family,0.0007374631268436578
supported,0.0014749262536873156
next,0.004424778761061947
conversations,0.0007374631268436578
closin,0.0007374631268436578
dhs,0.0007374631268436578
a,0.05309734513274336
friends,0.0007374631268436578
attacks,0.0007374631268436578
19),0.0007374631268436578
saying,0.0007374631268436578
repor,0.0007374631268436578
atlanta,0.0007374631268436578
deplatform,0.0007374631268436578
holdings,0.0007374631268436578
day,0.0022123893805309734
like,0.0014749262536873156
article,0.0014749262536873156
ongoing,0.0007374631268436578
dresses,0.0007374631268436578
provided,0.0007374631268436578
meeting,0.0014749262536873156
access,0.00663716814159292
management,0.0007374631268436578
scot-free,0.0007374631268436578
bruce,0.0014749262536873156
bidens,0.0014749262536873156
donald,0.05309734513274336
acting,0.0007374631268436578
without,0.0014749262536873156
me,0.0007374631268436578
x,0.0014749262536873156
jack,0.0007374631268436578
international,0.0014749262536873156
bryce,0.0014749262536873156
reporter,0.0007374631268436578
support,0.0029498525073746312
ra,0.0007374631268436578
during,0.005162241887905605
would,0.0014749262536873156
efficiency,0.0007374631268436578
muted,0.0007374631268436578
about,0.0058997050147492625
w,0.0014749262536873156
test,0.0014749262536873156
beef,0.0007374631268436578
sixth,0.0022123893805309734
encoun,0.0007374631268436578
yet,0.0007374631268436578
head,0.0007374631268436578
andrews,0.0014749262536873156
ticked,0.0007374631268436578
direct,0.0007374631268436578
trash,0.0007374631268436578
standing,0.0014749262536873156
social,0.003687315634218289
but,0.0029498525073746312
including,0.00663716814159292
tiktoks,0.0007374631268436578
kim,0.0007374631268436578
criswell,0.0007374631268436578
accepted,0.0007374631268436578
th,0.0014749262536873156
union,0.0007374631268436578
jake,0.0029498525073746312
happens,0.0007374631268436578
developmen,0.0007374631268436578
talent,0.0007374631268436578
repeatedly,0.0007374631268436578
apparently,0.0007374631268436578
try,0.0014749262536873156
p,0.0014749262536873156
disables,0.0007374631268436578
garba,0.0007374631268436578
rico,0.0007374631268436578
rfk,0.0014749262536873156
deanne,0.0007374631268436578
first,0.005162241887905605
twitter,0.0022123893805309734
goes,0.0014749262536873156
(nov,0.0007374631268436578
assemble,0.0022123893805309734
musk,0.009587020648967551
her,0.0029498525073746312
taps,0.0007374631268436578
independents,0.0007374631268436578
climbing,0.0007374631268436578
golf,0.0022123893805309734
newsletter,0.0007374631268436578
reporters,0.0022123893805309734
modestly,0.0007374631268436578
j,0.0007374631268436578
