,0.012152777777777778
confirm,0.001736111111111111
heres,0.003472222222222222
part,0.001736111111111111
words,0.001736111111111111
punches,0.001736111111111111
fla),0.001736111111111111
says,0.005208333333333333
straight,0.001736111111111111
speaks,0.001736111111111111
generate,0.003472222222222222
patel,0.001736111111111111
anti-immigration,0.001736111111111111
reported,0.001736111111111111
lovefest,0.001736111111111111
around,0.005208333333333333
more,0.010416666666666666
ice,0.005208333333333333
&amp,0.001736111111111111
pledged,0.001736111111111111
movement,0.001736111111111111
any,0.001736111111111111
promise,0.001736111111111111
good,0.003472222222222222
black,0.001736111111111111
could,0.006944444444444444
suggestin,0.001736111111111111
come,0.001736111111111111
17,0.001736111111111111
thursday,0.001736111111111111
out,0.001736111111111111
millions,0.001736111111111111
contrast,0.001736111111111111
already,0.001736111111111111
improve,0.003472222222222222
do,0.001736111111111111
york,0.003472222222222222
plant,0.001736111111111111
texas,0.010416666666666666
drive,0.001736111111111111
perceived,0.001736111111111111
processing,0.001736111111111111
roundup,0.001736111111111111
backfires,0.001736111111111111
media,0.001736111111111111
over,0.003472222222222222
nilay,0.001736111111111111
framework,0.001736111111111111
estimated,0.001736111111111111
ricans,0.001736111111111111
change,0.001736111111111111
economy,0.001736111111111111
just,0.005208333333333333
voters,0.001736111111111111
reporting,0.003472222222222222
mcallen,0.001736111111111111
federal,0.001736111111111111
immigrants,0.005208333333333333
plan,0.001736111111111111
new,0.008680555555555556
transparency,0.001736111111111111
inbox,0.001736111111111111
úmuslim,0.001736111111111111
who,0.010416666666666666
presidency,0.001736111111111111
claims,0.001736111111111111
confirms,0.001736111111111111
military,0.003472222222222222
104,0.001736111111111111
common,0.001736111111111111
verge,0.001736111111111111
pennsylvania,0.001736111111111111
status,0.001736111111111111
worksite,0.001736111111111111
campaign,0.006944444444444444
promi,0.001736111111111111
iab,0.001736111111111111
by-now,0.001736111111111111
largest,0.003472222222222222
whats,0.003472222222222222
his,0.015625
school,0.001736111111111111
rid,0.001736111111111111
needs,0.005208333333333333
three,0.001736111111111111
sworn,0.001736111111111111
effect,0.001736111111111111
sunday,0.005208333333333333
yorks,0.001736111111111111
keenly,0.001736111111111111
which,0.003472222222222222
presid,0.001736111111111111
sustained,0.001736111111111111
after,0.003472222222222222
groups,0.001736111111111111
partners,0.001736111111111111
many,0.001736111111111111
humans,0.001736111111111111
need,0.003472222222222222
notice,0.005208333333333333
aim,0.001736111111111111
difficult,0.001736111111111111
among,0.001736111111111111
city,0.001736111111111111
months,0.001736111111111111
online,0.001736111111111111
mean,0.001736111111111111
single,0.001736111111111111
ways,0.001736111111111111
hinchcliffe,0.001736111111111111
president,0.012152777777777778
facilities,0.001736111111111111
joe,0.001736111111111111
place,0.005208333333333333
male,0.001736111111111111
stuck,0.001736111111111111
immediately,0.003472222222222222
likely,0.003472222222222222
immigr,0.001736111111111111
extremely,0.001736111111111111
track,0.001736111111111111
wants,0.005208333333333333
migrants,0.001736111111111111
have,0.006944444444444444
young,0.001736111111111111
familiar,0.001736111111111111
occasions,0.001736111111111111
pulls,0.001736111111111111
he,0.012152777777777778
for,0.026041666666666668
morning,0.005208333333333333
felt,0.001736111111111111
policies,0.005208333333333333
if,0.003472222222222222
raids,0.001736111111111111
wokeness,0.003472222222222222
risk,0.001736111111111111
different,0.001736111111111111
comments,0.003472222222222222
calls,0.001736111111111111
us-mexico,0.005208333333333333
to,0.07118055555555555
takes,0.001736111111111111
loans,0.001736111111111111
comes,0.001736111111111111
last,0.001736111111111111
tennessee,0.001736111111111111
remarks,0.003472222222222222
down,0.005208333333333333
and/or,0.001736111111111111
end,0.003472222222222222
and,0.029513888888888888
less,0.001736111111111111
beach,0.001736111111111111
shows,0.001736111111111111
workers,0.001736111111111111
2025,0.001736111111111111
yahoo,0.003472222222222222
backlash,0.001736111111111111
crackdown,0.003472222222222222
election,0.003472222222222222
controversial,0.001736111111111111
úi,0.001736111111111111
house,0.003472222222222222
event,0.001736111111111111
education,0.003472222222222222
has,0.005208333333333333
getty,0.001736111111111111
2023,0.001736111111111111
near,0.001736111111111111
up,0.006944444444444444
theory,0.001736111111111111
childcare,0.001736111111111111
subscribe,0.001736111111111111
numbers,0.001736111111111111
promised,0.005208333333333333
vote,0.003472222222222222
deportation,0.001736111111111111
busses,0.001736111111111111
showed,0.001736111111111111
draw,0.001736111111111111
lack,0.001736111111111111
vowed,0.001736111111111111
ranchland,0.001736111111111111
dozen,0.001736111111111111
indoctrination,0.001736111111111111
property,0.001736111111111111
acts,0.001736111111111111
released,0.001736111111111111
weeks,0.001736111111111111
emergency,0.001736111111111111
plot,0.001736111111111111
toward,0.001736111111111111
clear,0.001736111111111111
push,0.001736111111111111
incoming,0.001736111111111111
took,0.001736111111111111
across,0.001736111111111111
stories,0.001736111111111111
of,0.043402777777777776
cycle,0.001736111111111111
parts,0.001736111111111111
run,0.001736111111111111
your,0.005208333333333333
park,0.001736111111111111
previously,0.001736111111111111
comedian,0.003472222222222222
watch,0.001736111111111111
mind,0.001736111111111111
enforcement,0.001736111111111111
thank,0.001736111111111111
determination,0.003472222222222222
key,0.003472222222222222
some,0.001736111111111111
14,0.001736111111111111
latinos,0.001736111111111111
was,0.010416666666666666
us-canada,0.001736111111111111
thi,0.001736111111111111
offering,0.003472222222222222
237,0.001736111111111111
raided,0.001736111111111111
july,0.001736111111111111
welcome,0.001736111111111111
rival,0.001736111111111111
nominee,0.001736111111111111
student-loan,0.001736111111111111
also,0.003472222222222222
washington,0.003472222222222222
will,0.008680555555555556
this,0.015625
land,0.006944444444444444
recent,0.001736111111111111
border,0.013888888888888888
biking,0.001736111111111111
that,0.013888888888888888
one,0.006944444444444444
expected,0.001736111111111111
puts,0.001736111111111111
how,0.001736111111111111
law,0.001736111111111111
what,0.003472222222222222
sexual,0.003472222222222222
úa,0.001736111111111111
mexico,0.001736111111111111
workplace,0.001736111111111111
rural,0.001736111111111111
history,0.001736111111111111
biden,0.001736111111111111
best,0.001736111111111111
ending,0.003472222222222222
can,0.003472222222222222
eic,0.001736111111111111
garden,0.006944444444444444
than,0.003472222222222222
from,0.012152777777777778
official,0.001736111111111111
him,0.001736111111111111
address,0.001736111111111111
testified,0.003472222222222222
gut,0.001736111111111111
office,0.003472222222222222
insults,0.003472222222222222
corn-growing,0.001736111111111111
headliner,0.001736111111111111
several,0.003472222222222222
detailed,0.001736111111111111
trumps,0.012152777777777778
arresting,0.001736111111111111
takeaways,0.006944444444444444
trans,0.001736111111111111
stay,0.001736111111111111
old,0.001736111111111111
is,0.027777777777777776
with,0.003472222222222222
hires,0.001736111111111111
other,0.003472222222222222
our,0.001736111111111111
poured,0.001736111111111111
included,0.001736111111111111
move,0.001736111111111111
little,0.001736111111111111
ken,0.001736111111111111
final,0.001736111111111111
marked,0.005208333333333333
reclaims,0.001736111111111111
warm-up,0.001736111111111111
undocumented,0.003472222222222222
under,0.005208333333333333
images,0.001736111111111111
having,0.001736111111111111
required,0.001736111111111111
racism,0.001736111111111111
always,0.003472222222222222
top,0.005208333333333333
(palm,0.001736111111111111
commissioner,0.001736111111111111
vision,0.001736111111111111
are,0.010416666666666666
listen,0.001736111111111111
surveillance,0.001736111111111111
its,0.008680555555555556
deportations,0.006944444444444444
money,0.001736111111111111
may,0.006944444444444444
(ap),0.001736111111111111
11,0.001736111111111111
fundamental,0.001736111111111111
in,0.03298611111111111
doing,0.001736111111111111
both,0.001736111111111111
cost,0.001736111111111111
preside,0.001736111111111111
e-verify,0.003472222222222222
use,0.006944444444444444
jenny,0.001736111111111111
check,0.001736111111111111
so,0.005208333333333333
system,0.001736111111111111
borrowers,0.001736111111111111
script,0.001736111111111111
return,0.001736111111111111
were,0.001736111111111111
or,0.003472222222222222
very,0.003472222222222222
ai,0.003472222222222222
wishlist,0.001736111111111111
device,0.001736111111111111
thinks,0.001736111111111111
administration,0.003472222222222222
information,0.001736111111111111
before,0.005208333333333333
click,0.001736111111111111
harris,0.003472222222222222
square,0.006944444444444444
called,0.001736111111111111
station,0.001736111111111111
covering,0.001736111111111111
contributed,0.001736111111111111
tony,0.001736111111111111
potential,0.003472222222222222
no,0.003472222222222222
(,0.001736111111111111
info,0.003472222222222222
headlines,0.001736111111111111
agents,0.001736111111111111
below,0.001736111111111111
crack,0.001736111111111111
podcast,0.001736111111111111
ramping,0.001736111111111111
using,0.005208333333333333
permission,0.001736111111111111
million,0.001736111111111111
where,0.001736111111111111
declaring,0.003472222222222222
not,0.010416666666666666
carry,0.001736111111111111
you,0.005208333333333333
blueprint,0.001736111111111111
powerful,0.001736111111111111
lot,0.001736111111111111
adult,0.001736111111111111
speakers,0.001736111111111111
community,0.001736111111111111
the,0.10590277777777778
seemingly,0.001736111111111111
yankees,0.001736111111111111
floridas,0.001736111111111111
st,0.001736111111111111
elections,0.001736111111111111
revolves,0.001736111111111111
woman,0.003472222222222222
cuccinelli,0.001736111111111111
men,0.003472222222222222
prejudice,0.001736111111111111
years,0.003472222222222222
americas,0.001736111111111111
student,0.001736111111111111
build,0.001736111111111111
crude,0.003472222222222222
delivered,0.001736111111111111
second,0.001736111111111111
president-elect,0.010416666666666666
means,0.003472222222222222
citizenship,0.003472222222222222
patterns,0.001736111111111111
youre,0.001736111111111111
these,0.003472222222222222
easy,0.001736111111111111
through,0.001736111111111111
deport,0.001736111111111111
built,0.001736111111111111
crime,0.001736111111111111
25,0.001736111111111111
goal,0.001736111111111111
become,0.001736111111111111
lititz,0.001736111111111111
seen,0.001736111111111111
keeping,0.003472222222222222
november,0.003472222222222222
chang-rodriguez/bi,0.001736111111111111
anti-transgender,0.001736111111111111
racist,0.008680555555555556
control,0.001736111111111111
meat,0.001736111111111111
quickly,0.001736111111111111
fact,0.001736111111111111
dollars,0.001736111111111111
theres,0.001736111111111111
trumprepublicans,0.001736111111111111
compared,0.001736111111111111
store,0.001736111111111111
cancel,0.001736111111111111
record,0.001736111111111111
returns,0.001736111111111111
absolutely,0.001736111111111111
republican,0.003472222222222222
madison,0.006944444444444444
imp,0.001736111111111111
week,0.001736111111111111
into,0.005208333333333333
podium,0.001736111111111111
proposed,0.001736111111111111
puerto,0.003472222222222222
as,0.013888888888888888
tuesday,0.001736111111111111
worries,0.001736111111111111
--,0.001736111111111111
preparing,0.001736111111111111
incidents,0.001736111111111111
bean,0.001736111111111111
ba,0.001736111111111111
relief,0.003472222222222222
raid,0.001736111111111111
two,0.001736111111111111
migrant,0.001736111111111111
hes,0.006944444444444444
immigration,0.012152777777777778
open,0.001736111111111111
conduct,0.001736111111111111
isnt,0.001736111111111111
automotive,0.001736111111111111
arsenal,0.001736111111111111
changes,0.001736111111111111
thats,0.003472222222222222
seeks,0.001736111111111111
another,0.001736111111111111
former,0.008680555555555556
reading,0.001736111111111111
issues,0.001736111111111111
national,0.001736111111111111
accept,0.001736111111111111
mistakes,0.003472222222222222
match,0.003472222222222222
all,0.006944444444444444
by,0.010416666666666666
birthright,0.003472222222222222
made,0.005208333333333333
earlier,0.001736111111111111
left-wing,0.001736111111111111
criticizing,0.001736111111111111
describing,0.001736111111111111
trump,0.0642361111111111
here,0.003472222222222222
parcel,0.001736111111111111
news,0.001736111111111111
sea,0.001736111111111111
on,0.026041666666666668
cracking,0.001736111111111111
only,0.003472222222222222
real,0.001736111111111111
started,0.001736111111111111
start,0.005208333333333333
despite,0.001736111111111111
rally,0.012152777777777778
reaffirms,0.001736111111111111
year,0.003472222222222222
scale,0.001736111111111111
once,0.001736111111111111
helps,0.003472222222222222
shootings,0.001736111111111111
been,0.003472222222222222
shift,0.001736111111111111
be,0.008680555555555556
(in,0.001736111111111111
chief,0.001736111111111111
help,0.001736111111111111
1402-acre,0.001736111111111111
we,0.001736111111111111
ads,0.001736111111111111
it,0.008680555555555556
measure,0.001736111111111111
area,0.001736111111111111
denaturalization,0.001736111111111111
breathtaking,0.001736111111111111
next,0.001736111111111111
country,0.001736111111111111
time,0.001736111111111111
a,0.04513888888888889
mass,0.006944444444444444
democratic,0.001736111111111111
day,0.001736111111111111
employees,0.001736111111111111
party,0.001736111111111111
article,0.006944444444444444
she,0.001736111111111111
kill,0.001736111111111111
conditions,0.001736111111111111
access,0.001736111111111111
vice,0.001736111111111111
espousing,0.001736111111111111
figures,0.001736111111111111
bidens,0.001736111111111111
daily,0.001736111111111111
donald,0.03298611111111111
drifting,0.001736111111111111
term,0.005208333333333333
voting,0.001736111111111111
get,0.003472222222222222
violence,0.003472222222222222
white,0.003472222222222222
support,0.001736111111111111
todays,0.001736111111111111
during,0.001736111111111111
amid,0.001736111111111111
1,0.001736111111111111
drop,0.001736111111111111
about,0.008680555555555556
w,0.001736111111111111
loridas,0.001736111111111111
consent,0.001736111111111111
sought,0.001736111111111111
least,0.001736111111111111
sb1718,0.001736111111111111
encoun,0.001736111111111111
prepares,0.001736111111111111
world,0.005208333333333333
damage,0.001736111111111111
along,0.001736111111111111
but,0.003472222222222222
including,0.001736111111111111
important,0.001736111111111111
encounter,0.001736111111111111
defends,0.001736111111111111
offers,0.001736111111111111
schools,0.001736111111111111
being,0.003472222222222222
speaking,0.001736111111111111
five,0.001736111111111111
an,0.006944444444444444
prodigious,0.001736111111111111
offered,0.003472222222222222
spring,0.001736111111111111
people,0.001736111111111111
at,0.017361111111111112
p,0.001736111111111111
why,0.005208333333333333
intense,0.001736111111111111
demographic,0.001736111111111111
staging,0.001736111111111111
unexpected,0.001736111111111111
plans,0.003472222222222222
major,0.001736111111111111
experiencegenerate,0.003472222222222222
first,0.005208333333333333
never,0.001736111111111111
repeats,0.001736111111111111
flashpoint,0.001736111111111111
endorsements,0.001736111111111111
f,0.003472222222222222
us,0.005208333333333333
central,0.001736111111111111
businesses,0.001736111111111111
newsletter,0.001736111111111111
journalists,0.001736111111111111
impact,0.001736111111111111
